location,date,day,time,game_number,home_team,home_score,visitor_team,visitor_score,gender,age_group,division_name,location_id
Al Lease Field (11v11),4/12/26,Sun,2:30 PM,10903,Kent   TH,3,Streetsboro,1,Girls,2012(U14),4,500
Al Lease Field (11v11),4/19/26,Sun,5:30 PM,10907,Kent   TH,6,Orange,3,Girls,2012(U14),4,500
Al Lease Field (11v11),4/26/26,Sun,2:30 PM,6012,Kent   BW,,Sandusky,,Boys,2012(U14),2,500
Al Lease Field (11v11),5/10/26,Sun,1:00 PM,10924,Kent   TH,,Northwest,,Girls,2012(U14),4,500
Al Lease Field (11v11),5/17/26,Sun,1:00 PM,10925,Kent   TH,,Perry (Stark),,Girls,2012(U14),4,500
Al Lease Field (11v11),5/17/26,Sun,4:00 PM,4324,Kent   BW,,Twinsburg,,Boys,2013(U13),East 4,500
Al Lease Field (11v11),5/26/26,Tue,6:30 PM,4309,Kent   BW,,Shaker Hts.   RED,,Boys,2013(U13),East 4,500
Al Lease Field (11v11),5/27/26,Wed,6:30 PM,4304,Kent   BW,,Nordonia,,Boys,2013(U13),East 4,500
Al Lease Field (11v11),5/31/26,Sun,1:00 PM,6030,Kent   BW,,Riverside,,Boys,2012(U14),2,500
Al Lease Field (11v11),5/31/26,Sun,2:30 PM,4327,Kent   BW,,Riverside   NS,,Boys,2013(U13),East 4,500
Al Lease Field (11v11),6/6/26,Sat,4:00 PM,6021,Kent   BW,,Shaker Hts.   BLK,,Boys,2012(U14),2,500
Al Lease Field (11v11),6/7/26,Sun,1:00 PM,6017,Kent   BW,,Revere,,Boys,2012(U14),2,500
Amherst Junior High (AJH #12),4/19/26,Sun,2:30 PM,5605,Amherst,2,Twinsburg   Blue,6,Boys,2012(U14),1,308
Amherst Junior High (AJH #12),4/26/26,Sun,4:00 PM,11311,Amherst,,Rocky River,,Girls,2011(U15),4,308
Amherst Junior High (AJH #12),4/29/26,Wed,6:30 PM,5212,Amherst,,Brunswick   RYL,,Boys,2013(U13),West 3,308
Amherst Junior High (AJH #12),4/30/26,Thu,6:30 PM,10514,Amherst,,Fairview Park,,Girls,2012(U14),3,308
Amherst Junior High (AJH #12),5/3/26,Sun,2:30 PM,10518,Amherst,,Madison,,Girls,2012(U14),3,308
Amherst Junior High (AJH #12),5/7/26,Thu,6:00 PM,5208,Amherst,,Port Clinton,,Boys,2013(U13),West 3,308
Amherst Junior High (AJH #12),5/10/26,Sun,2:30 PM,5218,Amherst,,Rocky River   MRN,,Boys,2013(U13),West 3,308
Amherst Junior High (AJH #12),5/17/26,Sun,2:30 PM,5221,Amherst,,Strongsville,,Boys,2013(U13),West 3,308
Amherst Junior High (AJH #12),5/31/26,Sun,2:30 PM,11337,Amherst,,Mayfield   DS,,Girls,2011(U15),4,308
Arrowhead School (Arrowhead 655),4/12/26,Sun,1:00 PM,14702,Copley   Blue,1,Northwest,6,Boys,2016(U10),South 6,169
Arrowhead School (Arrowhead 655),4/21/26,Tue,6:30 PM,15006,Copley,,Medina   16GR,,Girls,2016(U10),South 3,169
Arrowhead School (Arrowhead 655),4/26/26,Sun,4:00 PM,812,Copley   Gold,,Wooster,,Boys,2016(U10),South 4,169
Arrowhead School (Arrowhead 655),5/3/26,Sun,4:00 PM,15011,Copley,,North Royalton,,Girls,2016(U10),South 3,169
Arrowhead School (Arrowhead 655),5/4/26,Mon,6:30 PM,817,Copley   Gold,,Perry (Stark),,Boys,2016(U10),South 4,169
Arrowhead School (Arrowhead 655),5/10/26,Sun,2:30 PM,15003,Copley,,Mustangs Jr,,Girls,2016(U10),South 3,169
Arrowhead School (Arrowhead 655),5/10/26,Sun,4:00 PM,821,Copley   Gold,,Green,,Boys,2016(U10),South 4,169
Arrowhead School (Arrowhead 655),5/17/26,Sun,1:00 PM,13827,Copley,,Brunswick   MW,,Boys,2017(U09),South 5,169
Arrowhead School (Arrowhead 655),5/17/26,Sun,4:00 PM,14715,Copley   Blue,,PLX United,,Boys,2016(U10),South 6,169
Arrowhead School (Arrowhead 655),5/21/26,Thu,6:30 PM,13814,Copley,,Jackson,,Boys,2017(U09),South 5,169
Arrowhead School (Arrowhead 655),5/22/26,Fri,6:30 PM,14710,Copley   Blue,,Revere   BLUE,,Boys,2016(U10),South 6,169
Arrowhead School (Arrowhead 655),5/27/26,Wed,6:30 PM,15020,Copley,,Highland   JM1,,Girls,2016(U10),South 3,169
Arrowhead School (Arrowhead 655),5/31/26,Sun,1:00 PM,14718,Copley   Blue,,Barberton,,Boys,2016(U10),South 6,169
Arrowhead School (Arrowhead 655),5/31/26,Sun,2:30 PM,830,Copley   Gold,,Medina   U10W,,Boys,2016(U10),South 4,169
Arrowhead School (Arrowhead 656),4/12/26,Sun,11:30 AM,3901,Copley   Blue,5,Eagles Select   2014,1,Boys,2014(U12),South 4,169
Arrowhead School (Arrowhead 656),4/12/26,Sun,2:30 PM,9001,Copley   Blue,1,Medina   14GR,6,Girls,2014(U12),South 5,169
Arrowhead School (Arrowhead 656),4/12/26,Sun,4:00 PM,2002,Copley,12,Tallmadge,7,Boys,2015(U11),South 4,169
Arrowhead School (Arrowhead 656),4/12/26,Sun,5:30 PM,4002,Copley   Gold,5,Cuyahoga Falls   JH,0,Boys,2014(U12),South 3,169
Arrowhead School (Arrowhead 656),4/19/26,Sun,11:30 AM,3905,Copley   Blue,3,Wadsworth,2,Boys,2014(U12),South 4,169
Arrowhead School (Arrowhead 656),4/19/26,Sun,4:00 PM,2004,Copley,1,Brecksville Bees SA   R,6,Boys,2015(U11),South 4,169
Arrowhead School (Arrowhead 656),4/21/26,Tue,6:30 PM,15205,Copley   Gold,,Medina   14WT,,Girls,2014(U12),South 3,169
Arrowhead School (Arrowhead 656),4/24/26,Fri,6:00 PM,9005,Copley   Blue,,Mustangs Jr,,Girls,2014(U12),South 5,169
Arrowhead School (Arrowhead 656),4/29/26,Wed,6:30 PM,3916,Copley   Blue,,Highland   JC5,,Boys,2014(U12),South 4,169
Arrowhead School (Arrowhead 656),4/30/26,Thu,6:30 PM,4010,Copley   Gold,,Medina   14Wh,,Boys,2014(U12),South 3,169
Arrowhead School (Arrowhead 656),5/3/26,Sun,2:30 PM,3919,Copley   Blue,,Green,,Boys,2014(U12),South 4,169
Arrowhead School (Arrowhead 656),5/3/26,Sun,5:30 PM,15214,Copley   Gold,,Highland   BD1,,Girls,2014(U12),South 3,169
Arrowhead School (Arrowhead 656),5/10/26,Sun,11:30 AM,2017,Copley,,New Philadelphia,,Boys,2015(U11),South 4,169
Arrowhead School (Arrowhead 656),5/10/26,Sun,2:00 PM,9020,Copley   Blue,,Green,,Girls,2014(U12),South 5,169
Arrowhead School (Arrowhead 656),5/15/26,Fri,6:30 PM,15203,Copley   Gold,,Cuyahoga Falls   MN,,Girls,2014(U12),South 3,169
Arrowhead School (Arrowhead 656),5/17/26,Sun,11:30 AM,4015,Copley   Gold,,Norton,,Boys,2014(U12),South 3,169
Arrowhead School (Arrowhead 656),5/19/26,Tue,6:00 PM,9022,Copley   Blue,,Dover,,Girls,2014(U12),South 5,169
Arrowhead School (Arrowhead 656),5/31/26,Sun,2:30 PM,4018,Copley   Gold,,Dover,,Boys,2014(U12),South 3,169
Arrowhead School (Arrowhead 656),5/31/26,Sun,4:00 PM,2023,Copley,,Buckeye,,Boys,2015(U11),South 4,169
Arrowhead School (Arrowhead 656),5/31/26,Sun,5:30 PM,15222,Copley   Gold,,Parma,,Girls,2014(U12),South 3,169
Arrowhead School (Arrowhead 657),4/12/26,Sun,2:30 PM,13804,Copley,0,Medina   U8Go,2,Boys,2017(U09),South 5,169
Arrowhead School (Arrowhead 657),4/19/26,Sun,1:00 PM,13806,Copley,6,Woodridge,2,Boys,2017(U09),South 5,169
Arrowhead School (Arrowhead 657),4/26/26,Sun,1:00 PM,14914,Copley,,Medina   19GN,,Girls,2017(U09),South 4 EN,169
Arrowhead School (Arrowhead 657),5/5/26,Tue,6:30 PM,14925,Copley,,Highland   BB2,,Girls,2017(U09),South 4 EN,169
Arrowhead School (Arrowhead 657),5/10/26,Sun,5:30 PM,14930,Copley,,Brecksville Bees SA   Y,,Girls,2017(U09),South 4 EN,169
Arrowhead School (Arrowhead 657),5/17/26,Sun,1:00 PM,14934,Copley,,Jackson,,Girls,2017(U09),South 4 EN,169
Art Wright Stadium (11v11),5/31/26,Sun,5:30 PM,10030,Wadsworth,,Cloverleaf,,Boys,2011(U15),South 4,395
Art Wright Stadium (11v11),5/31/26,Sun,7:00 PM,11125,Wadsworth,,Geauga Federation SC,,Girls,2011(U15),3,395
Ashland Comunity Soccer Park (Field 10),4/12/26,Sun,10:00 AM,10704,Ashland,5,Medina   16WT,4,Girls,2016(U10),2,358
Ashland Comunity Soccer Park (Field 10),4/12/26,Sun,1:00 PM,13701,Ashland   18,2,Revere   BLUE,0,Boys,2017(U09),South 3,358
Ashland Comunity Soccer Park (Field 10),4/12/26,Sun,2:30 PM,13703,Ashland,2,Green,4,Boys,2017(U09),South 3,358
Ashland Comunity Soccer Park (Field 10),4/12/26,Sun,4:00 PM,1405,Ashland,4,Medina   U9Wh,3,Boys,2016(U10),South 5,358
Ashland Comunity Soccer Park (Field 10),4/25/26,Sat,4:00 PM,13707,Ashland,,Revere   BLUE,,Boys,2017(U09),South 3,358
Ashland Comunity Soccer Park (Field 10),4/26/26,Sun,10:00 AM,14210,Ashland,,Brunswick   BD,,Girls,2017(U09),2,358
Ashland Comunity Soccer Park (Field 10),4/26/26,Sun,1:00 PM,1411,Ashland,,Brecksville Bees SA   Y,,Boys,2016(U10),South 5,358
Ashland Comunity Soccer Park (Field 10),4/26/26,Sun,5:30 PM,114,Stow   Mar,,Ashland,,Boys,2016(U10),2,358
Ashland Comunity Soccer Park (Field 10),4/28/26,Tue,6:30 PM,11815,Ashland,,Highland   EM4,,Girls,2017(U09),South 3,358
Ashland Comunity Soccer Park (Field 10),4/30/26,Thu,6:30 PM,10714,Ashland,,Olmsted Falls   Blue,,Girls,2016(U10),2,358
Ashland Comunity Soccer Park (Field 10),5/3/26,Sun,11:30 AM,126,Ashland,,Hudson   PRIN,,Boys,2016(U10),2,358
Ashland Comunity Soccer Park (Field 10),5/3/26,Sun,1:00 PM,14220,Ashland,,Avon Lake   GOLD,,Girls,2017(U09),2,358
Ashland Comunity Soccer Park (Field 10),5/3/26,Sun,4:00 PM,138,Ashland,,Solon United   Blue,,Boys,2016(U10),2,358
Ashland Comunity Soccer Park (Field 10),5/5/26,Tue,6:30 PM,13716,Ashland   18,,Ashland,,Boys,2017(U09),South 3,358
Ashland Comunity Soccer Park (Field 10),5/10/26,Sun,1:00 PM,13724,Ashland,,Brunswick   JS,,Boys,2017(U09),South 3,358
Ashland Comunity Soccer Park (Field 10),5/10/26,Sun,4:00 PM,132,Ashland,,Strongsville,,Boys,2016(U10),2,358
Ashland Comunity Soccer Park (Field 10),5/12/26,Tue,6:30 PM,13719,Ashland   18,,Eagles Select   2017,,Boys,2017(U09),South 3,358
Ashland Comunity Soccer Park (Field 10),5/15/26,Fri,6:30 PM,108,Ashland,,Wooster,,Boys,2016(U10),2,358
Ashland Comunity Soccer Park (Field 10),5/17/26,Sun,1:00 PM,14228,Ashland,,Avon   JK,,Girls,2017(U09),2,358
Ashland Comunity Soccer Park (Field 10),5/17/26,Sun,5:30 PM,10727,Ashland,,Shaker Hts.   BLK,,Girls,2016(U10),2,358
Ashland Comunity Soccer Park (Field 10),5/31/26,Sun,1:00 PM,14229,Ashland,,Fairview Park,,Girls,2017(U09),2,358
Ashland Comunity Soccer Park (Field 10),5/31/26,Sun,2:30 PM,11832,Ashland,,Cuyahoga Falls   SV,,Girls,2017(U09),South 3,358
Ashland Comunity Soccer Park (Field 10),5/31/26,Sun,4:00 PM,1437,Ashland,,Perry (Stark),,Boys,2016(U10),South 5,358
Ashland Comunity Soccer Park (Field 11),4/19/26,Sun,11:30 AM,11808,Ashland,4,Medina   17WT,3,Girls,2017(U09),South 3,358
Ashland Comunity Soccer Park (Field 11),4/19/26,Sun,1:00 PM,13705,Ashland   18,5,Cloverleaf,2,Boys,2017(U09),South 3,358
Ashland Comunity Soccer Park (Field 11),4/19/26,Sun,5:30 PM,10706,Ashland,3,Bay Village   BW,0,Girls,2016(U10),2,358
Ashland Comunity Soccer Park (Field 11),5/3/26,Sun,11:30 AM,1422,Ashland,,North Canton   Blk,,Boys,2016(U10),South 5,358
Ashland Comunity Soccer Park (Field 11),5/10/26,Sun,4:00 PM,11823,Ashland,,Revere,,Girls,2017(U09),South 3,358
Ashland Comunity Soccer Park (Field 11),5/17/26,Sun,6:30 PM,13725,Ashland,,Eagles Select   2017,,Boys,2017(U09),South 3,358
Ashland Comunity Soccer Park (Field 6),4/12/26,Sun,3:30 PM,4801,Ashland,3,Westlake   WV,0,Boys,2013(U13),1,358
Ashland Comunity Soccer Park (Field 6),4/17/26,Fri,6:30 PM,10105,Ashland,5,Strongsville,1,Girls,2013(U13),1,358
Ashland Comunity Soccer Park (Field 6),4/26/26,Sun,11:30 AM,5110,Ashland,,Dover,,Boys,2013(U13),South 3,358
Ashland Comunity Soccer Park (Field 6),4/26/26,Sun,5:30 PM,10111,Ashland,,Bay Village   CA,,Girls,2013(U13),1,358
Ashland Comunity Soccer Park (Field 6),4/28/26,Tue,6:30 PM,6312,Ashland,,Lake Select SC   U15,,Boys,2011(U15),South 3,358
Ashland Comunity Soccer Park (Field 6),5/1/26,Fri,6:30 PM,10122,Ashland,,Brunswick   RYL,,Girls,2013(U13),1,358
Ashland Comunity Soccer Park (Field 6),5/3/26,Sun,1:00 PM,5120,Ashland,,Perry (Stark),,Boys,2013(U13),South 3,358
Ashland Comunity Soccer Park (Field 6),5/3/26,Sun,5:30 PM,10821,Ashland,,Twinsburg,,Girls,2012(U14),2,358
Ashland Comunity Soccer Park (Field 6),5/5/26,Tue,6:00 PM,4819,Ashland,,Olmsted Falls   Blue,,Boys,2013(U13),1,358
Ashland Comunity Soccer Park (Field 6),5/10/26,Sun,5:30 PM,6318,Ashland,,Stow   Gold,,Boys,2011(U15),South 3,358
Ashland Comunity Soccer Park (Field 6),5/14/26,Thu,6:30 PM,6321,Ashland,,Copley,,Boys,2011(U15),South 3,358
Ashland Comunity Soccer Park (Field 6),5/17/26,Sun,1:00 PM,5128,Ashland,,New Philadelphia,,Boys,2013(U13),South 3,358
Ashland Comunity Soccer Park (Field 6),5/17/26,Sun,7:00 PM,10831,Ashland,,Shaker Hts.   BLK,,Girls,2012(U14),2,358
Ashland Comunity Soccer Park (Field 6),5/19/26,Tue,6:30 PM,4816,Ashland,,Norton,,Boys,2013(U13),1,358
Ashland Comunity Soccer Park (Field 6),5/29/26,Fri,6:30 PM,4805,Ashland,,Chagrin Falls   Orng,,Boys,2013(U13),1,358
Ashland Comunity Soccer Park (Field 6),5/30/26,Sat,4:00 PM,6308,Ashland,,Manchester,,Boys,2011(U15),South 3,358
Ashland Comunity Soccer Park (Field 6),5/31/26,Sun,11:30 AM,10838,Ashland,,Green   13Bk,,Girls,2012(U14),2,358
Ashland Comunity Soccer Park (Field 6),5/31/26,Sun,1:00 PM,5129,Ashland,,Tallmadge,,Boys,2013(U13),South 3,358
Ashland Comunity Soccer Park (Field 6),5/31/26,Sun,6:00 PM,10137,Ashland,,Rocky River   MRN,,Girls,2013(U13),1,358
Ashland Comunity Soccer Park (Field 6),6/4/26,Thu,6:30 PM,10815,Ashland,,Bay Village   DR,,Girls,2012(U14),2,358
Ashland Comunity Soccer Park (Field 9),4/18/26,Sat,4:00 PM,15603,Ashland,3,Revere   RED,8,Boys,2015(U11),2 South,358
Ashland Comunity Soccer Park (Field 9),4/26/26,Sun,4:00 PM,7609,Ashland,,Norton,,Girls,2015(U11),South 3,358
Ashland Comunity Soccer Park (Field 9),4/28/26,Tue,6:00 PM,7613,Ashland,,Perry (Stark),,Girls,2015(U11),South 3,358
Ashland Comunity Soccer Park (Field 9),5/2/26,Sat,4:00 PM,8810,Ashland,,Bay Village   DC,,Girls,2014(U12),West 4,358
Ashland Comunity Soccer Park (Field 9),5/7/26,Thu,6:30 PM,15614,Ashland,,Medina   15Gr,,Boys,2015(U11),2 South,358
Ashland Comunity Soccer Park (Field 9),5/8/26,Fri,6:30 PM,8802,Ashland,,Rocky River   MRN,,Girls,2014(U12),West 4,358
Ashland Comunity Soccer Park (Field 9),5/17/26,Sun,2:30 PM,8815,Ashland,,Brecksville Bees SA,,Girls,2014(U12),West 4,358
Ashland Comunity Soccer Park (Field 9),5/17/26,Sun,5:30 PM,15605,Ashland,,North Canton,,Boys,2015(U11),2 South,358
Ashland Comunity Soccer Park (Field 9),5/31/26,Sun,2:30 PM,8818,Ashland,,Olmsted Falls   Blue,,Girls,2014(U12),West 4,358
Ashland Comunity Soccer Park (Field 9),5/31/26,Sun,4:00 PM,7631,Ashland,,Lake Select SC   2015,,Girls,2015(U11),South 3,358
Ashland Comunity Soccer Park (Field 9),5/31/26,Sun,5:30 PM,15622,Ashland,,Highland   DT4,,Boys,2015(U11),2 South,358
Ashland Comunity Soccer Park (Field 9),6/6/26,Sat,1:30 PM,7626,Ashland,,Revere   RED,,Girls,2015(U11),South 3,358
Babbitt Road Field (7v7),4/12/26,Sun,2:30 PM,402,Euclid,3,Geauga Federation SC,0,Boys,2016(U10),East 4,111
Babbitt Road Field (7v7),4/26/26,Sun,10:00 AM,411,Euclid,,Wickliffe,,Boys,2016(U10),East 4,111
Babbitt Road Field (7v7),5/3/26,Sun,2:30 PM,418,Euclid,,Streetsboro,,Boys,2016(U10),East 4,111
Babbitt Road Field (7v7),5/10/26,Sun,4:00 PM,422,Euclid,,Shaker Hts.   WHT,,Boys,2016(U10),East 4,111
Barberton Community Sports Complex (405),4/26/26,Sun,2:30 PM,2912,Barberton,,Manchester,,Boys,2015(U11),South 6,578
Barberton Community Sports Complex (405),5/3/26,Sun,2:30 PM,2923,Barberton,,Norton,,Boys,2015(U11),South 6,578
Barberton Community Sports Complex (405),5/10/26,Sun,2:30 PM,2928,Barberton,,Eagles Select   2015,,Boys,2015(U11),South 6,578
Barberton Community Sports Complex (405),5/31/26,Sun,12:30 PM,2936,Barberton,,Wadsworth,,Boys,2015(U11),South 6,578
Barberton Community Sports Complex (406),4/12/26,Sun,2:30 PM,10001,Barberton,1,Mantua,5,Boys,2011(U15),South 4,578
Barberton Community Sports Complex (406),4/19/26,Sun,1:00 PM,10005,Barberton,1,Wadsworth,2,Boys,2011(U15),South 4,578
Barberton Community Sports Complex (406),4/19/26,Sun,2:30 PM,5006,Barberton,4,Mustangs Jr,6,Boys,2013(U13),South 4,578
Barberton Community Sports Complex (406),4/26/26,Sun,1:00 PM,5009,Barberton,,PLX United,,Boys,2013(U13),South 4,578
Barberton Community Sports Complex (406),4/30/26,Thu,6:30 PM,10016,Barberton,,Cuyahoga Falls   GF,,Boys,2011(U15),South 4,578
Barberton Community Sports Complex (406),5/3/26,Sun,1:00 PM,10019,Barberton,,North Canton,,Boys,2011(U15),South 4,578
Barberton Community Sports Complex (406),5/14/26,Thu,6:00 PM,5016,Barberton,,Green,,Boys,2013(U13),South 4,578
Barberton Community Sports Complex (406),6/2/26,Tue,6:00 PM,5011,Barberton,,Highland   CM6,,Boys,2013(U13),South 4,578
Barlow Farm Park (Field 1),4/12/26,Sun,11:30 AM,10401,Hudson   GREE,5,West Geauga,0,Girls,2013(U13),East 3,13
Barlow Farm Park (Field 1),4/12/26,Sun,6:30 PM,4701,Hudson   HARW,0,Shaker Hts.   WHT,4,Boys,2013(U13),East 5,13
Barlow Farm Park (Field 1),4/19/26,Sun,11:30 AM,10405,Hudson   GREE,3,Stow   Mar,0,Girls,2013(U13),East 3,13
Barlow Farm Park (Field 1),4/19/26,Sun,4:00 PM,6404,Hudson   NEGR,1,Madison,1,Boys,2011(U15),East 3,13
Barlow Farm Park (Field 1),4/20/26,Mon,6:30 PM,11207,Hudson   BOWM,,Stow   Mar,,Girls,2011(U15),1,13
Barlow Farm Park (Field 1),4/26/26,Sun,2:30 PM,4707,Hudson   HARW,,Wickliffe,,Boys,2013(U13),East 5,13
Barlow Farm Park (Field 1),5/3/26,Sun,11:30 AM,10419,Hudson   GREE,,Aurora,,Girls,2013(U13),East 3,13
Barlow Farm Park (Field 1),5/3/26,Sun,1:00 PM,4713,Hudson   HARW,,Orange,,Boys,2013(U13),East 5,13
Barlow Farm Park (Field 1),5/4/26,Mon,6:30 PM,11213,Hudson   BOWM,,Highland   JK2,,Girls,2011(U15),1,13
Barlow Farm Park (Field 1),5/6/26,Wed,6:30 PM,10416,Hudson   GREE,,Nordonia,,Girls,2013(U13),East 3,13
Barlow Farm Park (Field 1),5/10/26,Sun,4:00 PM,4634,Hudson   HARB,,Akron Inner City,,Boys,2013(U13),2,13
Barlow Farm Park (Field 1),5/16/26,Sat,2:30 PM,4719,Hudson   HARW,,Eastside Kickers,,Boys,2013(U13),East 5,13
Barlow Farm Park (Field 1),5/17/26,Sun,2:30 PM,10131,Hudson   CARP,,Strongsville,,Girls,2013(U13),1,13
Barlow Farm Park (Field 1),5/18/26,Mon,6:30 PM,11219,Hudson   BOWM,,Strongsville,,Girls,2011(U15),1,13
Barlow Farm Park (Field 1),5/21/26,Thu,6:30 PM,6231,Hudson   KNAP,,Solon United   Blue,,Boys,2011(U15),1,13
Barlow Farm Park (Field 1),5/31/26,Sun,2:30 PM,10138,Hudson   CARP,,Medina   13GN,,Girls,2013(U13),1,13
Barlow Farm Park (Field 1),5/31/26,Sun,6:45 PM,6238,Hudson   KNAP,,Bay Village   SE,,Boys,2011(U15),1,13
Barlow Farm Park (Field 2A),4/12/26,Sun,11:30 AM,14303,Hudson   PEIG,5,Mentor   Red,0,Boys,2017(U09),1,13
Barlow Farm Park (Field 2A),4/12/26,Sun,1:00 PM,12404,Hudson   KENN,6,West Geauga,1,Girls,2017(U09),East 5,13
Barlow Farm Park (Field 2A),4/12/26,Sun,2:30 PM,12604,Hudson   KENN,0,Solon United   Whit,5,Boys,2017(U09),East 4,13
Barlow Farm Park (Field 2A),4/18/26,Sat,2:00 PM,7202,Hudson   SHUT,3,Aurora,8,Girls,2016(U10),East 3,13
Barlow Farm Park (Field 2A),4/19/26,Sun,11:00 AM,12610,Hudson   KENN,4,West Geauga,6,Boys,2017(U09),East 4,13
Barlow Farm Park (Field 2A),4/22/26,Wed,6:30 PM,7207,Hudson   SHUT,,Kent   TS,,Girls,2016(U10),East 3,13
Barlow Farm Park (Field 2A),4/26/26,Sun,12:00 PM,14415,Hudson   SATT,,NP Aurora   WH,,Boys,2017(U09),East 3,13
Barlow Farm Park (Field 2A),5/3/26,Sun,10:00 AM,12629,Hudson   KENN,,Shaker Hts.   WHT,,Boys,2017(U09),East 4,13
Barlow Farm Park (Field 2A),5/3/26,Sun,5:30 PM,7216,Hudson   SHUT,,NP Aurora,,Girls,2016(U10),East 3,13
Barlow Farm Park (Field 2A),5/10/26,Sun,1:00 PM,14127,Hudson   BATS,,Westlake   JD,,Girls,2017(U09),1,13
Barlow Farm Park (Field 2A),5/17/26,Sun,10:00 AM,12427,Hudson   KENN,,Solon United   Blue,,Girls,2017(U09),East 5,13
Barlow Farm Park (Field 2A),5/17/26,Sun,4:00 PM,14431,Hudson   SATT,,Stow   Mar,,Boys,2017(U09),East 3,13
Barlow Farm Park (Field 2A),5/31/26,Sun,11:00 AM,146,Hudson   PRIN,,Bay Village   BK,,Boys,2016(U10),2,13
Barlow Farm Park (Field 2B),4/12/26,Sun,10:00 AM,8302,Hudson   PEIG,4,Mayfield   KHO,2,Girls,2015(U11),1,13
Barlow Farm Park (Field 2B),4/12/26,Sun,4:00 PM,3304,Hudson   SHUT,3,Kenston,5,Boys,2014(U12),East 4,13
Barlow Farm Park (Field 2B),4/19/26,Sun,11:30 AM,3608,Hudson   SFEW,3,Medina   14Gr,5,Boys,2014(U12),1,13
Barlow Farm Park (Field 2B),4/26/26,Sun,10:00 AM,3619,Hudson   SFEW,,Shaker Hts.   BLK,,Boys,2014(U12),1,13
Barlow Farm Park (Field 2B),4/26/26,Sun,11:30 AM,8109,Hudson   SCHA,,West Geauga,,Girls,2015(U11),East 4,13
Barlow Farm Park (Field 2B),5/2/26,Sat,2:30 PM,3318,Hudson   SHUT,,Geneva   15B,,Boys,2014(U12),East 4,13
Barlow Farm Park (Field 2B),5/3/26,Sun,4:00 PM,15117,Hudson   BATS,,Shaker Hts.   BLK,,Girls,2015(U11),East 2,13
Barlow Farm Park (Field 2B),5/3/26,Sun,5:30 PM,3626,Hudson   SFEB,,Lakewood   B14G,,Boys,2014(U12),1,13
Barlow Farm Park (Field 2B),5/5/26,Tue,6:30 PM,8111,Hudson   SCHA,,Riverside,,Girls,2015(U11),East 4,13
Barlow Farm Park (Field 2B),5/10/26,Sun,2:30 PM,15121,Hudson   BATS,,Kenston,,Girls,2015(U11),East 2,13
Barlow Farm Park (Field 2B),5/10/26,Sun,6:45 PM,1919,Hudson   SFER,,Shaker Hts.   SILV,,Boys,2015(U11),East 6,13
Barlow Farm Park (Field 2B),5/17/26,Sun,12:00 PM,8928,Hudson   BEZD,,Shaker Hts.   BLK,,Girls,2014(U12),1,13
Barlow Farm Park (Field 2B),5/17/26,Sun,5:30 PM,3639,Hudson   SFEW,,Hudson   SFEB,,Boys,2014(U12),1,13
Barlow Farm Park (Field 2B),5/31/26,Sun,10:00 AM,8339,Hudson   PEIG,,Brecksville Bees SA   R,,Girls,2015(U11),1,13
Barlow Farm Park (Field 3A),4/16/26,Thu,6:30 PM,12406,Hudson   KENN,5,Stow   Gray,0,Girls,2017(U09),East 5,13
Barlow Farm Park (Field 3A),4/19/26,Sun,4:00 PM,14310,Hudson   PEIG,2,Medina   U9Gr,3,Boys,2017(U09),1,13
Barlow Farm Park (Field 3A),4/26/26,Sun,4:00 PM,410,Hudson   CORV,,Chagrin Falls   Orng,,Boys,2016(U10),East 4,13
Barlow Farm Park (Field 3A),4/29/26,Wed,6:30 PM,14317,Hudson   PEIG,,Westlake,,Boys,2017(U09),1,13
Barlow Farm Park (Field 3A),5/1/26,Fri,6:30 PM,12414,Hudson   KENN,,Shaker Hts.   WHT,,Girls,2017(U09),East 5,13
Barlow Farm Park (Field 3A),5/3/26,Sun,12:00 PM,14421,Hudson   SATT,,Broadview Hts.,,Boys,2017(U09),East 3,13
Barlow Farm Park (Field 3A),5/10/26,Sun,2:30 PM,12635,Hudson   KENN,,Mentor   Gray,,Boys,2017(U09),East 4,13
Barlow Farm Park (Field 3A),5/17/26,Sun,11:30 AM,428,Hudson   CORV,,Euclid,,Boys,2016(U10),East 4,13
Barlow Farm Park (Field 3A),5/28/26,Thu,6:30 PM,429,Hudson   CORV,,Shaker Hts.   WHT,,Boys,2016(U10),East 4,13
Barlow Farm Park (Field 3A),5/31/26,Sun,10:30 AM,14438,Hudson   SATT,,Brunswick   GE,,Boys,2017(U09),East 3,13
Barlow Farm Park (Field 3A),6/4/26,Thu,6:30 PM,14104,Hudson   BATS,,Kenston,,Girls,2017(U09),1,13
Barlow Farm Park (Field 3B),4/12/26,Sun,4:00 PM,3004,Hudson   SATT,3,Bay Village   MiC,6,Boys,2015(U11),2,13
Barlow Farm Park (Field 3B),4/16/26,Thu,6:30 PM,3006,Hudson   SATT,5,Stow   Mar,2,Boys,2015(U11),2,13
Barlow Farm Park (Field 3B),4/19/26,Sun,2:30 PM,8106,Hudson   SCHA,5,Nordonia,0,Girls,2015(U11),East 4,13
Barlow Farm Park (Field 3B),4/21/26,Tue,6:30 PM,3642,Hudson   SFEW,,Bay Village   GE,,Boys,2014(U12),1,13
Barlow Farm Park (Field 3B),4/26/26,Sun,11:00 AM,15112,Hudson   BATS,,Highland   EM4,,Girls,2015(U11),East 2,13
Barlow Farm Park (Field 3B),4/26/26,Sun,1:00 PM,2212,Hudson   SHUT,,Mayfield   RM,,Boys,2015(U11),East 3,13
Barlow Farm Park (Field 3B),4/30/26,Thu,6:30 PM,3621,Hudson   SFEB,,Green,,Boys,2014(U12),1,13
Barlow Farm Park (Field 3B),5/3/26,Sun,4:00 PM,1917,Hudson   SFER,,Mantua,,Boys,2015(U11),East 6,13
Barlow Farm Park (Field 3B),5/3/26,Sun,6:00 PM,8324,Hudson   PEIG,,Bay Village   JTR,,Girls,2015(U11),1,13
Barlow Farm Park (Field 3B),5/6/26,Wed,6:30 PM,8908,Hudson   BEZD,,North Royalton   15P,,Girls,2014(U12),1,13
Barlow Farm Park (Field 3B),5/7/26,Thu,6:30 PM,3014,Hudson   SATT,,Wickliffe,,Boys,2015(U11),2,13
Barlow Farm Park (Field 3B),5/10/26,Sun,2:30 PM,8116,Hudson   SCHA,,Chagrin Falls,,Girls,2015(U11),East 4,13
Barlow Farm Park (Field 3B),5/17/26,Sun,2:30 PM,3329,Hudson   SHUT,,Eastside Kickers,,Boys,2014(U12),East 4,13
Barlow Farm Park (Field 3B),5/19/26,Tue,6:30 PM,3616,Hudson   SFEB,,Medina   14Gr,,Boys,2014(U12),1,13
Barlow Farm Park (Field 3B),5/21/26,Thu,6:30 PM,3311,Hudson   SHUT,,Rootstown,,Boys,2014(U12),East 4,13
Barlow Farm Park (Field 3B),5/29/26,Fri,7:00 PM,8308,Hudson   PEIG,,Brunswick   RYL,,Girls,2015(U11),1,13
Barlow Farm Park (Field 3B),5/31/26,Sun,4:00 PM,9438,Hudson   SHUT,,Mayfield   SS,,Girls,2014(U12),2,13
Barlow Farm Park (Field 4),4/24/26,Fri,6:45 PM,10115,Hudson   CARP,,Perry (Stark),,Girls,2013(U13),1,13
Barlow Farm Park (Field 4),5/3/26,Sun,1:00 PM,10121,Hudson   CARP,,Avon Lake   GOLD,,Girls,2013(U13),1,13
Barlow Farm Park (Field 4),5/3/26,Sun,2:30 PM,4629,Hudson   HARB,,Solon United   Blue,,Boys,2013(U13),2,13
Barlow Farm Park (Field 4),5/6/26,Wed,7:25 PM,11201,Hudson   BOWM,,Jackson,,Girls,2011(U15),1,13
Barlow Farm Park (Field 4),5/15/26,Fri,6:30 PM,4638,Hudson   HARB,,Stow   Mar,,Boys,2013(U13),2,13
Barlow Farm Park (Field 4),5/17/26,Sun,5:30 PM,6424,Hudson   NEGR,,Euclid,,Boys,2011(U15),East 3,13
Barlow Farm Park (Field 4),5/19/26,Tue,6:30 PM,6409,Hudson   NEGR,,Orange,,Boys,2011(U15),East 3,13
Barlow Farm Park (Field 4),5/21/26,Thu,6:30 PM,4623,Hudson   HARB,,Mentor,,Boys,2013(U13),2,13
Barlow Farm Park (Field 4),5/29/26,Fri,6:30 PM,6221,Hudson   KNAP,,Medina   U15G,,Boys,2011(U15),1,13
Barlow Farm Park (Field 4),5/31/26,Sun,5:30 PM,6427,Hudson   NEGR,,Geauga Federation SC,,Boys,2011(U15),East 3,13
Barlow Farm Park (Field 5A),4/14/26,Tue,6:30 PM,9431,Hudson   SHUT,1,Bay Village   KB,6,Girls,2014(U12),2,13
Barlow Farm Park (Field 5A),4/19/26,Sun,5:30 PM,3606,Hudson   SFEB,5,NP Aurora,0,Boys,2014(U12),1,13
Barlow Farm Park (Field 5A),4/26/26,Sun,11:30 AM,1912,Hudson   SFER,,Nordonia,,Boys,2015(U11),East 6,13
Barlow Farm Park (Field 5A),4/26/26,Sun,2:30 PM,9415,Hudson   SHUT,,Twinsburg   Blue,,Girls,2014(U12),2,13
Barlow Farm Park (Field 5A),4/29/26,Wed,6:30 PM,1913,Hudson   SFER,,West Geauga,,Boys,2015(U11),East 6,13
Barlow Farm Park (Field 5A),4/30/26,Thu,6:30 PM,2213,Hudson   SHUT,,Mentor,,Boys,2015(U11),East 3,13
Barlow Farm Park (Field 5A),5/3/26,Sun,4:00 PM,9421,Hudson   SHUT,,Shaker Hts.   RED,,Girls,2014(U12),2,13
Barlow Farm Park (Field 5A),5/3/26,Sun,6:45 PM,2217,Hudson   SHUT,,Shaker Hts.   RED,,Boys,2015(U11),East 3,13
Barlow Farm Park (Field 5A),5/10/26,Sun,5:30 PM,2219,Hudson   SHUT,,Eastside Kickers,,Boys,2015(U11),East 3,13
Barlow Farm Park (Field 5A),5/17/26,Sun,5:30 PM,3027,Hudson   SATT,,Aurora   BLK,,Boys,2015(U11),2,13
Barlow Farm Park (Field 5A),5/27/26,Wed,6:30 PM,8903,Hudson   BEZD,,Kenston,,Girls,2014(U12),1,13
Barlow Farm Park (Field 5A),5/31/26,Sun,5:30 PM,15130,Hudson   BATS,,Twinsburg   Blue,,Girls,2015(U11),East 2,13
Barlow Farm Park (Field 5A),6/1/26,Mon,6:30 PM,8925,Hudson   BEZD,,Brunswick   RYL,,Girls,2014(U12),1,13
Barlow Farm Park (Field 5B),4/17/26,Fri,6:30 PM,14106,Hudson   BATS,5,Mayfield   DW,0,Girls,2017(U09),1,13
Barlow Farm Park (Field 5B),4/26/26,Sun,5:30 PM,115,Hudson   PRIN,,Mayfield   MO,,Boys,2016(U10),2,13
Barlow Farm Park (Field 5B),4/28/26,Tue,6:30 PM,122,Hudson   PRIN,,Solon United   Blue,,Boys,2016(U10),2,13
Barlow Farm Park (Field 5B),5/3/26,Sun,10:00 AM,14308,Hudson   PEIG,,Shaker Hts.   BLK,,Boys,2017(U09),1,13
Barlow Farm Park (Field 5B),5/3/26,Sun,4:00 PM,420,Hudson   CORV,,Eastside Kickers,,Boys,2016(U10),East 4,13
Barlow Farm Park (Field 5B),5/8/26,Fri,6:30 PM,14116,Hudson   BATS,,Shaker Hts.   BLK,,Girls,2017(U09),1,13
Barlow Farm Park (Field 5B),5/10/26,Sun,5:30 PM,7221,Hudson   SHUT,,Solon United   Gold,,Girls,2016(U10),East 3,13
Barlow Farm Park (Field 5B),5/17/26,Sun,4:00 PM,141,Hudson   PRIN,,Avon Lake   BLK,,Boys,2016(U10),2,13
Barton-Bradley Recreation Fields (Field 1),4/12/26,Sun,11:30 AM,15301,North Olmsted,0,Brecksville Bees SA,5,Girls,2013(U13),South 2,337
Barton-Bradley Recreation Fields (Field 1),4/12/26,Sun,1:00 PM,11501,North Olmsted,5,Aurora,0,Girls,2011(U15),2,337
Barton-Bradley Recreation Fields (Field 1),4/12/26,Sun,2:30 PM,6102,North Olmsted,4,Brecksville Bees SA,1,Boys,2011(U15),West 3,337
Barton-Bradley Recreation Fields (Field 1),4/12/26,Sun,5:30 PM,5403,North Olmsted   ORNG,6,TUSA,1,Boys,2012(U14),West 3,337
Barton-Bradley Recreation Fields (Field 1),4/19/26,Sun,2:30 PM,5407,North Olmsted   ORNG,,North Olmsted   BLK,,Boys,2012(U14),West 3,337
Barton-Bradley Recreation Fields (Field 1),4/21/26,Tue,6:30 PM,5412,North Ridgeville,,North Olmsted   ORNG,,Boys,2012(U14),West 3,337
Barton-Bradley Recreation Fields (Field 1),4/22/26,Wed,6:30 PM,11115,North Olmsted,,Medina   12GN,,Girls,2011(U15),3,337
Barton-Bradley Recreation Fields (Field 1),4/26/26,Sun,11:30 AM,11110,North Olmsted,,Wadsworth,,Girls,2011(U15),3,337
Barton-Bradley Recreation Fields (Field 1),4/26/26,Sun,1:00 PM,5410,North Olmsted   BLK,,Avon Lake   MRN,,Boys,2012(U14),West 3,337
Barton-Bradley Recreation Fields (Field 1),4/26/26,Sun,2:30 PM,15307,North Olmsted,,North Royalton,,Girls,2013(U13),South 2,337
Barton-Bradley Recreation Fields (Field 1),4/26/26,Sun,4:00 PM,6111,North Olmsted,,Parma,,Boys,2011(U15),West 3,337
Barton-Bradley Recreation Fields (Field 1),4/26/26,Sun,5:30 PM,11508,North Olmsted,,Twinsburg,,Girls,2011(U15),2,337
Barton-Bradley Recreation Fields (Field 1),5/3/26,Sun,2:30 PM,5420,North Olmsted   BLK,,TUSA,,Boys,2012(U14),West 3,337
Barton-Bradley Recreation Fields (Field 1),5/3/26,Sun,4:00 PM,15313,North Olmsted,,Jackson,,Girls,2013(U13),South 2,337
Barton-Bradley Recreation Fields (Field 1),5/3/26,Sun,5:30 PM,6118,North Olmsted,,Lakewood   B11G,,Boys,2011(U15),West 3,337
Barton-Bradley Recreation Fields (Field 1),5/10/26,Sun,11:30 AM,6122,North Olmsted,,Buckeye,,Boys,2011(U15),West 3,337
Barton-Bradley Recreation Fields (Field 1),5/10/26,Sun,4:00 PM,5424,North Olmsted   ORNG,,Norwalk HCYSC   TP,,Boys,2012(U14),West 3,337
Barton-Bradley Recreation Fields (Field 1),5/10/26,Sun,5:30 PM,11514,North Olmsted,,Green,,Girls,2011(U15),2,337
Barton-Bradley Recreation Fields (Field 1),5/17/26,Sun,11:30 AM,5425,North Olmsted   ORNG,,Avon Lake   MRN,,Boys,2012(U14),West 3,337
Barton-Bradley Recreation Fields (Field 1),5/17/26,Sun,2:30 PM,11123,North Olmsted,,Lakewood   G11G,,Girls,2011(U15),3,337
Barton-Bradley Recreation Fields (Field 1),5/17/26,Sun,6:30 PM,5428,North Olmsted   BLK,,Lakewood   B12P,,Boys,2012(U14),West 3,337
Barton-Bradley Recreation Fields (Field 1),5/28/26,Thu,6:30 PM,5429,North Olmsted   BLK,,Bay Village   MM,,Boys,2012(U14),West 3,337
Barton-Bradley Recreation Fields (Field 1),5/31/26,Sun,4:00 PM,11126,North Olmsted,,Buckeye,,Girls,2011(U15),3,337
Barton-Bradley Recreation Fields (Field 1),6/7/26,Sun,1:00 PM,15319,North Olmsted,,Highland   GP3,,Girls,2013(U13),South 2,337
Barton-Bradley Recreation Fields (Field 1),6/7/26,Sun,6:00 PM,11519,North Olmsted,,Bay Village   ML,,Girls,2011(U15),2,337
Barton-Bradley Recreation Fields (Field 2),4/12/26,Sun,11:30 AM,1501,North Olmsted   BLK,2,Columbia Station,2,Boys,2016(U10),West 4,337
Barton-Bradley Recreation Fields (Field 2),4/12/26,Sun,2:30 PM,12003,North Olmsted,2,Avon Lake   WHT,7,Girls,2017(U09),West 5,337
Barton-Bradley Recreation Fields (Field 2),4/12/26,Sun,4:00 PM,1301,North Olmsted   WHT,3,Fairview Park   MZ,2,Boys,2016(U10),West 7,337
Barton-Bradley Recreation Fields (Field 2),4/13/26,Mon,6:30 PM,13502,North Olmsted   ORNG,6,Independence,1,Boys,2017(U09),2,337
Barton-Bradley Recreation Fields (Field 2),4/16/26,Thu,6:30 PM,12007,North Olmsted,,Lakewood   G17P,,Girls,2017(U09),West 5,337
Barton-Bradley Recreation Fields (Field 2),4/17/26,Fri,6:30 PM,13507,North Olmsted   ORNG,5,Avon Lake,2,Boys,2017(U09),2,337
Barton-Bradley Recreation Fields (Field 2),4/19/26,Sun,1:00 PM,1505,North Olmsted   BLK,3,Westlake   JL,8,Boys,2016(U10),West 4,337
Barton-Bradley Recreation Fields (Field 2),4/22/26,Wed,6:30 PM,7406,North Olmsted,,Sandusky,,Girls,2016(U10),West 3,337
Barton-Bradley Recreation Fields (Field 2),4/26/26,Sun,2:30 PM,13012,North Olmsted   BLK,,Port Clinton,,Boys,2017(U09),West 5,337
Barton-Bradley Recreation Fields (Field 2),4/26/26,Sun,2:30 PM,1308,North Olmsted   WHT,,Midview,,Boys,2016(U10),West 7,337
Barton-Bradley Recreation Fields (Field 2),4/26/26,Sun,6:00 PM,912,North Olmsted   ORNG,,Avon Lake,,Boys,2016(U10),West 3,337
Barton-Bradley Recreation Fields (Field 2),4/28/26,Tue,6:30 PM,1516,North Olmsted   BLK,,Norwalk HCYSC   CW,,Boys,2016(U10),West 4,337
Barton-Bradley Recreation Fields (Field 2),4/29/26,Wed,6:30 PM,6710,North Olmsted,,Avon   JD,,Girls,2016(U10),West 6,337
Barton-Bradley Recreation Fields (Field 2),4/30/26,Thu,6:30 PM,7414,North Olmsted,,Avon   DFH,,Girls,2016(U10),West 3,337
Barton-Bradley Recreation Fields (Field 2),5/3/26,Sun,10:00 AM,917,North Olmsted   ORNG,,Westlake   RR,,Boys,2016(U10),West 3,337
Barton-Bradley Recreation Fields (Field 2),5/3/26,Sun,11:30 AM,1519,North Olmsted   BLK,,LaGrange,,Boys,2016(U10),West 4,337
Barton-Bradley Recreation Fields (Field 2),5/3/26,Sun,2:30 PM,13023,North Olmsted   BLK,,Bay Village   JK,,Boys,2017(U09),West 5,337
Barton-Bradley Recreation Fields (Field 2),5/3/26,Sun,5:30 PM,6715,North Olmsted,,Olmsted Falls   Gold,,Girls,2016(U10),West 6,337
Barton-Bradley Recreation Fields (Field 2),5/10/26,Sun,1:00 PM,13028,North Olmsted   BLK,,Bay Village   BB,,Boys,2017(U09),West 5,337
Barton-Bradley Recreation Fields (Field 2),5/10/26,Sun,2:30 PM,12024,North Olmsted,,Avon   BB,,Girls,2017(U09),West 5,337
Barton-Bradley Recreation Fields (Field 2),5/10/26,Sun,5:30 PM,1314,North Olmsted   WHT,,Parma,,Boys,2016(U10),West 7,337
Barton-Bradley Recreation Fields (Field 2),5/11/26,Mon,6:30 PM,13521,North Olmsted   ORNG,,Strongsville,,Boys,2017(U09),2,337
Barton-Bradley Recreation Fields (Field 2),5/14/26,Thu,6:30 PM,921,North Olmsted   ORNG,,Lakewood   B16P,,Boys,2016(U10),West 3,337
Barton-Bradley Recreation Fields (Field 2),5/17/26,Sun,1:00 PM,6720,North Olmsted,,Rocky River   GRY,,Girls,2016(U10),West 6,337
Barton-Bradley Recreation Fields (Field 2),5/17/26,Sun,2:30 PM,12025,North Olmsted,,Rocky River   GLD,,Girls,2017(U09),West 5,337
Barton-Bradley Recreation Fields (Field 2),5/17/26,Sun,4:00 PM,7427,North Olmsted,,Bay Village   EJ,,Girls,2016(U10),West 3,337
Barton-Bradley Recreation Fields (Field 2),5/19/26,Tue,6:30 PM,926,North Ridgeville   Navy,,North Olmsted   ORNG,,Boys,2016(U10),West 3,337
Barton-Bradley Recreation Fields (Field 2),5/20/26,Wed,6:30 PM,7404,North Olmsted,,Amherst,,Girls,2016(U10),West 3,337
Barton-Bradley Recreation Fields (Field 2),5/21/26,Thu,6:30 PM,1319,North Olmsted   WHT,,TUSA,,Boys,2016(U10),West 7,337
Barton-Bradley Recreation Fields (Field 2),5/26/26,Tue,6:00 PM,6724,North Olmsted,,Parma   CRE,,Girls,2016(U10),West 6,337
Barton-Bradley Recreation Fields (Field 2),5/31/26,Sun,2:30 PM,13036,North Olmsted   BLK,,Parma,,Boys,2017(U09),West 5,337
Barton-Bradley Recreation Fields (Field 2),6/7/26,Sun,1:00 PM,930,North Olmsted   ORNG,,Olmsted Falls   Blue,,Boys,2016(U10),West 3,337
Barton-Bradley Recreation Fields (Field 2),6/7/26,Sun,3:00 PM,13516,North Olmsted   ORNG,,Westlake,,Boys,2017(U09),2,337
Barton-Bradley Recreation Fields (Field 3),4/12/26,Sun,1:00 PM,3403,North Olmsted   BLK,6,Lakewood   B14W,1,Boys,2014(U12),West 5,337
Barton-Bradley Recreation Fields (Field 3),4/14/26,Tue,6:30 PM,8702,North Olmsted,3,Avon   TF,0,Girls,2014(U12),West 5,337
Barton-Bradley Recreation Fields (Field 3),4/19/26,Sun,11:30 AM,1805,North Olmsted,5,Avon,8,Boys,2015(U11),West 3,337
Barton-Bradley Recreation Fields (Field 3),4/19/26,Sun,5:30 PM,3405,North Olmsted   BLK,3,Sandusky,2,Boys,2014(U12),West 5,337
Barton-Bradley Recreation Fields (Field 3),4/26/26,Sun,1:30 PM,8334,North Olmsted,,Hudson   PEIG,,Girls,2015(U11),1,337
Barton-Bradley Recreation Fields (Field 3),4/26/26,Sun,4:00 PM,1801,North Olmsted,,Sandusky,,Boys,2015(U11),West 3,337
Barton-Bradley Recreation Fields (Field 3),4/28/26,Tue,6:30 PM,8710,North Olmsted,,Lakewood   G14P,,Girls,2014(U12),West 5,337
Barton-Bradley Recreation Fields (Field 3),5/3/26,Sun,1:00 PM,3414,North Olmsted   BLK,,Parma,,Boys,2014(U12),West 5,337
Barton-Bradley Recreation Fields (Field 3),5/3/26,Sun,6:00 PM,8325,North Olmsted,,Green   15Bk,,Girls,2015(U11),1,337
Barton-Bradley Recreation Fields (Field 3),5/4/26,Mon,6:00 PM,13409,North Olmsted   ORNG,,Revere   RED,,Boys,2014(U12),2,337
Barton-Bradley Recreation Fields (Field 3),5/5/26,Tue,6:30 PM,13413,North Olmsted   ORNG,,Lake Select SC   2014,,Boys,2014(U12),2,337
Barton-Bradley Recreation Fields (Field 3),5/7/26,Thu,6:30 PM,8718,North Olmsted,,Amherst,,Girls,2014(U12),West 5,337
Barton-Bradley Recreation Fields (Field 3),5/10/26,Sun,5:00 PM,1820,North Olmsted,,Norwalk HCYSC,,Boys,2015(U11),West 3,337
Barton-Bradley Recreation Fields (Field 3),5/12/26,Tue,6:30 PM,8330,North Olmsted,,Mayfield   KHO,,Girls,2015(U11),1,337
Barton-Bradley Recreation Fields (Field 3),5/14/26,Thu,6:30 PM,1822,North Olmsted,,Avon Lake,,Boys,2015(U11),West 3,337
Barton-Bradley Recreation Fields (Field 3),5/17/26,Sun,2:30 PM,13426,North Olmsted   ORNG,,Wadsworth,,Boys,2014(U12),2,337
Barton-Bradley Recreation Fields (Field 3),5/17/26,Sun,5:00 PM,8715,North Olmsted,,Brunswick   WHT,,Girls,2014(U12),West 5,337
Barton-Bradley Recreation Fields (Field 3),5/21/26,Thu,6:00 PM,13431,North Olmsted   ORNG,,Rocky River   MRN,,Boys,2014(U12),2,337
Barton-Bradley Recreation Fields (Field 3),5/27/26,Wed,6:30 PM,8314,North Olmsted,,Brecksville Bees SA   R,,Girls,2015(U11),1,337
Barton-Bradley Recreation Fields (Field 3),5/28/26,Thu,6:30 PM,3422,North Olmsted   BLK,,Fairview Park   BO,,Boys,2014(U12),West 5,337
Bath Community Center (Bath Community Center Field 1),4/28/26,Tue,6:30 PM,6216,Revere,,Brunswick   RYL,,Boys,2011(U15),1,155
Bath Community Center (Bath Community Center Field 1),4/29/26,Wed,6:30 PM,6206,Revere,,Highland   KW1,,Boys,2011(U15),1,155
Bath Community Center (Bath Community Center Field 1),5/2/26,Sat,10:30 AM,6014,Revere,,Shaker Hts.   BLK,,Boys,2012(U14),2,155
Bath Community Center (Bath Community Center Field 1),5/11/26,Mon,6:00 PM,6204,Revere,,Medina   U15G,,Boys,2011(U15),1,155
Bath Community Center (Bath Community Center Field 1),5/15/26,Fri,6:30 PM,10814,Revere   RED,,Strongsville,,Girls,2012(U14),2,155
Bath Community Center (Bath Community Center Field 1),5/19/26,Tue,6:30 PM,10825,Revere   RED,,Green   13Bk,,Girls,2012(U14),2,155
Bath Community Center (Bath Community Center Field 1),5/28/26,Thu,6:30 PM,6227,Revere,,Cuyahoga Falls   RH,,Boys,2011(U15),1,155
Bath Community Center (Bath Community Center Field 1),6/7/26,Sun,5:30 PM,10622,Revere   BLUE,,Lakewood   G12G,,Girls,2012(U14),5,155
Bath Community Center (Bath Community Center Field 2),4/23/26,Thu,6:30 PM,2804,Revere   BLUE,,Perry (Stark),,Boys,2015(U11),South 5,155
Bath Community Center (Bath Community Center Field 2),4/24/26,Fri,6:30 PM,13405,Revere   RED,,Wadsworth,,Boys,2014(U12),2,155
Bath Community Center (Bath Community Center Field 2),4/26/26,Sun,2:00 PM,9511,Revere,,New Philadelphia,,Girls,2014(U12),South 4,155
Bath Community Center (Bath Community Center Field 2),4/26/26,Sun,5:00 PM,3510,Revere   BLUE,,Wooster,,Boys,2014(U12),South 5,155
Bath Community Center (Bath Community Center Field 2),4/28/26,Tue,6:30 PM,15612,Revere   RED,,Ashland,,Boys,2015(U11),2 South,155
Bath Community Center (Bath Community Center Field 2),4/29/26,Wed,6:30 PM,13416,Revere   RED,,Rocky River   MRN,,Boys,2014(U12),2,155
Bath Community Center (Bath Community Center Field 2),4/30/26,Thu,6:30 PM,2814,Revere   BLUE,,Stow   Gold,,Boys,2015(U11),South 5,155
Bath Community Center (Bath Community Center Field 2),5/3/26,Sun,11:30 AM,9518,Revere,,North Royalton,,Girls,2014(U12),South 4,155
Bath Community Center (Bath Community Center Field 2),5/3/26,Sun,4:00 PM,3520,Revere   BLUE,,Medina   14Go,,Boys,2014(U12),South 5,155
Bath Community Center (Bath Community Center Field 2),5/3/26,Sun,5:30 PM,13419,Revere   RED,,Strongsville,,Boys,2014(U12),2,155
Bath Community Center (Bath Community Center Field 2),5/9/26,Sat,3:30 PM,15608,Revere   RED,,Wadsworth,,Boys,2015(U11),2 South,155
Bath Community Center (Bath Community Center Field 2),5/10/26,Sun,11:00 AM,9522,Revere,,Cloverleaf   MS,,Girls,2014(U12),South 4,155
Bath Community Center (Bath Community Center Field 2),5/14/26,Thu,6:30 PM,15618,Revere   RED,,North Canton,,Boys,2015(U11),2 South,155
Bath Community Center (Bath Community Center Field 2),5/17/26,Sun,11:30 AM,3528,Revere   BLUE,,Woodridge,,Boys,2014(U12),South 5,155
Bath Community Center (Bath Community Center Field 2),5/17/26,Sun,2:30 PM,2827,Revere   BLUE,,Cloverleaf,,Boys,2015(U11),South 5,155
Bath Community Center (Bath Community Center Field 2),5/17/26,Sun,4:00 PM,15621,Revere   RED,,Medina   15Gr,,Boys,2015(U11),2 South,155
Bath Community Center (Bath Community Center Field 2),5/31/26,Sun,5:30 PM,3529,Revere   BLUE,,Cloverleaf,,Boys,2014(U12),South 5,155
Baumgardner Middle School (Rear of building),4/19/26,Sun,2:30 PM,2705,Eastside Kickers,,Madison,,Boys,2015(U11),East 5,63
Baumgardner Middle School (Rear of building),4/21/26,Tue,6:30 PM,3309,Eastside Kickers,,Geneva   15B,,Boys,2014(U12),East 4,63
Baumgardner Middle School (Rear of building),4/26/26,Sun,10:00 AM,2210,Eastside Kickers,,Shaker Hts.   RED,,Boys,2015(U11),East 3,63
Baumgardner Middle School (Rear of building),4/26/26,Sun,4:00 PM,3307,Eastside Kickers,,Kenston,,Boys,2014(U12),East 4,63
Baumgardner Middle School (Rear of building),4/28/26,Tue,6:30 PM,2215,Eastside Kickers,,Solon United   Blue,,Boys,2015(U11),East 3,63
Baumgardner Middle School (Rear of building),4/29/26,Wed,6:30 PM,2716,Eastside Kickers,,Willoughby,,Boys,2015(U11),East 5,63
Baumgardner Middle School (Rear of building),5/2/26,Sat,11:00 AM,3302,Eastside Kickers,,Rootstown,,Boys,2014(U12),East 4,63
Baumgardner Middle School (Rear of building),5/3/26,Sun,5:00 PM,2719,Eastside Kickers,,Orange,,Boys,2015(U11),East 5,63
Baumgardner Middle School (Rear of building),5/17/26,Sun,11:00 AM,2223,Eastside Kickers,,Kenston,,Boys,2015(U11),East 3,63
Baumgardner Middle School (Rear of building),5/31/26,Sun,1:30 PM,2226,Eastside Kickers,,Hudson   SHUT,,Boys,2015(U11),East 3,63
Baumgardner Middle School (Rear of building),5/31/26,Sun,6:00 PM,3336,Eastside Kickers,,Shaker Hts.   WHT,,Boys,2014(U12),East 4,63
Bay High School  (BHS Stadium 11v11 turf),4/12/26,Sun,5:30 PM,10804,Bay Village   DR,3,Twinsburg,1,Girls,2012(U14),2,151
Bay High School  (BHS Stadium 11v11 turf),4/19/26,Sun,5:30 PM,5405,Bay Village   MM,1,North Ridgeville,2,Boys,2012(U14),West 3,151
Bay High School  (BHS Stadium 11v11 turf),4/19/26,Sun,7:00 PM,6207,Bay Village   SE,6,Solon United   Blue,1,Boys,2011(U15),1,151
Bay High School  (BHS Stadium 11v11 turf),5/3/26,Sun,4:00 PM,5419,Bay Village   MM,,Avon Lake   MRN,,Boys,2012(U14),West 3,151
Bay High School  (BHS Stadium 11v11 turf),5/10/26,Sun,4:00 PM,4524,Bay Village   TH,,Brecksville Bees SA,,Boys,2013(U13),West 4,151
Bay High School  (BHS Stadium 11v11 turf),5/17/26,Sun,4:00 PM,10326,Bay Village   JK,,Midview   BL,,Girls,2013(U13),West 4,151
Bay High School  (BHS Stadium 11v11 turf),6/7/26,Sun,4:00 PM,6520,Bay Village   GF,,Twinsburg,,Boys,2011(U15),2,151
Bay High School  (BHS Stadium 11v11 turf),6/7/26,Sun,7:00 PM,6226,Bay Village   SE,,West Geauga,,Boys,2011(U15),1,151
Bay High School  (Back Field 1 11v11),4/23/26,Thu,6:30 PM,5416,Bay Village   MM,,North Olmsted   ORNG,,Boys,2012(U14),West 3,151
Bay High School  (Back Field 1 11v11),4/27/26,Mon,6:30 PM,6530,Bay Village   GF,,Olmsted Falls   Blue,,Boys,2011(U15),2,151
Bay High School  (Back Field 1 11v11),4/30/26,Thu,6:30 PM,10120,Bay Village   CA,,Strongsville,,Girls,2013(U13),1,151
Bay High School  (Back Field 1 11v11),5/3/26,Sun,5:30 PM,4627,Bay Village   BW,,Mentor,,Boys,2013(U13),2,151
Bay High School  (Back Field 1 11v11),5/11/26,Mon,6:00 PM,10827,Bay Village   DR,,Chippewa,,Girls,2012(U14),2,151
Bay High School  (Back Field 1 11v11),5/15/26,Fri,6:30 PM,6219,Bay Village   SE,,Cuyahoga Falls   RH,,Boys,2011(U15),1,151
Bay High School  (Back Field 1 11v11),5/18/26,Mon,6:45 PM,6232,Bay Village   SE,,Brunswick   RYL,,Boys,2011(U15),1,151
Bay High School  (Back Field 1 11v11),5/28/26,Thu,7:00 PM,4641,Bay Village   BW,,Stow   Mar,,Boys,2013(U13),2,151
Bay High School  (Back Field 1 11v11),6/4/26,Thu,6:30 PM,6511,Bay Village   GF,,North Royalton,,Boys,2011(U15),2,151
Bay High School  (Back Field 1 11v11),6/7/26,Sun,4:00 PM,10109,Bay Village   CA,,Hudson   CARP,,Girls,2013(U13),1,151
Beaumont School (high school field),4/14/26,Tue,6:30 PM,10402,Eastside Kickers,1,Stow   Mar,2,Girls,2013(U13),East 3,679
Beaver Creek Park (Beaver Creek #10),4/12/26,Sun,2:30 PM,8701,Amherst,5,Lakewood   G14P,0,Girls,2014(U12),West 5,307
Beaver Creek Park (Beaver Creek #10),4/13/26,Mon,6:30 PM,8501,Amherst,4,Olmsted Falls   Gold,1,Girls,2015(U11),West 4,307
Beaver Creek Park (Beaver Creek #10),4/16/26,Thu,6:15 PM,3801,Amherst   CS,5,Firelands,3,Boys,2014(U12),West 3,307
Beaver Creek Park (Beaver Creek #10),4/19/26,Sun,1:00 PM,2508,Amherst   BC,6,Rocky River   MRN,1,Boys,2015(U11),West 4,307
Beaver Creek Park (Beaver Creek #10),4/26/26,Sun,10:30 AM,3817,Amherst   CS,,Westlake   DS,,Boys,2014(U12),West 3,307
Beaver Creek Park (Beaver Creek #10),4/26/26,Sun,1:00 PM,8507,Amherst,,Bay Village   AG,,Girls,2015(U11),West 4,307
Beaver Creek Park (Beaver Creek #10),4/26/26,Sun,5:30 PM,8708,Amherst,,North Olmsted,,Girls,2014(U12),West 5,307
Beaver Creek Park (Beaver Creek #10),4/27/26,Mon,6:30 PM,2515,Amherst   BC,,Bay Village   KD,,Boys,2015(U11),West 4,307
Beaver Creek Park (Beaver Creek #10),4/28/26,Tue,6:30 PM,4115,Amherst   JH,,Westlake   JJ,,Boys,2014(U12),West 4,307
Beaver Creek Park (Beaver Creek #10),5/3/26,Sun,3:30 PM,4110,Amherst   JH,,Avon Lake   MRN,,Boys,2014(U12),West 4,307
Beaver Creek Park (Beaver Creek #10),5/3/26,Sun,5:30 PM,8513,Amherst,,TUSA,,Girls,2015(U11),West 4,307
Beaver Creek Park (Beaver Creek #10),5/4/26,Mon,6:15 PM,2510,Amherst,,Amherst   BC,,Boys,2015(U11),West 4,307
Beaver Creek Park (Beaver Creek #10),5/7/26,Thu,6:15 PM,3822,Amherst   CS,,LaGrange,,Boys,2014(U12),West 3,307
Beaver Creek Park (Beaver Creek #10),5/10/26,Sun,11:30 AM,3831,Amherst   CS,,Strongsville,,Boys,2014(U12),West 3,307
Beaver Creek Park (Beaver Creek #10),5/10/26,Sun,5:30 PM,8714,Amherst,,Avon   TF,,Girls,2014(U12),West 5,307
Beaver Creek Park (Beaver Creek #10),5/11/26,Mon,6:30 PM,2523,Amherst   BC,,Olmsted Falls   Gold,,Boys,2015(U11),West 4,307
Beaver Creek Park (Beaver Creek #10),5/12/26,Tue,6:30 PM,8719,Amherst,,Brunswick   WHT,,Girls,2014(U12),West 5,307
Beaver Creek Park (Beaver Creek #10),5/14/26,Thu,6:30 PM,2529,Amherst,,Fairview Park,,Boys,2015(U11),West 4,307
Beaver Creek Park (Beaver Creek #10),5/17/26,Sun,2:30 PM,2528,Amherst,,Rocky River   MRN,,Boys,2015(U11),West 4,307
Beaver Creek Park (Beaver Creek #10),5/17/26,Sun,4:00 PM,4123,Amherst   JH,,TUSA,,Boys,2014(U12),West 4,307
Beaver Creek Park (Beaver Creek #10),5/18/26,Mon,6:30 PM,2520,Amherst,,Olmsted Falls   Gold,,Boys,2015(U11),West 4,307
Beaver Creek Park (Beaver Creek #10),5/27/26,Wed,6:30 PM,2532,Amherst   BC,,Bay Village   MH,,Boys,2015(U11),West 4,307
Beaver Creek Park (Beaver Creek #10),5/31/26,Sun,5:30 PM,4126,Amherst   JH,,North Ridgeville   Gold,,Boys,2014(U12),West 4,307
Becker Field (Becker Field U13),4/19/26,Sun,2:30 PM,5108,Dover,0,New Philadelphia,5,Boys,2013(U13),South 3,597
Becker Field (Becker Field U13),4/25/26,Sat,2:00 PM,11413,Dover,,Manchester,,Girls,2011(U15),5,597
Becker Field (Becker Field U13),4/26/26,Sun,4:00 PM,9710,Dover,,Chippewa,,Girls,2013(U13),South 3,597
Becker Field (Becker Field U13),4/26/26,Sun,5:30 PM,11409,Dover,,Mustangs Jr,,Girls,2011(U15),5,597
Becker Field (Becker Field U13),4/30/26,Thu,6:30 PM,5115,Dover,,Lake Select SC   2013,,Boys,2013(U13),South 3,597
Becker Field (Becker Field U13),5/10/26,Sun,2:30 PM,5123,Dover,,Perry (Stark),,Boys,2013(U13),South 3,597
Becker Field (Becker Field U13),5/16/26,Sat,3:00 PM,9726,Dover,,Manchester,,Girls,2013(U13),South 3,597
Becker Field (Becker Field U13),5/17/26,Sun,1:00 PM,11426,Dover,,Geneva   11G,,Girls,2011(U15),5,597
Becker Field (Becker Field U13),5/17/26,Sun,2:30 PM,9723,Dover,,Lake Select SC   1314,,Girls,2013(U13),South 3,597
Becker Field (Becker Field U13),5/21/26,Thu,6:30 PM,9715,Dover,,PLX United,,Girls,2013(U13),South 3,597
Becker Field (Becker Field U13),5/31/26,Sun,2:30 PM,5132,Dover,,Wadsworth,,Boys,2013(U13),South 3,597
Becker Field (Becker Field U13),5/31/26,Sun,4:00 PM,11431,Dover,,Louisville,,Girls,2011(U15),5,597
Blossom Hill (Field G- Lower Grass),4/12/26,Sun,10:00 AM,2702,Brecksville Bees SA   Y,1,Madison,5,Boys,2015(U11),East 5,372
Blossom Hill (Field G- Lower Grass),4/12/26,Sun,2:30 PM,2001,Brecksville Bees SA   R,4,Buckeye,3,Boys,2015(U11),South 4,372
Blossom Hill (Field G- Lower Grass),4/12/26,Sun,4:00 PM,7801,Brecksville Bees SA   Y,2,Buckeye,0,Girls,2015(U11),South 4,372
Blossom Hill (Field G- Lower Grass),4/12/26,Sun,5:30 PM,8301,Brecksville Bees SA   R,4,Green   15Bk,4,Girls,2015(U11),1,372
Blossom Hill (Field G- Lower Grass),4/17/26,Fri,6:30 PM,3701,Brecksville Bees SA   R,0,Stow   Mar,3,Boys,2014(U12),East 2,372
Blossom Hill (Field G- Lower Grass),4/19/26,Sun,2:30 PM,3705,Brecksville Bees SA   R,1,Geauga Federation SC,0,Boys,2014(U12),East 2,372
Blossom Hill (Field G- Lower Grass),4/26/26,Sun,1:00 PM,4514,Brecksville Bees SA,,Avon Lake   MRN,,Boys,2013(U13),West 4,372
Blossom Hill (Field G- Lower Grass),4/26/26,Sun,2:30 PM,2711,Brecksville Bees SA   Y,,Solon United   Whit,,Boys,2015(U11),East 5,372
Blossom Hill (Field G- Lower Grass),4/26/26,Sun,5:30 PM,2007,Brecksville Bees SA   R,,New Philadelphia,,Boys,2015(U11),South 4,372
Blossom Hill (Field G- Lower Grass),4/28/26,Tue,6:30 PM,8809,Brecksville Bees SA,,Olmsted Falls   Blue,,Girls,2014(U12),West 4,372
Blossom Hill (Field G- Lower Grass),5/3/26,Sun,1:00 PM,7813,Brecksville Bees SA   Y,,Dover,,Girls,2015(U11),South 4,372
Blossom Hill (Field G- Lower Grass),5/3/26,Sun,2:30 PM,2718,Brecksville Bees SA   Y,,Willoughby,,Boys,2015(U11),East 5,372
Blossom Hill (Field G- Lower Grass),5/3/26,Sun,4:00 PM,3719,Brecksville Bees SA   R,,Mayfield   MW,,Boys,2014(U12),East 2,372
Blossom Hill (Field G- Lower Grass),5/3/26,Sun,5:30 PM,2013,Brecksville Bees SA   R,,Strongsville,,Boys,2015(U11),South 4,372
Blossom Hill (Field G- Lower Grass),5/9/26,Sat,2:30 PM,7807,Brecksville Bees SA   Y,,Highland   BM3,,Girls,2015(U11),South 4,372
Blossom Hill (Field G- Lower Grass),5/10/26,Sun,11:30 AM,2722,Brecksville Bees SA   Y,,Eastside Kickers,,Boys,2015(U11),East 5,372
Blossom Hill (Field G- Lower Grass),5/10/26,Sun,1:00 PM,8310,Brecksville Bees SA   R,,Cuyahoga Falls   GL,,Girls,2015(U11),1,372
Blossom Hill (Field G- Lower Grass),5/10/26,Sun,2:30 PM,8805,Brecksville Bees SA,,Ashland,,Girls,2014(U12),West 4,372
Blossom Hill (Field G- Lower Grass),5/10/26,Sun,5:30 PM,8813,Brecksville Bees SA,,Bay Village   DC,,Girls,2014(U12),West 4,372
Blossom Hill (Field G- Lower Grass),5/16/26,Sat,2:30 PM,7819,Brecksville Bees SA   Y,,Green,,Girls,2015(U11),South 4,372
Blossom Hill (Field G- Lower Grass),5/17/26,Sun,1:00 PM,8333,Brecksville Bees SA   R,,Avon   BE,,Girls,2015(U11),1,372
Blossom Hill (Field G- Lower Grass),5/17/26,Sun,5:30 PM,2019,Brecksville Bees SA   R,,Copley,,Boys,2015(U11),South 4,372
Blossom Hill (Field G- Lower Grass),5/30/26,Sat,11:00 AM,3716,Brecksville Bees SA   R,,Kent   BW,,Boys,2014(U12),East 2,372
Blossom Hill (Field G- Lower Grass),5/31/26,Sun,5:30 PM,8817,Brecksville Bees SA,,Rocky River   MRN,,Girls,2014(U12),West 4,372
Blossom Hill (Field G- Lower Grass),6/7/26,Sun,1:00 PM,8317,Brecksville Bees SA   R,,Mayfield   KHO,,Girls,2015(U11),1,372
Blossom Hill (Field G- Upper A),4/12/26,Sun,1:00 PM,12606,Brecksville Bees SA   Y,7,Mentor   Gray,9,Boys,2017(U09),East 4,372
Blossom Hill (Field G- Upper A),4/12/26,Sun,2:30 PM,12602,Brecksville Bees SA   R,0,North Royalton,1,Boys,2017(U09),East 4,372
Blossom Hill (Field G- Upper A),4/12/26,Sun,5:30 PM,10703,Brecksville Bees SA   R,4,Bay Village   BW,0,Girls,2016(U10),2,372
Blossom Hill (Field G- Upper A),4/19/26,Sun,1:00 PM,110,Brecksville Bees SA   R,5,Solon United   Blue,9,Boys,2016(U10),2,372
Blossom Hill (Field G- Upper A),4/19/26,Sun,2:30 PM,12612,Brecksville Bees SA   R,4,Solon United   Whit,5,Boys,2017(U09),East 4,372
Blossom Hill (Field G- Upper A),4/26/26,Sun,11:30 AM,7508,Brecksville Bees SA   Y,,Norwalk HCYSC   MW,,Girls,2016(U10),West 5,372
Blossom Hill (Field G- Upper A),4/26/26,Sun,1:00 PM,11810,Brecksville Bees SA   R,,Ashland,,Girls,2017(U09),South 3,372
Blossom Hill (Field G- Upper A),4/26/26,Sun,4:00 PM,14915,Brecksville Bees SA   Y,,Lake Select SC,,Girls,2017(U09),South 4 EN,372
Blossom Hill (Field G- Upper A),5/1/26,Fri,6:30 PM,12624,Brecksville Bees SA   Y,,Shaker Hts.   WHT,,Boys,2017(U09),East 4,372
Blossom Hill (Field G- Upper A),5/3/26,Sun,11:30 AM,129,Brecksville Bees SA   R,,Bay Village   BK,,Boys,2016(U10),2,372
Blossom Hill (Field G- Upper A),5/3/26,Sun,1:00 PM,12628,Brecksville Bees SA   Y,,West Geauga,,Boys,2017(U09),East 4,372
Blossom Hill (Field G- Upper A),5/3/26,Sun,2:30 PM,11820,Brecksville Bees SA   R,,Revere,,Girls,2017(U09),South 3,372
Blossom Hill (Field G- Upper A),5/3/26,Sun,4:00 PM,14921,Brecksville Bees SA   Y,,Medina   17GR,,Girls,2017(U09),South 4 EN,372
Blossom Hill (Field G- Upper A),5/10/26,Sun,11:30 AM,1420,Brecksville Bees SA   Y,,Medina   U9Wh,,Boys,2016(U10),South 5,372
Blossom Hill (Field G- Upper A),5/10/26,Sun,11:30 AM,10724,Brecksville Bees SA   R,,Ashland,,Girls,2016(U10),2,372
Blossom Hill (Field G- Upper A),5/10/26,Sun,1:00 PM,7518,Brecksville Bees SA   Y,,Lakewood   G16P,,Girls,2016(U10),West 5,372
Blossom Hill (Field G- Upper A),5/10/26,Sun,2:30 PM,135,Brecksville Bees SA   R,,Avon Lake   BLK,,Boys,2016(U10),2,372
Blossom Hill (Field G- Upper A),5/17/26,Sun,10:00 AM,11828,Brecksville Bees SA   R,,Medina   17WT,,Girls,2017(U09),South 3,372
Blossom Hill (Field G- Upper A),5/17/26,Sun,1:00 PM,14931,Brecksville Bees SA   Y,,North Canton,,Girls,2017(U09),South 4 EN,372
Blossom Hill (Field G- Upper A),5/17/26,Sun,2:30 PM,10725,Brecksville Bees SA   R,,Medina   16WT,,Girls,2016(U10),2,372
Blossom Hill (Field G- Upper A),5/17/26,Sun,4:00 PM,7521,Brecksville Bees SA   Y,,North Ridgeville,,Girls,2016(U10),West 5,372
Blossom Hill (Field G- Upper A),5/31/26,Sun,8:30 AM,14938,Brecksville Bees SA   Y,,Highland   BB2,,Girls,2017(U09),South 4 EN,372
Blossom Hill (Field G- Upper A),5/31/26,Sun,11:30 AM,1440,Brecksville Bees SA   Y,,Cloverleaf,,Boys,2016(U10),South 5,372
Blossom Hill (Field G- Upper A),5/31/26,Sun,1:00 PM,12648,Brecksville Bees SA   R,,Brecksville Bees SA   Y,,Boys,2017(U09),East 4,372
Blossom Hill (Field G- Upper A),5/31/26,Sun,2:30 PM,11829,Brecksville Bees SA   R,,Norton,,Girls,2017(U09),South 3,372
Blossom Hill (Field G- Upper B),4/12/26,Sun,2:30 PM,1403,Brecksville Bees SA   Y,4,Perry (Stark),4,Boys,2016(U10),South 5,372
Blossom Hill (Field G- Upper B),4/12/26,Sun,5:30 PM,104,Brecksville Bees SA   R,3,Hudson   PRIN,2,Boys,2016(U10),2,372
Blossom Hill (Field G- Upper B),4/19/26,Sun,2:30 PM,1409,Brecksville Bees SA   Y,4,Kent   GD,4,Boys,2016(U10),South 5,372
Blossom Hill (Field G- Upper B),4/19/26,Sun,4:00 PM,10707,Brecksville Bees SA   R,3,Olmsted Falls   Blue,1,Girls,2016(U10),2,372
Blossom Hill (Field G- Upper B),4/26/26,Sun,4:15 PM,12617,Brecksville Bees SA   Y,,Hudson   KENN,,Boys,2017(U09),East 4,372
Blossom Hill (Field G- Upper B),5/2/26,Sat,10:30 AM,12619,Brecksville Bees SA   R,,Shaker Hts.   U8 B,,Boys,2017(U09),East 4,372
Blossom Hill (Field G- Upper B),6/7/26,Sun,4:00 PM,7512,Brecksville Bees SA   Y,,Westlake   BL,,Girls,2016(U10),West 5,372
Blossom Hill (Turf),4/12/26,Sun,2:30 PM,4504,Brecksville Bees SA,0,Avon   JF,1,Boys,2013(U13),West 4,372
Blossom Hill (Turf),4/12/26,Sun,6:30 PM,6001,Brecksville Bees SA,1,Shaker Hts.   BLK,5,Boys,2012(U14),2,372
Blossom Hill (Turf),4/19/26,Sun,10:00 AM,4506,Brecksville Bees SA,2,Sandusky,1,Boys,2013(U13),West 4,372
Blossom Hill (Turf),4/19/26,Sun,4:00 PM,6005,Brecksville Bees SA,3,Kent   BW,2,Boys,2012(U14),2,372
Blossom Hill (Turf),4/26/26,Sun,11:30 AM,6112,Brecksville Bees SA,,Lakewood   B11G,,Boys,2011(U15),West 3,372
Blossom Hill (Turf),4/30/26,Thu,6:30 PM,15311,Brecksville Bees SA,,Highland   GP3,,Girls,2013(U13),South 2,372
Blossom Hill (Turf),5/3/26,Sun,5:30 PM,6117,Brecksville Bees SA,,Parma,,Boys,2011(U15),West 3,372
Blossom Hill (Turf),5/10/26,Sun,1:00 PM,6121,Brecksville Bees SA,,Avon   LG,,Boys,2011(U15),West 3,372
Blossom Hill (Turf),5/10/26,Sun,2:30 PM,15316,Brecksville Bees SA,,North Olmsted,,Girls,2013(U13),South 2,372
Blossom Hill (Turf),5/17/26,Sun,5:30 PM,4527,Brecksville Bees SA,,Brunswick   WHT,,Boys,2013(U13),West 4,372
Blossom Hill (Turf),5/31/26,Sun,1:00 PM,6016,Brecksville Bees SA,,Sandusky,,Boys,2012(U14),2,372
Blossom Hill (Turf),5/31/26,Sun,2:30 PM,6130,Brecksville Bees SA,,North Olmsted,,Boys,2011(U15),West 3,372
Blossom Hill (Turf),6/7/26,Sun,1:00 PM,6019,Brecksville Bees SA,,Mayfield   MA,,Boys,2012(U14),2,372
Blossom Hill (Turf),6/7/26,Sun,4:00 PM,15306,Brecksville Bees SA,,Jackson,,Girls,2013(U13),South 2,372
Brimfield Elementary School U9/U10 (Brimfield Elementary School),4/18/26,Sat,1:00 PM,1002,Field,2,Shaker Hts.   SILV,3,Boys,2016(U10),East 5,512
Brimfield Elementary School U9/U10 (Brimfield Elementary School),4/26/26,Sun,2:30 PM,1011,Field,,Solon United   Whit,,Boys,2016(U10),East 5,512
Brimfield Elementary School U9/U10 (Brimfield Elementary School),5/3/26,Sun,2:30 PM,1018,Field,,Stow   Gold,,Boys,2016(U10),East 5,512
Brimfield Elementary School U9/U10 (Brimfield Elementary School),5/10/26,Sun,2:30 PM,1022,Field,,Eastside Kickers,,Boys,2016(U10),East 5,512
Broadview Heights A Field (BHFC 9v9 (north of the valley)),4/23/26,Thu,6:30 PM,2601,Broadview Hts.,,Norton   Jksn,,Boys,2015(U11),South 3,241
Broadview Heights A Field (BHFC 9v9 (north of the valley)),5/15/26,Fri,6:30 PM,2620,Broadview Hts.,,North Royalton,,Boys,2015(U11),South 3,241
Broadview Heights A Field (BHFC 9v9 (north of the valley)),5/17/26,Sun,2:30 PM,2622,Broadview Hts.,,Highland   KW3,,Boys,2015(U11),South 3,241
Broadview Heights A Field (BHFC 9v9 (north of the valley)),5/19/26,Tue,6:30 PM,2605,Broadview Hts.,,Medina   15Wh,,Boys,2015(U11),South 3,241
Broadview Heights C Field (Field C1 (in the valley)),4/19/26,Sun,1:00 PM,1105,Broadview Hts.,5,Brunswick   RYL,3,Boys,2016(U10),1,543
Broadview Heights C Field (Field C1 (in the valley)),4/22/26,Wed,6:00 PM,14413,Broadview Hts.,,Brunswick   GE,,Boys,2017(U09),East 3,543
Broadview Heights C Field (Field C1 (in the valley)),4/28/26,Tue,6:30 PM,14418,Broadview Hts.,,Shaker Hts.   RED,,Boys,2017(U09),East 3,543
Broadview Heights C Field (Field C1 (in the valley)),5/3/26,Sun,1:00 PM,1424,Broadview Hts.,,Brecksville Bees SA   Y,,Boys,2016(U10),South 5,543
Broadview Heights C Field (Field C1 (in the valley)),5/8/26,Fri,6:30 PM,1127,Broadview Hts.,,Shaker Hts.   BLK,,Boys,2016(U10),1,543
Broadview Heights C Field (Field C1 (in the valley)),5/10/26,Sun,1:00 PM,14429,Broadview Hts.,,Solon United   Blue,,Boys,2017(U09),East 3,543
Broadview Heights C Field (Field C1 (in the valley)),5/15/26,Fri,6:30 PM,1116,Broadview Hts.,,North Royalton,,Boys,2016(U10),1,543
Broadview Heights C Field (Field C1 (in the valley)),5/16/26,Sat,4:00 PM,1402,Broadview Hts.,,Kent   GD,,Boys,2016(U10),South 5,543
Broadview Heights C Field (Field C1 (in the valley)),5/17/26,Sun,1:00 PM,14435,Broadview Hts.,,Riverside   CB,,Boys,2017(U09),East 3,543
Broadview Heights C Field (Field C1 (in the valley)),5/21/26,Thu,6:30 PM,1439,Broadview Hts.,,North Canton   Blk,,Boys,2016(U10),South 5,543
Broadview Heights C Field (Field C1 (in the valley)),6/7/26,Sun,2:30 PM,1134,Broadview Hts.,,Vermilion,,Boys,2016(U10),1,543
Broadview Heights C Field (Field C2 (in the valley)),5/15/26,Fri,6:30 PM,1408,Broadview Hts.,,Ashland,,Boys,2016(U10),South 5,543
Broadview Heights Rec Center (BHFC 11v11 (Football Field)),4/12/26,Sun,1:00 PM,5501,Broadview Hts.,5,Highland   DG1,0,Boys,2012(U14),South 3,389
Broadview Heights Rec Center (BHFC 11v11 (Football Field)),4/12/26,Sun,5:30 PM,4402,Broadview Hts.,3,Independence,5,Boys,2013(U13),East 3,389
Broadview Heights Rec Center (BHFC 11v11 (Football Field)),5/3/26,Sun,1:00 PM,5513,Broadview Hts.,,Cuyahoga Falls   BF,,Boys,2012(U14),South 3,389
Broadview Heights Rec Center (BHFC 11v11 (Football Field)),5/10/26,Sun,2:30 PM,4422,Broadview Hts.,,Solon United   Blue,,Boys,2013(U13),East 3,389
Broadview Heights Rec Center (BHFC 11v11 (Football Field)),5/18/26,Mon,6:30 PM,4418,Broadview Hts.,,Riverside   CT,,Boys,2013(U13),East 3,389
Broadview Heights Rec Center (BHFC 11v11 (Football Field)),5/24/26,Sun,11:00 AM,5507,Broadview Hts.,,Northwest,,Boys,2012(U14),South 3,389
Broadview Heights Rec Center (BHFC 11v11 (Football Field)),6/4/26,Thu,6:30 PM,5519,Broadview Hts.,,Rootstown,,Boys,2012(U14),South 3,389
Broadview Heights Rec Center (BHFC 11v11 (Football Field)),6/7/26,Sun,4:00 PM,4411,Broadview Hts.,,West Geauga,,Boys,2013(U13),East 3,389
Brook Park Recreation Center (7v7  (between baseball diamonds on football field)),5/4/26,Mon,6:30 PM,1305,TUSA,,Midview,,Boys,2016(U10),West 7,752
Brook Park Recreation Center (7v7  (between baseball diamonds on football field)),5/10/26,Sun,5:30 PM,1313,TUSA,,Fairview Park   MZ,,Boys,2016(U10),West 7,752
Brook Park Recreation Center (7v7  (between baseball diamonds on football field)),5/11/26,Mon,6:30 PM,1309,TUSA,,North Olmsted   WHT,,Boys,2016(U10),West 7,752
Brook Park Recreation Center (7v7  (between baseball diamonds on football field)),5/31/26,Sun,5:30 PM,1317,TUSA,,Parma,,Boys,2016(U10),West 7,752
Buckeye Primary School  (Buckeye Primary School Back Field 12),4/12/26,Sun,11:30 AM,13803,Buckeye,7,Woodridge,3,Boys,2017(U09),South 5,8
Buckeye Primary School  (Buckeye Primary School Back Field 12),4/19/26,Sun,1:00 PM,13807,Buckeye,8,Jackson,7,Boys,2017(U09),South 5,8
Buckeye Primary School  (Buckeye Primary School Back Field 12),4/30/26,Thu,6:30 PM,13824,Buckeye,,Copley,,Boys,2017(U09),South 5,8
Buckeye Primary School  (Buckeye Primary School Back Field 12),5/24/26,Sun,2:30 PM,13825,Buckeye,,Medina   U8Go,,Boys,2017(U09),South 5,8
Buckeye Primary School  (Buckeye Primary School Back Field 14),4/12/26,Sun,4:00 PM,3904,Buckeye,8,Green,3,Boys,2014(U12),South 4,8
Buckeye Primary School  (Buckeye Primary School Back Field 14),4/12/26,Sun,5:00 PM,9532,Buckeye,2,New Philadelphia,3,Girls,2014(U12),South 4,8
Buckeye Primary School  (Buckeye Primary School Back Field 14),4/14/26,Tue,6:30 PM,9510,Wadsworth,4,Buckeye,3,Girls,2014(U12),South 4,8
Buckeye Primary School  (Buckeye Primary School Back Field 14),4/19/26,Sun,11:30 AM,3906,Buckeye,0,New Philadelphia,2,Boys,2014(U12),South 4,8
Buckeye Primary School  (Buckeye Primary School Back Field 14),4/19/26,Sun,1:00 PM,2006,Buckeye,3,Strongsville,0,Boys,2015(U11),South 4,8
Buckeye Primary School  (Buckeye Primary School Back Field 14),4/19/26,Sun,5:30 PM,9508,Buckeye,5,Revere,0,Girls,2014(U12),South 4,8
Buckeye Primary School  (Buckeye Primary School Back Field 14),4/25/26,Sat,1:00 PM,7806,Buckeye,,Dover,,Girls,2015(U11),South 4,8
Buckeye Primary School  (Buckeye Primary School Back Field 14),4/26/26,Sun,1:00 PM,7809,Buckeye,,Manchester,,Girls,2015(U11),South 4,8
Buckeye Primary School  (Buckeye Primary School Back Field 14),4/26/26,Sun,5:30 PM,2009,Buckeye,,Tallmadge,,Boys,2015(U11),South 4,8
Buckeye Primary School  (Buckeye Primary School Back Field 14),4/29/26,Wed,6:30 PM,2011,Buckeye,,Copley,,Boys,2015(U11),South 4,8
Buckeye Primary School  (Buckeye Primary School Back Field 14),4/29/26,Wed,6:30 PM,7811,Buckeye,,Green,,Girls,2015(U11),South 4,8
Buckeye Primary School  (Buckeye Primary School Back Field 14),5/10/26,Sun,4:00 PM,2016,Buckeye,,Brecksville Bees SA   R,,Boys,2015(U11),South 4,8
Buckeye Primary School  (Buckeye Primary School Back Field 14),5/10/26,Sun,4:00 PM,7816,Buckeye,,Brecksville Bees SA   Y,,Girls,2015(U11),South 4,8
Buckeye Primary School  (Buckeye Primary School Back Field 14),5/10/26,Sun,5:00 PM,9523,Buckeye,,Louisville,,Girls,2014(U12),South 4,8
Buckeye Primary School  (Buckeye Primary School Back Field 14),5/17/26,Sun,2:00 PM,3927,Buckeye,,Copley   Blue,,Boys,2014(U12),South 4,8
Buckeye Primary School  (Buckeye Primary School Back Field 14),5/19/26,Tue,6:30 PM,3914,Buckeye,,Eagles Select   2014,,Boys,2014(U12),South 4,8
Buckeye Primary School  (Buckeye Primary School Back Field 15),4/28/26,Tue,6:30 PM,9515,Buckeye,,Eagles Select   2014,,Girls,2014(U12),South 4,8
Buckeye Primary School  (Buckeye Primary School Back Field 16),4/12/26,Sun,11:30 AM,6101,Buckeye,6,Avon   LG,1,Boys,2011(U15),West 3,8
Buckeye Primary School  (Buckeye Primary School Back Field 16),4/12/26,Sun,4:00 PM,10304,Buckeye,5,Medina   13WT,0,Girls,2013(U13),West 4,8
Buckeye Primary School  (Buckeye Primary School Back Field 16),4/12/26,Sun,6:30 PM,11113,Buckeye,1,Sandusky,3,Girls,2011(U15),3,8
Buckeye Primary School  (Buckeye Primary School Back Field 16),4/19/26,Sun,1:00 PM,5904,Buckeye,3,Eagles Select   U14,1,Boys,2012(U14),South 4,8
Buckeye Primary School  (Buckeye Primary School Back Field 16),4/19/26,Sun,2:30 PM,10306,Buckeye,5,Bay Village   JK,0,Girls,2013(U13),West 4,8
Buckeye Primary School  (Buckeye Primary School Back Field 16),4/19/26,Sun,4:00 PM,6105,Buckeye,1,Brecksville Bees SA,3,Boys,2011(U15),West 3,8
Buckeye Primary School  (Buckeye Primary School Back Field 16),4/26/26,Sun,4:00 PM,5907,Buckeye,,Medina   U14W,,Boys,2012(U14),South 4,8
Buckeye Primary School  (Buckeye Primary School Back Field 16),5/3/26,Sun,2:30 PM,5912,Buckeye,,Perry (Stark),,Boys,2012(U14),South 4,8
Buckeye Primary School  (Buckeye Primary School Back Field 16),5/5/26,Tue,6:30 PM,6116,Buckeye,,Lakewood   B11G,,Boys,2011(U15),West 3,8
Buckeye Primary School  (Buckeye Primary School Back Field 16),5/10/26,Sun,10:00 AM,11119,Buckeye,,North Olmsted,,Girls,2011(U15),3,8
Buckeye Primary School  (Buckeye Primary School Back Field 16),5/17/26,Sun,11:30 AM,5916,Buckeye,,Tallmadge,,Boys,2012(U14),South 4,8
Buckeye Primary School  (Buckeye Primary School Back Field 16),5/17/26,Sun,6:30 PM,11112,Buckeye,,Geauga Federation SC,,Girls,2011(U15),3,8
Buckeye Primary School  (Buckeye Primary School Back Field 16),5/18/26,Mon,6:45 PM,11117,Buckeye,,Wadsworth,,Girls,2011(U15),3,8
Buckeye Primary School  (Buckeye Primary School Back Field 16),5/19/26,Tue,6:30 PM,10327,Buckeye,,North Royalton,,Girls,2013(U13),West 4,8
Buckeye Primary School  (Buckeye Primary School Back Field 16),5/20/26,Wed,6:30 PM,6119,Buckeye,,Midview,,Boys,2011(U15),West 3,8
Buckeye Primary School  (Buckeye Primary School Back Field 16),6/3/26,Wed,6:30 PM,10314,Buckeye,,Midview   WH,,Girls,2013(U13),West 4,8
Cahoon Memorial Park  (Cahoon 12 7v7),5/20/26,Wed,6:00 PM,7320,Bay Village   BH,,Avon Lake   MRN,,Girls,2016(U10),West 4,141
Cahoon Memorial Park  (Cahoon 13 11v11 combo),4/21/26,Tue,6:30 PM,10806,Bay Village   DR,,Revere   RED,,Girls,2012(U14),2,141
Cahoon Memorial Park  (Cahoon 13 11v11 combo),5/1/26,Fri,6:30 PM,10816,Bay Village   DR,,West Geauga,,Girls,2012(U14),2,141
Cahoon Memorial Park  (Cahoon 13 11v11 combo),5/20/26,Wed,6:30 PM,10103,Bay Village   CA,,Rocky River   MRN,,Girls,2013(U13),1,141
Cahoon Memorial Park  (Cahoon 13 11v11 combo),6/5/26,Fri,6:30 PM,11505,Bay Village   ML,,Twinsburg,,Girls,2011(U15),2,141
Cahoon Memorial Park  (Cahoon 13 9v9  combo),4/23/26,Thu,6:30 PM,8303,Bay Village   JTR,,North Olmsted,,Girls,2015(U11),1,141
Cahoon Memorial Park  (Cahoon 13 9v9  combo),5/18/26,Mon,6:30 PM,8320,Bay Village   JTR,,North Ridgeville,,Girls,2015(U11),1,141
Canterbury Elementary School (Canterbury),4/12/26,Sun,2:30 PM,12903,Eastside Kickers,,Stow   Gray,,Boys,2017(U09),East 5,112
Canterbury Elementary School (Canterbury),4/19/26,Sun,1:00 PM,1005,Eastside Kickers,0,Shaker Hts.   SILV,5,Boys,2016(U10),East 5,112
Canterbury Elementary School (Canterbury),4/19/26,Sun,2:30 PM,12909,Eastside Kickers,2,Kenston   Whit,2,Boys,2017(U09),East 5,112
Canterbury Elementary School (Canterbury),4/26/26,Sun,11:30 AM,7008,Eastside Kickers,,Geauga Federation SC,,Girls,2016(U10),East 4,112
Canterbury Elementary School (Canterbury),4/28/26,Tue,6:30 PM,13313,Eastside Kickers,,Nordonia,,Boys,2011(U15),East 4,112
Canterbury Elementary School (Canterbury),4/30/26,Thu,6:30 PM,7012,Eastside Kickers,,Shaker Hts.   RED,,Girls,2016(U10),East 4,112
Canterbury Elementary School (Canterbury),5/2/26,Sat,12:00 PM,7021,Eastside Kickers,,Orange,,Girls,2016(U10),East 4,112
Canterbury Elementary School (Canterbury),5/2/26,Sat,2:30 PM,1016,Eastside Kickers,,Stow   Gold,,Boys,2016(U10),East 5,112
Canterbury Elementary School (Canterbury),5/3/26,Sun,11:30 AM,10418,Eastside Kickers,,Nordonia,,Girls,2013(U13),East 3,112
Canterbury Elementary School (Canterbury),5/3/26,Sun,1:00 PM,1019,Eastside Kickers,,West Geauga,,Boys,2016(U10),East 5,112
Canterbury Elementary School (Canterbury),5/9/26,Sat,1:00 PM,12920,Eastside Kickers,,Stow   Gold,,Boys,2017(U09),East 5,112
Canterbury Elementary School (Canterbury),5/10/26,Sun,1:00 PM,7018,Eastside Kickers,,Riverside,,Girls,2016(U10),East 4,112
Canterbury Elementary School (Canterbury),5/31/26,Sun,2:30 PM,12940,Eastside Kickers,,Geneva   17B,,Boys,2017(U09),East 5,112
Central Catholic High SchoolStadium (Football Stadium),4/19/26,Sun,6:30 PM,10908,Perry (Stark),5,Shaker Hts.   RED,0,Girls,2012(U14),4,740
Central Catholic High SchoolStadium (Football Stadium),5/1/26,Fri,6:30 PM,10915,Perry (Stark),,Wickliffe,,Girls,2012(U14),4,740
Central Catholic High SchoolStadium (Football Stadium),5/31/26,Sun,4:00 PM,10932,Perry (Stark),,Northwest,,Girls,2012(U14),4,740
Chagrin Falls High School (Harris Field (Turf)),5/2/26,Sat,4:30 PM,9417,Chagrin Falls,,Hudson   SHUT,,Girls,2014(U12),2,50
Chagrin Falls High School (Harris Field (Turf)),5/3/26,Sun,2:30 PM,5815,Chagrin Falls   Orng,,Solon United   Blue,,Boys,2012(U14),East 3,50
Chagrin Falls High School (Harris Field (Turf)),5/3/26,Sun,4:00 PM,8113,Chagrin Falls,,Nordonia,,Girls,2015(U11),East 4,50
Chagrin Falls High School (Harris Field (Turf)),5/9/26,Sat,4:30 PM,7918,Chagrin Falls   Orng,,Orange,,Girls,2015(U11),East 3,50
Chagrin Falls High School (Harris Field (Turf)),5/10/26,Sun,11:30 PM,3128,Chagrin Falls   Blck,,Riverside   JJ,,Boys,2014(U12),East 3,50
Chagrin Falls High School (Harris Field (Turf)),5/16/26,Sat,4:30 PM,1907,Chagrin Falls   Blck,,Hudson   SFER,,Boys,2015(U11),East 6,50
Chagrin Falls High School (Harris Field (Turf)),5/17/26,Sun,1:00 PM,5820,Chagrin Falls   Orng,,Mayfield   RP14,,Boys,2012(U14),East 3,50
Chagrin Falls High School (Harris Field (Turf)),5/17/26,Sun,2:30 PM,9433,Chagrin Falls,,Twinsburg   Blue,,Girls,2014(U12),2,50
Chagrin Falls High School (Harris Field (Turf)),5/17/26,Sun,4:00 PM,7921,Chagrin Falls   Orng,,Solon United   Gold,,Girls,2015(U11),East 3,50
Champion Event Center (7v7),4/12/26,Sun,1:00 PM,1401,North Canton   Blk,5,Lake Select SC   2016,1,Boys,2016(U10),South 5,545
Champion Event Center (7v7),4/12/26,Sun,2:30 PM,13101,North Canton,4,Northwest,1,Boys,2017(U09),South 6,545
Champion Event Center (7v7),4/12/26,Sun,4:00 PM,6902,North Canton,3,Eagles Select   2016,4,Girls,2016(U10),South 4,545
Champion Event Center (7v7),4/19/26,Sun,1:00 PM,6904,North Canton,2,Dover,3,Girls,2016(U10),South 4,545
Champion Event Center (7v7),4/19/26,Sun,2:30 PM,13105,North Canton,7,Lake Select SC,2,Boys,2017(U09),South 6,545
Champion Event Center (7v7),4/20/26,Mon,6:30 PM,1410,North Canton   Blk,,New Philadelphia,,Boys,2016(U10),South 5,545
Champion Event Center (7v7),4/26/26,Sun,11:30 AM,14912,North Canton,,Jackson,,Girls,2017(U09),South 4 EN,545
Champion Event Center (7v7),5/3/26,Sun,2:30 PM,13119,North Canton,,Barberton,,Boys,2017(U09),South 6,545
Champion Event Center (7v7),5/6/26,Wed,6:30 PM,14923,North Canton,,Lake Select SC,,Girls,2017(U09),South 4 EN,545
Champion Event Center (7v7),5/10/26,Sun,1:00 PM,6917,North Canton,,North Royalton,,Girls,2016(U10),South 4,545
Champion Event Center (7v7),5/10/26,Sun,2:00 PM,14928,North Canton,,Medina   19GN,,Girls,2017(U09),South 4 EN,545
Champion Event Center (7v7),5/14/26,Thu,6:30 PM,13116,North Canton,,New Philadelphia,,Boys,2017(U09),South 6,545
Champion Event Center (7v7),5/17/26,Sun,2:30 PM,1433,North Canton   Blk,,Cloverleaf,,Boys,2016(U10),South 5,545
Champion Event Center (7v7),5/27/26,Wed,6:30 PM,6923,North Canton,,Revere   RED,,Girls,2016(U10),South 4,545
Champion Event Center (7v7),5/30/26,Sat,11:30 AM,1417,North Canton   Blk,,Kent   GD,,Boys,2016(U10),South 5,545
Champion Event Center (7v7),5/31/26,Sun,2:30 PM,14936,North Canton,,Medina   17GR,,Girls,2017(U09),South 4 EN,545
Charles R Hoagland West Rec (Charles R Hoagland West Rec),4/21/26,Tue,6:30 PM,5305,Elyria,,Parma Hts,,Boys,2013(U13),West 5,353
Charles R Hoagland West Rec (Charles R Hoagland West Rec),4/28/26,Tue,6:30 PM,5309,Elyria,,Olmsted Falls   Gold,,Boys,2013(U13),West 5,353
Charles R Hoagland West Rec (Charles R Hoagland West Rec),5/10/26,Sun,2:30 PM,5313,Elyria,,Lakewood   B13G,,Boys,2013(U13),West 5,353
Charles R Hoagland West Rec (Charles R Hoagland West Rec),5/31/26,Sun,2:30 PM,5317,Elyria,,Norwalk HCYSC   ML,,Boys,2013(U13),West 5,353
Chelton Park (7v7),4/12/26,Sun,1:30 PM,13202,Orange,0,Shaker Hts.   U8 R,5,Boys,2017(U09),East 6,683
Chelton Park (7v7),4/12/26,Sun,2:30 PM,12203,Shaker Hts.   RED,5,Kenston,0,Girls,2017(U09),East 3,683
Chelton Park (7v7),4/12/26,Sun,4:00 PM,7003,Shaker Hts.   RED,7,Eastside Kickers,4,Girls,2016(U10),East 4,683
Chelton Park (7v7),4/19/26,Sun,11:30 AM,12907,Shaker Hts.   SILV,6,Stow   Gold,2,Boys,2017(U09),East 5,683
Chelton Park (7v7),4/19/26,Sun,4:00 PM,12609,Shaker Hts.   WHT,0,Geauga Federation SC,1,Boys,2017(U09),East 4,683
Chelton Park (7v7),4/19/26,Sun,5:30 PM,405,Shaker Hts.   WHT,1,Geauga Federation SC,2,Boys,2016(U10),East 4,683
Chelton Park (7v7),4/22/26,Wed,6:30 PM,1110,Shaker Hts.   BLK,,Rocky River   MRN,,Boys,2016(U10),1,683
Chelton Park (7v7),4/30/26,Thu,6:30 PM,416,Shaker Hts.   WHT,,Streetsboro,,Boys,2016(U10),East 4,683
City Park (Field 2),4/12/26,Sun,1:00 PM,6602,Streetsboro,3,Twinsburg   Whte,2,Girls,2016(U10),East 5,222
City Park (Field 2),4/12/26,Sun,2:30 PM,403,Streetsboro,2,Eastside Kickers,2,Boys,2016(U10),East 4,222
City Park (Field 2),4/19/26,Sun,2:30 PM,407,Streetsboro,2,Hudson   CORV,7,Boys,2016(U10),East 4,222
City Park (Field 2),4/21/26,Tue,6:30 PM,6607,Streetsboro,,Eastside Kickers,,Girls,2016(U10),East 5,222
City Park (Field 2),4/27/26,Mon,6:30 PM,12614,Streetsboro,,North Royalton,,Boys,2017(U09),East 4,222
City Park (Field 2),4/28/26,Tue,6:30 PM,12621,Streetsboro,,Geauga Federation SC,,Boys,2017(U09),East 4,222
City Park (Field 2),5/3/26,Sun,2:30 PM,6616,Streetsboro,,Chagrin Falls   Blck,,Girls,2016(U10),East 5,222
City Park (Field 2),5/10/26,Sun,1:00 PM,424,Streetsboro,,Wickliffe,,Boys,2016(U10),East 4,222
City Park (Field 2),5/10/26,Sun,2:30 PM,12636,Streetsboro,,Brecksville Bees SA   R,,Boys,2017(U09),East 4,222
City Park (Field 2),5/10/26,Sun,4:00 PM,6621,Streetsboro,,Twinsburg   Blue,,Girls,2016(U10),East 5,222
City Park (Field 2),5/17/26,Sun,2:30 PM,425,Streetsboro,,Chagrin Falls   Orng,,Boys,2016(U10),East 4,222
City Park (Field 2),5/31/26,Sun,2:30 PM,12645,Streetsboro,,Hudson   KENN,,Boys,2017(U09),East 4,222
City Park (Field 3),4/12/26,Sun,4:00 PM,9203,Streetsboro,2,Twinsburg   Whte,7,Girls,2014(U12),East 3,222
City Park (Field 3),4/19/26,Sun,11:30 AM,9205,Streetsboro,2,Shaker Hts.   WHT,7,Girls,2014(U12),East 3,222
City Park (Field 3),5/3/26,Sun,1:00 PM,3324,Streetsboro,,Geneva   15B,,Boys,2014(U12),East 4,222
City Park (Field 3),5/3/26,Sun,5:00 PM,9214,Streetsboro,,Aurora,,Girls,2014(U12),East 3,222
City Park (Field 3),5/10/26,Sun,3:30 PM,3326,Streetsboro,,Hudson   SHUT,,Boys,2014(U12),East 4,222
City Park (Field 3),5/26/26,Tue,6:30 PM,3315,Streetsboro,,Eastside Kickers,,Boys,2014(U12),East 4,222
City Park (Field 3),5/31/26,Sun,1:00 PM,3333,Streetsboro,,North Royalton,,Boys,2014(U12),East 4,222
City Park (Field 3),5/31/26,Sun,4:00 PM,9222,Streetsboro,,Strongsville,,Girls,2014(U12),East 3,222
Clay Eddy Fields (U9/U10),4/12/26,Sun,2:30 PM,12603,West Geauga,5,Streetsboro,0,Boys,2017(U09),East 4,69
Clay Eddy Fields (U9/U10),4/19/26,Sun,1:00 PM,1008,West Geauga,,Field,,Boys,2016(U10),East 5,69
Clay Eddy Fields (U9/U10),4/19/26,Sun,5:30 PM,12408,West Geauga,0,Twinsburg,5,Girls,2017(U09),East 5,69
Clay Eddy Fields (U9/U10),4/26/26,Sun,5:30 PM,12616,West Geauga,,Willoughby,,Boys,2017(U09),East 4,69
Clay Eddy Fields (U9/U10),4/27/26,Mon,6:00 PM,12415,West Geauga,,Geneva,,Girls,2017(U09),East 5,69
Clay Eddy Fields (U9/U10),4/30/26,Thu,6:30 PM,1015,West Geauga,,Shaker Hts.   SILV,,Boys,2016(U10),East 5,69
Clay Eddy Fields (U9/U10),5/10/26,Sun,4:00 PM,1023,West Geauga,,Geneva   16B,,Boys,2016(U10),East 5,69
Clay Eddy Fields (U9/U10),5/10/26,Sun,5:30 PM,12634,West Geauga,,Shaker Hts.   WHT,,Boys,2017(U09),East 4,69
Clay Eddy Fields (U9/U10),5/27/26,Wed,6:30 PM,12423,West Geauga,,Stow   Gray,,Girls,2017(U09),East 5,69
Clay Eddy Fields (U9/U10),5/31/26,Sun,1:00 PM,12643,West Geauga,,Shaker Hts.   U8 B,,Boys,2017(U09),East 4,69
Clay Eddy Fields (U9/U10),5/31/26,Sun,4:00 PM,1032,West Geauga,,Solon United   Whit,,Boys,2016(U10),East 5,69
Clay Eddy Fields (U9/U10),5/31/26,Sun,5:30 PM,12432,West Geauga,,Hudson   KENN,,Girls,2017(U09),East 5,69
Cloverleaf Soccer Association Fields (CSA Field 10 (11v11)),4/12/26,Sun,1:00 PM,10502,Cloverleaf   JF,2,Medina   12WT,1,Girls,2012(U14),3,60
Cloverleaf Soccer Association Fields (CSA Field 10 (11v11)),4/12/26,Sun,2:30 PM,10002,Cloverleaf,2,Wadsworth,2,Boys,2011(U15),South 4,60
Cloverleaf Soccer Association Fields (CSA Field 10 (11v11)),4/19/26,Sun,2:30 PM,11408,Cloverleaf,,Manchester,,Girls,2011(U15),5,60
Cloverleaf Soccer Association Fields (CSA Field 10 (11v11)),4/21/26,Tue,6:30 PM,10507,Cloverleaf   JF,,Chagrin Falls,,Girls,2012(U14),3,60
Cloverleaf Soccer Association Fields (CSA Field 10 (11v11)),4/25/26,Sat,11:00 AM,10011,Cloverleaf,,Massillon   Org,,Boys,2011(U15),South 4,60
Cloverleaf Soccer Association Fields (CSA Field 10 (11v11)),4/29/26,Wed,6:30 PM,11415,Cloverleaf,,Geneva   11G,,Girls,2011(U15),5,60
Cloverleaf Soccer Association Fields (CSA Field 10 (11v11)),5/7/26,Thu,6:00 PM,10018,Cloverleaf,,Cuyahoga Falls   GF,,Boys,2011(U15),South 4,60
Cloverleaf Soccer Association Fields (CSA Field 10 (11v11)),5/10/26,Sun,1:00 PM,10521,Cloverleaf   JF,,Geauga Federation SC,,Girls,2012(U14),3,60
Cloverleaf Soccer Association Fields (CSA Field 10 (11v11)),5/10/26,Sun,2:30 PM,11423,Cloverleaf,,Dover,,Girls,2011(U15),5,60
Cloverleaf Soccer Association Fields (CSA Field 10 (11v11)),5/10/26,Sun,5:30 PM,10022,Cloverleaf,,Barberton,,Boys,2011(U15),South 4,60
Cloverleaf Soccer Association Fields (CSA Field 10 (11v11)),5/21/26,Thu,6:30 PM,10516,Cloverleaf   JF,,Fairview Park,,Girls,2012(U14),3,60
Cloverleaf Soccer Association Fields (CSA Field 10 (11v11)),5/31/26,Sun,1:00 PM,11432,Cloverleaf,,North Ridgeville,,Girls,2011(U15),5,60
Cloverleaf Soccer Association Fields (CSA Field 11 (9v9)),4/12/26,Sun,11:30 AM,9501,Cloverleaf   MS,0,Wadsworth,3,Girls,2014(U12),South 4,60
Cloverleaf Soccer Association Fields (CSA Field 11 (9v9)),4/12/26,Sun,4:00 PM,3501,Cloverleaf,4,Revere   BLUE,5,Boys,2014(U12),South 5,60
Cloverleaf Soccer Association Fields (CSA Field 11 (9v9)),4/19/26,Sun,11:30 AM,9505,Cloverleaf   MS,,Eagles Select   2014,,Girls,2014(U12),South 4,60
Cloverleaf Soccer Association Fields (CSA Field 11 (9v9)),4/19/26,Sun,1:00 PM,2805,Cloverleaf,,Green,,Boys,2015(U11),South 5,60
Cloverleaf Soccer Association Fields (CSA Field 11 (9v9)),4/19/26,Sun,4:00 PM,3505,Cloverleaf,,Tallmadge,,Boys,2014(U12),South 5,60
Cloverleaf Soccer Association Fields (CSA Field 11 (9v9)),4/22/26,Wed,6:30 PM,2801,Cloverleaf,,Stow   Gold,,Boys,2015(U11),South 5,60
Cloverleaf Soccer Association Fields (CSA Field 11 (9v9)),4/26/26,Sun,1:00 PM,9012,Cloverleaf   MVM,,Copley   Blue,,Girls,2014(U12),South 5,60
Cloverleaf Soccer Association Fields (CSA Field 11 (9v9)),4/29/26,Wed,6:30 PM,2816,Cloverleaf,,Wooster,,Boys,2015(U11),South 5,60
Cloverleaf Soccer Association Fields (CSA Field 11 (9v9)),4/30/26,Thu,6:30 PM,3516,Cloverleaf,,Field,,Boys,2014(U12),South 5,60
Cloverleaf Soccer Association Fields (CSA Field 11 (9v9)),5/3/26,Sun,11:30 AM,9017,Cloverleaf   MVM,,North Canton,,Girls,2014(U12),South 5,60
Cloverleaf Soccer Association Fields (CSA Field 11 (9v9)),5/3/26,Sun,1:00 PM,2819,Cloverleaf,,Perry (Stark),,Boys,2015(U11),South 5,60
Cloverleaf Soccer Association Fields (CSA Field 11 (9v9)),5/3/26,Sun,4:00 PM,3519,Cloverleaf,,Wooster,,Boys,2014(U12),South 5,60
Cloverleaf Soccer Association Fields (CSA Field 11 (9v9)),5/3/26,Sun,5:30 PM,9519,Cloverleaf   MS,,Buckeye,,Girls,2014(U12),South 4,60
Cloverleaf Soccer Association Fields (CSA Field 11 (9v9)),5/5/26,Tue,6:30 PM,9013,Cloverleaf   MVM,,Green,,Girls,2014(U12),South 5,60
Cloverleaf Soccer Association Fields (CSA Field 11 (9v9)),5/8/26,Fri,6:30 PM,9516,Cloverleaf   MS,,North Royalton,,Girls,2014(U12),South 4,60
Cloverleaf Soccer Association Fields (CSA Field 11 (9v9)),5/10/26,Sun,4:00 PM,9019,Cloverleaf   MVM,,Mustangs Jr,,Girls,2014(U12),South 5,60
Cloverleaf Soccer Association Fields (CSA Field 6 (7v7)),4/12/26,Sun,2:30 PM,1404,Cloverleaf,3,New Philadelphia,8,Boys,2016(U10),South 5,60
Cloverleaf Soccer Association Fields (CSA Field 6 (7v7)),4/26/26,Sun,2:30 PM,13712,Cloverleaf,,Ashland,,Boys,2017(U09),South 3,60
Cloverleaf Soccer Association Fields (CSA Field 6 (7v7)),4/28/26,Tue,6:30 PM,1416,Cloverleaf,,Ashland,,Boys,2016(U10),South 5,60
Cloverleaf Soccer Association Fields (CSA Field 6 (7v7)),5/2/26,Sat,4:00 PM,1406,Cloverleaf,,Perry (Stark),,Boys,2016(U10),South 5,60
Cloverleaf Soccer Association Fields (CSA Field 6 (7v7)),5/10/26,Sun,11:00 AM,13721,Cloverleaf,,Revere   BLUE,,Boys,2017(U09),South 3,60
Cloverleaf Soccer Association Fields (CSA Field 6 (7v7)),5/10/26,Sun,1:00 PM,1427,Cloverleaf,,Broadview Hts.,,Boys,2016(U10),South 5,60
Cloverleaf Soccer Association Fields (CSA Field 6 (7v7)),5/27/26,Wed,6:30 PM,13717,Cloverleaf,,Brunswick   JS,,Boys,2017(U09),South 3,60
Cloverleaf Soccer Association Fields (CSA Field 6 (7v7)),5/31/26,Sun,2:30 PM,13730,Cloverleaf,,Akron Inner City,,Boys,2017(U09),South 3,60
Columbia Soccer Fields  (Field 2 ),4/18/26,Sat,12:00 PM,7302,Columbia Station,,Bay Village   BH,,Girls,2016(U10),West 4,719
Columbia Soccer Fields  (Field 2 ),4/19/26,Sun,10:30 AM,7304,Columbia Station,,Avon Lake   GOLD,,Girls,2016(U10),West 4,719
Columbia Soccer Fields  (Field 2 ),4/27/26,Mon,6:30 PM,1510,Columbia Station,,LaGrange,,Boys,2016(U10),West 4,719
Columbia Soccer Fields  (Field 2 ),5/3/26,Sun,11:00 AM,1520,Columbia Station,,Olmsted Falls,,Boys,2016(U10),West 4,719
Columbia Soccer Fields  (Field 2 ),5/18/26,Mon,6:30 PM,7317,Columbia Station,,Avon Lake   MRN,,Girls,2016(U10),West 4,719
Columbia Soccer Fields  (Field 2 ),5/28/26,Thu,6:30 PM,1528,Columbia Station,,Bay Village   DY,,Boys,2016(U10),West 4,719
Columbia Soccer Fields  (Field 2 ),5/31/26,Sun,11:30 AM,7323,Columbia Station,,Parma   IRV,,Girls,2016(U10),West 4,719
Columbia Soccer Fields  (Field 2 ),5/31/26,Sun,2:30 PM,1529,Columbia Station,,North Olmsted   BLK,,Boys,2016(U10),West 4,719
Columbia Soccer Fields  (Filed 7 ),4/24/26,Fri,6:30 PM,1808,Columbia Station,,Sandusky,,Boys,2015(U11),West 3,719
Columbia Soccer Fields  (Filed 7 ),4/28/26,Tue,6:30 PM,14615,Columbia Station,,Olmsted Falls   Blue,,Girls,2015(U11),West 2,719
Columbia Soccer Fields  (Filed 7 ),5/1/26,Fri,6:30 PM,1803,Columbia Station,,Norwalk HCYSC,,Boys,2015(U11),West 3,719
Columbia Soccer Fields  (Filed 7 ),5/17/26,Sun,1:00 PM,14623,Columbia Station,,Firelands,,Girls,2015(U11),West 2,719
Columbia Soccer Fields  (Filed 7 ),5/21/26,Thu,6:30 PM,14610,Columbia Station,,Midview,,Girls,2015(U11),West 2,719
Columbia Soccer Fields  (Filed 7 ),5/28/26,Thu,6:30 PM,14626,Columbia Station,,Westlake   BL,,Girls,2015(U11),West 2,719
Columbia Soccer Fields  (Filed 7 ),5/31/26,Sun,4:00 PM,1825,Columbia Station,,North Olmsted,,Boys,2015(U11),West 3,719
Columbia Soccer Fields  (Filed 7 ),6/7/26,Sun,2:30 PM,1828,Columbia Station,,Olmsted Falls   Blue,,Boys,2015(U11),West 3,719
Copley Fairlawn Middle School (Middle School Football),4/12/26,Sun,2:30 PM,5703,Copley,0,Geneva,5,Boys,2012(U14),East 4,732
Copley Fairlawn Middle School (Middle School Football),4/19/26,Sun,2:30 PM,5705,Copley,2,Solon United   Whit,4,Boys,2012(U14),East 4,732
Copley Fairlawn Middle School (Middle School Football),4/29/26,Wed,6:30 PM,11319,Copley,,Independence,,Girls,2011(U15),4,732
Copley Fairlawn Middle School (Middle School Football),5/3/26,Sun,2:30 PM,5714,Copley,,Twinsburg   Whte,,Boys,2012(U14),East 4,732
Copley Fairlawn Middle School (Middle School Football),5/5/26,Tue,6:00 PM,6309,Copley,,Stow   Gold,,Boys,2011(U15),South 3,732
Copley Fairlawn Middle School (Middle School Football),5/10/26,Sun,4:00 PM,11326,Copley,,Rocky River,,Girls,2011(U15),4,732
Copley Fairlawn Middle School (Middle School Football),5/17/26,Sun,2:30 PM,11332,Copley,,Amherst,,Girls,2011(U15),4,732
Copley Fairlawn Middle School (Middle School Football),5/26/26,Tue,6:30 PM,6316,Copley,,Green,,Boys,2011(U15),South 3,732
Copley Fairlawn Middle School (Middle School Football),5/31/26,Sun,2:30 PM,5722,Copley,,NP Aurora,,Boys,2012(U14),East 4,732
Copley Road Soccer Complex (11v11 field 5),5/1/26,Fri,6:30 PM,6505,Akron Inner City,,Stow   Mar,,Boys,2011(U15),2,590
Copley Road Soccer Complex (11v11 field 5),5/2/26,Sat,4:00 PM,6509,Akron Inner City,,Westlake   GL,,Boys,2011(U15),2,590
Copley Road Soccer Complex (11v11 field 5),5/8/26,Fri,6:30 PM,9709,Akron Inner City,,Dover,,Girls,2013(U13),South 3,590
Copley Road Soccer Complex (11v11 field 5),5/16/26,Sat,1:00 PM,4624,Akron Inner City,,Shaker Hts.   BLK,,Boys,2013(U13),2,590
Copley Road Soccer Complex (11v11 field 5),5/16/26,Sat,1:00 PM,9727,Akron Inner City,,Lake Select SC   1314,,Girls,2013(U13),South 3,590
Copley Road Soccer Complex (11v11 field 5),5/17/26,Sun,2:30 PM,9724,Akron Inner City,,Chippewa,,Girls,2013(U13),South 3,590
Copley Road Soccer Complex (11v11 field 5),5/17/26,Sun,4:00 PM,6540,Akron Inner City,,North Royalton,,Boys,2011(U15),2,590
Copley Road Soccer Complex (11v11 field 5),5/31/26,Sun,4:00 PM,4643,Akron Inner City,,Mentor,,Boys,2013(U13),2,590
Copley Road Soccer Complex (11v11 field 5),6/5/26,Fri,6:30 PM,4614,Akron Inner City,,Stow   Mar,,Boys,2013(U13),2,590
Copley Road Soccer Complex (7v7 field 3),5/3/26,Sun,2:30 PM,13718,Akron Inner City,,Ashland,,Boys,2017(U09),South 3,590
Copley Road Soccer Complex (7v7 field 3),5/9/26,Sat,1:00 PM,13722,Akron Inner City,,Ashland   18,,Boys,2017(U09),South 3,590
Copley Road Soccer Complex (7v7 field 3),5/11/26,Mon,6:30 PM,11627,Akron Inner City,,Mustangs Jr,,Girls,2016(U10),South 5,590
Copley Road Soccer Complex (7v7 field 3),5/16/26,Sat,1:00 PM,11604,Akron Inner City,,New Philadelphia,,Girls,2016(U10),South 5,590
Copley Road Soccer Complex (7v7 field 3),5/17/26,Sun,2:30 PM,826,Akron Inner City,,Copley   Gold,,Boys,2016(U10),South 4,590
Copley Road Soccer Complex (7v7 field 3),5/31/26,Sun,2:30 PM,831,Akron Inner City,,Wooster,,Boys,2016(U10),South 4,590
Copley Road Soccer Complex (9v9 field 1),5/3/26,Sun,5:00 PM,2921,Akron Inner City,,Wadsworth,,Boys,2015(U11),South 6,590
Copley Road Soccer Complex (9v9 field 1),5/17/26,Sun,3:00 PM,2931,Akron Inner City,,Barberton,,Boys,2015(U11),South 6,590
Copley Road Soccer Complex (9v9 field 1),5/31/26,Sun,2:30 PM,2938,Akron Inner City,,Jackson,,Boys,2015(U11),South 6,590
Courtland Oval Field (Courtland East),4/12/26,Sun,10:00 AM,1103,Shaker Hts.   BLK,1,Avon   PK,3,Boys,2016(U10),1,318
Courtland Oval Field (Courtland East),4/12/26,Sun,11:30 AM,10701,Shaker Hts.   BLK,2,Olmsted Falls   Blue,0,Girls,2016(U10),2,318
Courtland Oval Field (Courtland East),4/12/26,Sun,1:00 PM,12605,Shaker Hts.   WHT,6,Willoughby,2,Boys,2017(U09),East 4,318
Courtland Oval Field (Courtland East),4/12/26,Sun,2:30 PM,401,Shaker Hts.   WHT,6,Hudson   CORV,1,Boys,2016(U10),East 4,318
Courtland Oval Field (Courtland East),4/19/26,Sun,11:30 AM,7005,Shaker Hts.   RED,2,Riverside,4,Girls,2016(U10),East 4,318
Courtland Oval Field (Courtland East),4/19/26,Sun,1:00 PM,1608,Shaker Hts.   RED,2,Kenston,1,Boys,2016(U10),East 3,318
Courtland Oval Field (Courtland East),4/19/26,Sun,2:30 PM,1108,Shaker Hts.   BLK,1,NP Aurora   GR,4,Boys,2016(U10),1,318
Courtland Oval Field (Courtland East),4/19/26,Sun,4:00 PM,6606,Shaker Hts.   WHT,4,Eastside Kickers,0,Girls,2016(U10),East 5,318
Courtland Oval Field (Courtland East),4/19/26,Sun,5:15 PM,12607,Shaker Hts.   U8 B,7,Willoughby,5,Boys,2017(U09),East 4,318
Courtland Oval Field (Courtland East),4/26/26,Sun,11:30 AM,207,Shaker Hts.   GOLD,,Nordonia,,Boys,2016(U10),East 6,318
Courtland Oval Field (Courtland East),4/26/26,Sun,1:00 PM,1012,Shaker Hts.   SILV,,Stow   Gold,,Boys,2016(U10),East 5,318
Courtland Oval Field (Courtland East),4/26/26,Sun,4:00 PM,6611,Shaker Hts.   WHT,,Streetsboro,,Girls,2016(U10),East 5,318
Courtland Oval Field (Courtland East),4/29/26,Wed,6:30 PM,1615,Shaker Hts.   RED,,North Royalton,,Boys,2016(U10),East 3,318
Courtland Oval Field (Courtland East),5/1/26,Fri,6:30 PM,1117,Shaker Hts.   BLK,,North Royalton,,Boys,2016(U10),1,318
Courtland Oval Field (Courtland East),5/3/26,Sun,11:30 AM,1017,Shaker Hts.   SILV,,Solon United   Whit,,Boys,2016(U10),East 5,318
Courtland Oval Field (Courtland East),5/3/26,Sun,1:00 PM,213,Shaker Hts.   GOLD,,Willoughby,,Boys,2016(U10),East 6,318
Courtland Oval Field (Courtland East),5/3/26,Sun,2:30 PM,14425,Shaker Hts.   RED,,Brunswick   GE,,Boys,2017(U09),East 3,318
Courtland Oval Field (Courtland East),5/3/26,Sun,4:00 PM,419,Shaker Hts.   WHT,,Chagrin Falls   Orng,,Boys,2016(U10),East 4,318
Courtland Oval Field (Courtland East),5/3/26,Sun,5:30 PM,6618,Shaker Hts.   WHT,,Solon United   Blue,,Girls,2016(U10),East 5,318
Courtland Oval Field (Courtland East),5/10/26,Sun,2:30 PM,1623,Shaker Hts.   RED,,Twinsburg   Blue,,Boys,2016(U10),East 3,318
Courtland Oval Field (Courtland East),5/17/26,Sun,1:00 PM,14434,Shaker Hts.   RED,,Kenston   Blue,,Boys,2017(U09),East 3,318
Courtland Oval Field (Courtland East),5/17/26,Sun,2:30 PM,14329,Shaker Hts.   BLK,,Avon   DB,,Boys,2017(U09),1,318
Courtland Oval Field (Courtland East),5/17/26,Sun,4:00 PM,219,Shaker Hts.   GOLD,,Riverside,,Boys,2016(U10),East 6,318
Courtland Oval Field (Courtland West),4/12/26,Sun,2:45 PM,14304,Shaker Hts.   BLK,5,Mayfield   SR,0,Boys,2017(U09),1,318
Courtland Oval Field (Courtland West),4/19/26,Sun,6:30 PM,13205,Stow   Whit,,Shaker Hts.   U8 R,,Boys,2017(U09),East 6,318
Courtland Oval Field (Courtland West),4/21/26,Tue,6:30 PM,14311,Shaker Hts.   BLK,,Norton,,Boys,2017(U09),1,318
Courtland Oval Field (Courtland West),4/22/26,Wed,6:30 PM,10705,Shaker Hts.   BLK,,Independence,,Girls,2016(U10),2,318
Courtland Oval Field (Courtland West),4/24/26,Fri,6:30 PM,12205,Shaker Hts.   RED,,Chagrin Falls,,Girls,2017(U09),East 3,318
Courtland Oval Field (Courtland West),4/25/26,Sat,5:00 PM,14105,Shaker Hts.   BLK,,Cuyahoga Falls   TC,,Girls,2017(U09),1,318
Courtland Oval Field (Courtland West),4/26/26,Sun,10:00 AM,13214,Shaker Hts.   U8 R,,Twinsburg,,Boys,2017(U09),East 6,318
Courtland Oval Field (Courtland West),4/26/26,Sun,11:30 AM,14111,Shaker Hts.   BLK,,Amherst,,Girls,2017(U09),1,318
Courtland Oval Field (Courtland West),4/26/26,Sun,1:00 PM,12618,Shaker Hts.   WHT,,Brecksville Bees SA   R,,Boys,2017(U09),East 4,318
Courtland Oval Field (Courtland West),4/26/26,Sun,2:30 PM,12410,Shaker Hts.   WHT,,West Geauga,,Girls,2017(U09),East 5,318
Courtland Oval Field (Courtland West),4/26/26,Sun,4:00 PM,12222,Shaker Hts.   RED,,Stow   Mar,,Girls,2017(U09),East 3,318
Courtland Oval Field (Courtland West),4/26/26,Sun,5:30 PM,14414,Shaker Hts.   RED,,Chagrin Falls,,Boys,2017(U09),East 3,318
Courtland Oval Field (Courtland West),4/30/26,Thu,6:30 PM,6614,Shaker Hts.   WHT,,Chagrin Falls   Blck,,Girls,2016(U10),East 5,318
Courtland Oval Field (Courtland West),5/1/26,Fri,6:30 PM,10716,Shaker Hts.   BLK,,Brecksville Bees SA   R,,Girls,2016(U10),2,318
Courtland Oval Field (Courtland West),5/2/26,Sat,2:00 PM,12919,Shaker Hts.   SILV,,Wickliffe,,Boys,2017(U09),East 5,318
Courtland Oval Field (Courtland West),5/2/26,Sat,3:00 PM,12420,Shaker Hts.   WHT,,Stow   Gray,,Girls,2017(U09),East 5,318
Courtland Oval Field (Courtland West),5/2/26,Sat,4:00 PM,14318,Shaker Hts.   BLK,,Highland   NF4,,Boys,2017(U09),1,318
Courtland Oval Field (Courtland West),5/3/26,Sun,12:00 PM,10719,Shaker Hts.   BLK,,Medina   16WT,,Girls,2016(U10),2,318
Courtland Oval Field (Courtland West),5/3/26,Sun,1:00 PM,7014,Shaker Hts.   RED,,Orange,,Girls,2016(U10),East 4,318
Courtland Oval Field (Courtland West),5/3/26,Sun,2:30 PM,12214,Shaker Hts.   RED,,North Royalton,,Girls,2017(U09),East 3,318
Courtland Oval Field (Courtland West),5/3/26,Sun,4:00 PM,12625,Shaker Hts.   U8 B,,Streetsboro,,Boys,2017(U09),East 4,318
Courtland Oval Field (Courtland West),5/3/26,Sun,5:30 PM,14122,Shaker Hts.   BLK,,Medina   17GN,,Girls,2017(U09),1,318
Courtland Oval Field (Courtland West),5/3/26,Sun,6:30 PM,13223,Shaker Hts.   U8 R,,Kenston   Blue,,Boys,2017(U09),East 6,318
Courtland Oval Field (Courtland West),5/9/26,Sat,3:00 PM,13225,Shaker Hts.   U8 R,,Cuyahoga Falls   TG,,Boys,2017(U09),East 6,318
Courtland Oval Field (Courtland West),5/10/26,Sun,11:30 AM,14430,Shaker Hts.   RED,,Hudson   SATT,,Boys,2017(U09),East 3,318
Courtland Oval Field (Courtland West),5/10/26,Sun,1:00 PM,12926,Shaker Hts.   SILV,,Eastside Kickers,,Boys,2017(U09),East 5,318
Courtland Oval Field (Courtland West),5/10/26,Sun,2:30 PM,12631,Shaker Hts.   U8 B,,Solon United   Whit,,Boys,2017(U09),East 4,318
Courtland Oval Field (Courtland West),5/10/26,Sun,5:30 PM,1021,Shaker Hts.   SILV,,Madison,,Boys,2016(U10),East 5,318
Courtland Oval Field (Courtland West),5/16/26,Sat,1:00 PM,201,Shaker Hts.   GOLD,,Geneva,,Boys,2016(U10),East 6,318
Courtland Oval Field (Courtland West),5/17/26,Sun,10:00 AM,13232,Shaker Hts.   U8 R,,Kenston   Whit,,Boys,2017(U09),East 6,318
Courtland Oval Field (Courtland West),5/17/26,Sun,11:30 AM,12932,Shaker Hts.   SILV,,Solon United   U8,,Boys,2017(U09),East 5,318
Courtland Oval Field (Courtland West),5/17/26,Sun,1:00 PM,12637,Shaker Hts.   U8 B,,Brecksville Bees SA   Y,,Boys,2017(U09),East 4,318
Courtland Oval Field (Courtland West),5/17/26,Sun,2:30 PM,12428,Shaker Hts.   WHT,,Twinsburg,,Girls,2017(U09),East 5,318
Courtland Oval Field (Courtland West),5/17/26,Sun,4:00 PM,12640,Shaker Hts.   WHT,,Streetsboro,,Boys,2017(U09),East 4,318
Courtland Oval Field (Courtland West),5/31/26,Sun,10:00 AM,12429,Shaker Hts.   WHT,,Solon United   Blue,,Girls,2017(U09),East 5,318
Courtland Oval Field (Courtland West),5/31/26,Sun,11:30 AM,1030,Shaker Hts.   SILV,,Field,,Boys,2016(U10),East 5,318
Courtland Oval Field (Courtland West),5/31/26,Sun,2:30 PM,7022,Shaker Hts.   RED,,Mentor,,Girls,2016(U10),East 4,318
Courtland Oval Field (Courtland West),5/31/26,Sun,4:00 PM,14137,Shaker Hts.   BLK,,Mayfield   DW,,Girls,2017(U09),1,318
Courtland Oval Field (Courtland West),5/31/26,Sun,5:30 PM,1632,Shaker Hts.   RED,,Willoughby,,Boys,2016(U10),East 3,318
Cove Park (Cove Field),4/14/26,Tue,6:30 PM,7510,Lakewood   G16P,4,Rocky River   WHT,4,Girls,2016(U10),West 5,312
Cove Park (Cove Field),4/28/26,Tue,6:30 PM,12113,Lakewood   G17G,,Olmsted Falls   Blue,,Girls,2017(U09),West 3,312
Cove Park (Cove Field),4/29/26,Wed,6:30 PM,13910,Lakewood   B17W,,Avon   DK,,Boys,2017(U09),West 6 EN,312
Cove Park (Cove Field),5/3/26,Sun,4:00 PM,15512,Lakewood   B16W,,Brunswick   WHT,,Boys,2016(U10),West 8,312
Cove Park (Cove Field),5/6/26,Wed,6:30 PM,12723,Lakewood   B17G,,Amherst,,Boys,2017(U09),West 3,312
Cove Park (Cove Field),5/12/26,Tue,6:30 PM,14029,Lakewood   B17P,,Amherst,,Boys,2017(U09),West 4,312
Cove Park (Cove Field),5/17/26,Sun,2:30 PM,12028,Lakewood   G17P,,Avon Lake   BLK,,Girls,2017(U09),West 5,312
Cove Park (Cove Field),5/17/26,Sun,4:00 PM,13920,Lakewood   B17W,,Westlake   KM,,Boys,2017(U09),West 6 EN,312
Cove Park (Cove Field),5/19/26,Tue,6:30 PM,12131,Lakewood   G17G,,Westlake   JB,,Girls,2017(U09),West 3,312
Cove Park (Cove Field),5/31/26,Sun,11:30 AM,7524,Lakewood   G16P,,Brecksville Bees SA   Y,,Girls,2016(U10),West 5,312
Cove Park (Cove Field),5/31/26,Sun,2:30 PM,12029,Lakewood   G17P,,Westlake   BL,,Girls,2017(U09),West 5,312
Crestview Elementary (9v9),4/12/26,Sun,10:00 AM,1702,Brunswick   RYL,2,Avon Lake   GOLD,1,Boys,2015(U11),1,254
Crestview Elementary (9v9),4/12/26,Sun,1:00 PM,2802,Brunswick   WHT,6,Green,4,Boys,2015(U11),South 5,254
Crestview Elementary (9v9),4/14/26,Tue,6:30 PM,8305,Brunswick   RYL,1,North Ridgeville,0,Girls,2015(U11),1,254
Crestview Elementary (9v9),4/24/26,Fri,6:00 PM,8705,Brunswick   WHT,,North Olmsted,,Girls,2014(U12),West 5,254
Crestview Elementary (9v9),4/26/26,Sun,1:00 PM,8311,Brunswick   RYL,,Bay Village   JTR,,Girls,2015(U11),1,254
Crestview Elementary (9v9),4/30/26,Thu,6:30 PM,8709,Brunswick   WHT,,Amherst,,Girls,2014(U12),West 5,254
Crestview Elementary (9v9),5/1/26,Fri,6:30 PM,8905,Brunswick   RYL,,North Royalton   14P,,Girls,2014(U12),1,254
Crestview Elementary (9v9),5/3/26,Sun,2:30 PM,2818,Brunswick   WHT,,Wooster,,Boys,2015(U11),South 5,254
Crestview Elementary (9v9),5/3/26,Sun,5:30 PM,8322,Brunswick   RYL,,Brecksville Bees SA   R,,Girls,2015(U11),1,254
Crestview Elementary (9v9),5/4/26,Mon,6:30 PM,1704,Brunswick   RYL,,Highland   NF1,,Boys,2015(U11),1,254
Crestview Elementary (9v9),5/6/26,Wed,6:00 PM,8920,Brunswick   RYL,,Kenston,,Girls,2014(U12),1,254
Crestview Elementary (9v9),5/10/26,Sun,4:00 PM,8713,Brunswick   WHT,,Lakewood   G14P,,Girls,2014(U12),West 5,254
Crestview Elementary (9v9),5/13/26,Wed,6:30 PM,1717,Brunswick   RYL,,Strongsville,,Boys,2015(U11),1,254
Crestview Elementary (9v9),5/15/26,Fri,6:30 PM,2822,Brunswick   WHT,,Cloverleaf,,Boys,2015(U11),South 5,254
Crestview Elementary (9v9),5/17/26,Sun,2:30 PM,8922,Brunswick   RYL,,Westlake   DK,,Girls,2014(U12),1,254
Crestview Elementary (9v9),5/20/26,Wed,6:30 PM,8901,Brunswick   RYL,,North Royalton   15P,,Girls,2014(U12),1,254
Crestview Elementary (9v9),5/31/26,Sun,11:30 AM,1723,Brunswick   RYL,,Shaker Hts.   BLK,,Boys,2015(U11),1,254
Crestview Elementary (9v9),5/31/26,Sun,1:00 PM,8337,Brunswick   RYL,,North Olmsted,,Girls,2015(U11),1,254
Crestview Elementary (9v9),5/31/26,Sun,4:00 PM,8717,Brunswick   WHT,,Avon   TF,,Girls,2014(U12),West 5,254
Crestview Elementary (9v9),6/4/26,Thu,6:30 PM,2811,Brunswick   WHT,,Revere   BLUE,,Boys,2015(U11),South 5,254
DePaola Park  ( DePaola #3),4/12/26,Sun,2:30 PM,12704,Amherst,0,Bay Village   SM,3,Boys,2017(U09),West 3,298
DePaola Park  ( DePaola #3),4/12/26,Sun,4:00 PM,14103,Amherst,2,Mayfield   DW,4,Girls,2017(U09),1,298
DePaola Park  ( DePaola #3),4/19/26,Sun,2:30 PM,12706,Amherst,3,Avon   TN,1,Boys,2017(U09),West 3,298
DePaola Park  ( DePaola #3),4/19/26,Sun,4:00 PM,14109,Amherst,1,Independence,5,Girls,2017(U09),1,298
DePaola Park  ( DePaola #3),4/21/26,Tue,6:30 PM,14001,Amherst,,Lakewood   B17P,,Boys,2017(U09),West 4,298
DePaola Park  ( DePaola #3),4/28/26,Tue,6:30 PM,12716,Amherst,,Rocky River   MRN,,Boys,2017(U09),West 3,298
DePaola Park  ( DePaola #3),4/30/26,Thu,6:30 PM,14016,Amherst,,Bay Village   SE,,Boys,2017(U09),West 4,298
DePaola Park  ( DePaola #3),5/1/26,Fri,6:30 PM,14120,Amherst,,Cuyahoga Falls   TC,,Girls,2017(U09),1,298
DePaola Park  ( DePaola #3),5/6/26,Wed,6:30 PM,7423,Amherst,,Sandusky,,Girls,2016(U10),West 3,298
DePaola Park  ( DePaola #3),5/7/26,Thu,6:30 PM,14019,Amherst,,North Ridgeville,,Boys,2017(U09),West 4,298
DePaola Park  ( DePaola #3),5/10/26,Sun,2:30 PM,12727,Amherst,,Bay Village   DS,,Boys,2017(U09),West 3,298
DePaola Park  ( DePaola #3),5/31/26,Sun,1:00 PM,7432,Amherst,,North Olmsted,,Girls,2016(U10),West 3,298
DePaola Park  ( DePaola #3),5/31/26,Sun,2:30 PM,14140,Amherst,,Hudson   BATS,,Girls,2017(U09),1,298
DePaola Park  ( DePaola #3),6/3/26,Wed,6:30 PM,7408,Amherst,,Westlake   NF,,Girls,2016(U10),West 3,298
DePaola Park  (DePaola #4),4/23/26,Thu,6:30 PM,14005,Amherst,,Avon Lake,,Boys,2017(U09),West 4,298
DePaola Park  (DePaola #4),4/29/26,Wed,6:30 PM,7415,Amherst,,Port Clinton,,Girls,2016(U10),West 3,298
DePaola Park  (DePaola #7),5/17/26,Sun,3:00 PM,8519,Amherst,,Fairview Park,,Girls,2015(U11),West 4,298
Deeds Field (Dover Deeds Field U11/U12 Field),4/12/26,Sun,2:15 PM,4001,Dover,7,Medina   14Wh,3,Boys,2014(U12),South 3,596
Deeds Field (Dover Deeds Field U11/U12 Field),4/12/26,Sun,4:00 PM,9002,Dover,0,Mustangs Jr,5,Girls,2014(U12),South 5,596
Deeds Field (Dover Deeds Field U11/U12 Field),4/18/26,Sat,4:00 PM,9007,Dover,5,Cloverleaf   MVM,0,Girls,2014(U12),South 5,596
Deeds Field (Dover Deeds Field U11/U12 Field),4/24/26,Fri,6:30 PM,4008,Dover,,Copley   Gold,,Boys,2014(U12),South 3,596
Deeds Field (Dover Deeds Field U11/U12 Field),4/26/26,Sun,1:00 PM,2914,Dover,,Eagles Select   2015,,Boys,2015(U11),South 6,596
Deeds Field (Dover Deeds Field U11/U12 Field),4/26/26,Sun,4:00 PM,7808,Dover,,Green,,Girls,2015(U11),South 4,596
Deeds Field (Dover Deeds Field U11/U12 Field),4/28/26,Tue,6:30 PM,7812,Dover,,Highland   BM3,,Girls,2015(U11),South 4,596
Deeds Field (Dover Deeds Field U11/U12 Field),5/3/26,Sun,1:00 PM,2925,Dover,,Jackson,,Boys,2015(U11),South 6,596
Deeds Field (Dover Deeds Field U11/U12 Field),5/3/26,Sun,4:00 PM,9016,Dover,,Copley   Blue,,Girls,2014(U12),South 5,596
Deeds Field (Dover Deeds Field U11/U12 Field),5/9/26,Sat,2:30 PM,4019,Dover,,Norton,,Boys,2014(U12),South 3,596
Deeds Field (Dover Deeds Field U11/U12 Field),5/10/26,Sun,11:30 AM,9021,Dover,,North Canton,,Girls,2014(U12),South 5,596
Deeds Field (Dover Deeds Field U11/U12 Field),5/10/26,Sun,1:00 PM,7818,Dover,,Manchester,,Girls,2015(U11),South 4,596
Deeds Field (Dover Deeds Field U11/U12 Field),5/10/26,Sun,2:30 PM,2930,Dover,,Akron Inner City,,Boys,2015(U11),South 6,596
Deeds Field (Dover Deeds Field U11/U12 Field),5/10/26,Sun,4:00 PM,4014,Dover,,Cuyahoga Falls   JH,,Boys,2014(U12),South 3,596
Deeds Field (Dover Deeds Field U11/U12 Field),5/17/26,Sun,2:30 PM,2934,Dover,,Manchester,,Boys,2015(U11),South 6,596
Deeds Field (Dover Deeds Field U11/U12 Field),5/17/26,Sun,4:00 PM,7821,Dover,,Buckeye,,Girls,2015(U11),South 4,596
Deeds Field (Dover Deeds Field U9/U10 Field 7v7),4/11/26,Sat,2:00 PM,6901,Dover,4,Revere   RED,1,Girls,2016(U10),South 4,596
Deeds Field (Dover Deeds Field U9/U10 Field 7v7),4/26/26,Sun,2:30 PM,6907,Dover,,North Royalton,,Girls,2016(U10),South 4,596
Deeds Field (Dover Deeds Field U9/U10 Field 7v7),5/3/26,Sun,2:30 PM,6913,Dover,,Perry (Stark),,Girls,2016(U10),South 4,596
Deeds Field (Dover Deeds Field U9/U10 Field 7v7),5/17/26,Sun,1:00 PM,6919,Dover,,North Canton,,Girls,2016(U10),South 4,596
Denison Park (Denison A),4/12/26,Sun,1:00 PM,1001,Eastside Kickers,0,Madison,5,Boys,2016(U10),East 5,61
Denison Park (Denison A),4/12/26,Sun,2:30 PM,2701,Eastside Kickers,3,Euclid,7,Boys,2015(U11),East 5,61
Denison Park (Denison A),4/12/26,Sun,4:00 PM,4702,Eastside Kickers,4,North Royalton,7,Boys,2013(U13),East 5,61
Denison Park (Denison A),4/19/26,Sun,2:30 PM,4704,Eastside Kickers,3,Hudson   HARW,4,Boys,2013(U13),East 5,61
Denison Park (Denison A),4/26/26,Sun,12:00 PM,10411,Eastside Kickers,,NP Aurora,,Girls,2013(U13),East 3,61
Denison Park (Denison A),4/26/26,Sun,4:00 PM,13312,Eastside Kickers,,Kenston,,Boys,2011(U15),East 4,61
Denison Park (Denison A),4/26/26,Sun,5:30 PM,11312,Eastside Kickers,,Independence,,Girls,2011(U15),4,61
Denison Park (Denison A),4/30/26,Thu,6:30 PM,6524,Eastside Kickers,,Akron Inner City,,Boys,2011(U15),2,61
Denison Park (Denison A),5/3/26,Sun,12:00 PM,13317,Eastside Kickers,,Shaker Hts.   RED,,Boys,2011(U15),East 4,61
Denison Park (Denison A),5/3/26,Sun,2:30 PM,11323,Eastside Kickers,,TUSA,,Girls,2011(U15),4,61
Denison Park (Denison A),5/3/26,Sun,5:30 PM,6528,Eastside Kickers,,Green,,Boys,2011(U15),2,61
Denison Park (Denison A),5/8/26,Fri,6:30 PM,6506,Eastside Kickers,,Bay Village   GF,,Boys,2011(U15),2,61
Denison Park (Denison A),5/10/26,Sun,11:30 AM,10422,Eastside Kickers,,Hudson   GREE,,Girls,2013(U13),East 3,61
Denison Park (Denison A),5/10/26,Sun,2:30 PM,13319,Eastside Kickers,,Streetsboro,,Boys,2011(U15),East 4,61
Denison Park (Denison A),5/10/26,Sun,4:00 PM,4717,Eastside Kickers,,Wickliffe,,Boys,2013(U13),East 5,61
Denison Park (Denison A),5/10/26,Sun,5:30 PM,11328,Eastside Kickers,,Midview,,Girls,2011(U15),4,61
Denison Park (Denison A),5/29/26,Fri,6:30 PM,6517,Eastside Kickers,,Shaker Hts.   BLK,,Boys,2011(U15),2,61
Denison Park (Denison A),5/31/26,Sun,4:30 PM,4723,Eastside Kickers,,Shaker Hts.   WHT,,Boys,2013(U13),East 5,61
Denison Park (Denison A),5/31/26,Sun,6:15 PM,11336,Eastside Kickers,,North Royalton,,Girls,2011(U15),4,61
Desan Park (DeSan Park),4/26/26,Sun,3:15 PM,409,Eastside Kickers,,Shaker Hts.   WHT,,Boys,2016(U10),East 4,654
Desan Park (DeSan Park),4/26/26,Sun,5:00 PM,13213,Eastside Kickers,,Cuyahoga Falls   JH9,,Boys,2017(U09),East 6,654
Desan Park (DeSan Park),4/26/26,Sun,6:30 PM,6612,Eastside Kickers,,Chagrin Falls   Blck,,Girls,2016(U10),East 5,654
Desan Park (DeSan Park),4/30/26,Thu,6:30 PM,413,Eastside Kickers,,Euclid,,Boys,2016(U10),East 4,654
Desan Park (DeSan Park),5/2/26,Sat,5:00 PM,13220,Eastside Kickers,,Shaker Hts.   U8 R,,Boys,2017(U09),East 6,654
Desan Park (DeSan Park),5/3/26,Sun,2:30 PM,13222,Eastside Kickers,,Orange,,Boys,2017(U09),East 6,654
Desan Park (DeSan Park),5/3/26,Sun,4:00 PM,6617,Eastside Kickers,,Twinsburg   Blue,,Girls,2016(U10),East 5,654
Desan Park (DeSan Park),5/10/26,Sun,1:00 PM,6619,Eastside Kickers,,Twinsburg   Whte,,Girls,2016(U10),East 5,654
Desan Park (DeSan Park),5/12/26,Tue,6:30 PM,6613,Eastside Kickers,,Solon United   Blue,,Girls,2016(U10),East 5,654
Desan Park (DeSan Park),5/17/26,Sun,1:00 PM,426,Eastside Kickers,,Geauga Federation SC,,Boys,2016(U10),East 4,654
Desan Park (DeSan Park),5/17/26,Sun,2:30 PM,13231,Eastside Kickers,,Stow   Whit,,Boys,2017(U09),East 6,654
Desan Park (DeSan Park),5/31/26,Sun,1:00 PM,431,Eastside Kickers,,Streetsboro,,Boys,2016(U10),East 4,654
Dodge Intermediate School  (Dodge Front A),4/12/26,Sun,1:00 PM,13203,Twinsburg,6,Eastside Kickers,1,Boys,2017(U09),East 6,178
Dodge Intermediate School  (Dodge Front A),4/12/26,Sun,4:00 PM,6603,Twinsburg   Blue,4,Solon United   Blue,2,Girls,2016(U10),East 5,178
Dodge Intermediate School  (Dodge Front A),4/18/26,Sat,3:30 PM,13208,Twinsburg,7,Cuyahoga Falls   JH9,2,Boys,2017(U09),East 6,178
Dodge Intermediate School  (Dodge Front A),4/25/26,Sat,4:30 PM,12413,Stow   Gray,,Twinsburg,,Girls,2017(U09),East 5,178
Dodge Intermediate School  (Dodge Front A),4/26/26,Sun,6:30 PM,12411,Twinsburg,,Hudson   KENN,,Girls,2017(U09),East 5,178
Dodge Intermediate School  (Dodge Front A),4/27/26,Mon,6:00 PM,6610,Twinsburg   Whte,,Twinsburg   Blue,,Girls,2016(U10),East 5,178
Dodge Intermediate School  (Dodge Front A),5/1/26,Fri,6:30 PM,13217,Twinsburg,,Kenston   Blue,,Boys,2017(U09),East 6,178
Dodge Intermediate School  (Dodge Front A),5/3/26,Sun,1:00 PM,1620,Twinsburg   Whte,,Twinsburg   Blue,,Boys,2016(U10),East 3,178
Dodge Intermediate School  (Dodge Front A),5/3/26,Sun,2:30 PM,12418,Twinsburg,,Geauga Federation SC,,Girls,2017(U09),East 5,178
Dodge Intermediate School  (Dodge Front A),5/4/26,Mon,6:30 PM,6628,Twinsburg   Blue,,Eastside Kickers,,Girls,2016(U10),East 5,178
Dodge Intermediate School  (Dodge Front A),5/10/26,Sun,2:30 PM,12422,Twinsburg,,Solon United   Blue,,Girls,2017(U09),East 5,178
Dodge Intermediate School  (Dodge Front A),5/11/26,Mon,6:30 PM,6608,Twinsburg   Blue,,Shaker Hts.   WHT,,Girls,2016(U10),East 5,178
Dodge Intermediate School  (Dodge Front A),5/17/26,Sun,1:00 PM,1628,Twinsburg   Whte,,Kenston,,Boys,2016(U10),East 3,178
Dodge Intermediate School  (Dodge Front A),5/17/26,Sun,2:30 PM,1626,Twinsburg   Blue,,North Royalton,,Boys,2016(U10),East 3,178
Dodge Intermediate School  (Dodge Front A),5/31/26,Sun,1:00 PM,1629,Twinsburg   Whte,,Orange,,Boys,2016(U10),East 3,178
Dodge Intermediate School  (Dodge Front A),5/31/26,Sun,2:30 PM,1631,Twinsburg   Blue,,Aurora,,Boys,2016(U10),East 3,178
Dodge Intermediate School  (Dodge Front A),6/7/26,Sun,11:30 AM,13210,Twinsburg,,Kenston   Whit,,Boys,2017(U09),East 6,178
Dodge Intermediate School  (Dodge Front B),4/12/26,Sun,2:30 PM,12402,Twinsburg,3,Geneva,1,Girls,2017(U09),East 5,178
Dodge Intermediate School  (Dodge Front B),4/26/26,Sun,1:00 PM,1609,Twinsburg   Blue,,Orange,,Boys,2016(U10),East 3,178
Dodge Intermediate School  (Dodge Front B),4/26/26,Sun,2:30 PM,1610,Twinsburg   Whte,,Shaker Hts.   RED,,Boys,2016(U10),East 3,178
Dodge Intermediate School  (Dodge Front B),4/29/26,Wed,6:00 PM,1613,Twinsburg   Blue,,Kenston,,Boys,2016(U10),East 3,178
Dodge Intermediate School  (Dodge Front B),4/30/26,Thu,6:30 PM,6615,Twinsburg   Whte,,Streetsboro,,Girls,2016(U10),East 5,178
Dodge Intermediate School  (Dodge Front B),5/17/26,Sun,4:00 PM,6623,Twinsburg   Whte,,Shaker Hts.   WHT,,Girls,2016(U10),East 5,178
Dodge Intermediate School  (Dodge Front B),5/31/26,Sun,11:30 AM,6626,Twinsburg   Whte,,Eastside Kickers,,Girls,2016(U10),East 5,178
Dodge Intermediate School  (Dodge Front B),5/31/26,Sun,4:00 PM,6625,Twinsburg   Blue,,Chagrin Falls   Blck,,Girls,2016(U10),East 5,178
Doylestown Memorial Turf Stadium (Doylestown Memorial Turf Stadium),4/12/26,Sun,2:30 PM,9703,Chippewa,4,Akron Inner City,1,Girls,2013(U13),South 3,581
Doylestown Memorial Turf Stadium (Doylestown Memorial Turf Stadium),4/14/26,Tue,6:30 PM,10802,Chippewa,1,Ashland,1,Girls,2012(U14),2,581
Doylestown Memorial Turf Stadium (Doylestown Memorial Turf Stadium),4/21/26,Tue,6:30 PM,9708,Chippewa,,Lake Select SC   1314,,Girls,2013(U13),South 3,581
Doylestown Memorial Turf Stadium (Doylestown Memorial Turf Stadium),5/7/26,Thu,6:45 PM,10808,Chippewa,,West Geauga,,Girls,2012(U14),2,581
Doylestown Memorial Turf Stadium (Doylestown Memorial Turf Stadium),5/13/26,Wed,6:30 PM,10824,Chippewa,,Parma,,Girls,2012(U14),2,581
Doylestown Memorial Turf Stadium (Doylestown Memorial Turf Stadium),5/29/26,Fri,6:30 PM,10839,Chippewa,,Strongsville,,Girls,2012(U14),2,581
Doylestown Memorial Turf Stadium (Doylestown Memorial Turf Stadium),5/31/26,Sun,2:30 PM,9725,Chippewa,,Green,,Girls,2013(U13),South 3,581
Doylestown Memorial Turf Stadium (Doylestown Memorial Turf Stadium),6/7/26,Sun,2:30 PM,9728,Chippewa,,Manchester,,Girls,2013(U13),South 3,581
Dudley Park (Dudley Park 7v7),4/23/26,Thu,6:00 PM,406,Wickliffe,,Eastside Kickers,,Boys,2016(U10),East 4,689
Dudley Park (Dudley Park 7v7),4/30/26,Thu,6:30 PM,414,Wickliffe,,Hudson   CORV,,Boys,2016(U10),East 4,689
Dudley Park (Dudley Park 7v7),5/3/26,Sun,2:30 PM,12924,Wickliffe,,Eastside Kickers,,Boys,2017(U09),East 5,689
Dudley Park (Dudley Park 7v7),5/17/26,Sun,9:30 AM,427,Wickliffe,,Shaker Hts.   WHT,,Boys,2016(U10),East 4,689
Dudley Park (Dudley Park 7v7),5/31/26,Sun,4:00 PM,12939,Wickliffe,,Geauga Federation SC,,Boys,2017(U09),East 5,689
Dudley Park (Dudley Park 9v9),5/3/26,Sun,2:30 PM,3020,Wickliffe,,Stow   Mar,,Boys,2015(U11),2,689
Dudley Park (Dudley Park 9v9),5/17/26,Sun,11:30 AM,3028,Wickliffe,,Westlake   AM,,Boys,2015(U11),2,689
Dudley Park (Dudley Park 9v9),5/17/26,Sun,1:00 PM,3135,Wickliffe,,Kent   ER,,Boys,2014(U12),East 3,689
Dudley Park (Dudley Park 9v9),5/31/26,Sun,2:30 PM,3029,Wickliffe,,Aurora   BLK,,Boys,2015(U11),2,689
Dudley Park (Dudley Park 9v9),5/31/26,Sun,5:30 PM,9223,Wickliffe,,Aurora,,Girls,2014(U12),East 3,689
Eastlake North High School (Carter Stadium),4/12/26,Sun,4:00 PM,4703,Wickliffe,3,Orange,3,Boys,2013(U13),East 5,763
Eastlake North High School (Carter Stadium),4/30/26,Thu,6:30 PM,5812,Wickliffe,,Mayfield   RP14,,Boys,2012(U14),East 3,763
Eastlake North High School (Carter Stadium),5/3/26,Sun,1:00 PM,4714,Wickliffe,,Shaker Hts.   WHT,,Boys,2013(U13),East 5,763
Eastlake North High School (Carter Stadium),5/3/26,Sun,4:00 PM,10917,Wickliffe,,Northwest,,Girls,2012(U14),4,763
Eastlake North High School (Carter Stadium),5/10/26,Sun,2:30 PM,5818,Wickliffe,,Chagrin Falls   Orng,,Boys,2012(U14),East 3,763
Eastlake North High School (Carter Stadium),5/10/26,Sun,4:00 PM,10921,Wickliffe,,Orange,,Girls,2012(U14),4,763
Eastlake North High School (Carter Stadium),5/31/26,Sun,4:00 PM,4722,Wickliffe,,Hudson   HARW,,Boys,2013(U13),East 5,763
Eastlake North High School (Carter Stadium),5/31/26,Sun,5:30 PM,10930,Wickliffe,,Shaker Hts.   RED,,Girls,2012(U14),4,763
Eastlake Travel Soccer  (Lower Field U13),4/19/26,Sun,1:00 PM,13306,Eastlake,1,Eastside Kickers,3,Boys,2011(U15),East 4,9
Eastlake Travel Soccer  (Lower Field U13),4/26/26,Sun,2:30 PM,11410,Eastlake,,Cloverleaf,,Girls,2011(U15),5,9
Eastlake Travel Soccer  (Lower Field U13),4/28/26,Tue,6:30 PM,13314,Eastlake,,Kenston,,Boys,2011(U15),East 4,9
Eastlake Travel Soccer  (Lower Field U13),5/3/26,Sun,1:00 PM,11420,Eastlake,,Dover,,Girls,2011(U15),5,9
Eastlake Travel Soccer  (Lower Field U13),5/3/26,Sun,4:00 PM,13318,Eastlake,,Nordonia,,Boys,2011(U15),East 4,9
Eastlake Travel Soccer  (Lower Field U13),5/17/26,Sun,2:30 PM,11428,Eastlake,,Manchester,,Girls,2011(U15),5,9
Eastlake Travel Soccer  (Lower Field U13),5/31/26,Sun,6:00 PM,11429,Eastlake,,Mustangs Jr,,Girls,2011(U15),5,9
Eastlake Travel Soccer  (Lower Field U13),6/7/26,Sun,4:00 PM,13311,Eastlake,,Aurora,,Boys,2011(U15),East 4,9
Edson Park U13/U14 (Field #1),4/12/26,Sun,2:30 PM,9803,Field,5,West Geauga,0,Girls,2013(U13),East 2,416
Edson Park U13/U14 (Field #1),4/21/26,Tue,6:00 PM,9805,Field,,Twinsburg,,Girls,2013(U13),East 2,416
Edson Park U13/U14 (Field #1),5/3/26,Sun,2:30 PM,9814,Field,,Shaker Hts.   BLK,,Girls,2013(U13),East 2,416
Edson Park U13/U14 (Field #1),5/31/26,Sun,2:30 PM,9822,Field,,Mayfield   TB,,Girls,2013(U13),East 2,416
Elmwood Park (Field 4),4/12/26,Sun,1:30 PM,9402,Independence,1,Hudson   SHUT,5,Girls,2014(U12),2,124
Elmwood Park (Field 4),4/19/26,Sun,6:00 PM,9408,Independence,5,Geauga Federation SC,3,Girls,2014(U12),2,124
Elmwood Park (Field 4),4/21/26,Tue,6:30 PM,3814,Independence,,Olmsted Falls   Blue,,Boys,2014(U12),West 3,124
Elmwood Park (Field 4),4/29/26,Wed,6:30 PM,3824,Independence,,North Ridgeville   Navy,,Boys,2014(U12),West 3,124
Elmwood Park (Field 4),5/3/26,Sun,4:00 PM,9424,Independence,,Euclid,,Girls,2014(U12),2,124
Elmwood Park (Field 4),5/19/26,Tue,6:30 PM,3820,Independence,,Firelands,,Boys,2014(U12),West 3,124
Elmwood Park (Field 4),5/31/26,Sun,2:30 PM,3843,Independence,,Bay Village   JS,,Boys,2014(U12),West 3,124
Elmwood Park (Field 4),5/31/26,Sun,6:00 PM,9439,Independence,,Chagrin Falls,,Girls,2014(U12),2,124
Fairchild Fields (Fairchild # 1),4/26/26,Sun,2:30 PM,1415,Kent   GD,,Cloverleaf,,Boys,2016(U10),South 5,511
Fairchild Fields (Fairchild # 1),4/26/26,Sun,4:00 PM,7212,Kent   TS,,NP Aurora,,Girls,2016(U10),East 3,511
Fairchild Fields (Fairchild # 1),4/28/26,Tue,6:30 PM,7213,Kent   TS,,Stow   Gold,,Girls,2016(U10),East 3,511
Fairchild Fields (Fairchild # 1),5/3/26,Sun,4:00 PM,1421,Kent   GD,,New Philadelphia,,Boys,2016(U10),South 5,511
Fairchild Fields (Fairchild # 1),5/6/26,Wed,6:30 PM,7217,Kent   TS,,Solon United   Gold,,Girls,2016(U10),East 3,511
Fairchild Fields (Fairchild # 1),5/10/26,Sun,2:30 PM,7219,Kent   TS,,Aurora,,Girls,2016(U10),East 3,511
Fairchild Fields (Fairchild # 1),5/17/26,Sun,4:00 PM,1431,Kent   GD,,Medina   U9Wh,,Boys,2016(U10),South 5,511
Fairchild Fields (Fairchild # 1),5/31/26,Sun,4:00 PM,1438,Kent   GD,,Lake Select SC   2016,,Boys,2016(U10),South 5,511
Fairlawn Fields (Fairlawn Field 650),4/23/26,Thu,6:00 PM,6306,Copley,,Ashland,,Boys,2011(U15),South 3,165
Fairlawn Fields (Fairlawn Field 650),4/24/26,Fri,6:30 PM,11307,Copley,,Eastside Kickers,,Girls,2011(U15),4,165
Fairlawn Fields (Fairlawn Field 650),4/28/26,Tue,6:30 PM,6311,Copley,,Manchester,,Boys,2011(U15),South 3,165
Fairview Park High School 11 v 11 (Fairview Park High School),4/12/26,Sun,1:00 PM,10501,Fairview Park,2,Amherst,1,Girls,2012(U14),3,23
Fairview Park High School 11 v 11 (Fairview Park High School),4/19/26,Sun,11:30 AM,10505,Fairview Park,0,Medina   12WT,0,Girls,2012(U14),3,23
Fairview Park High School 11 v 11 (Fairview Park High School),4/19/26,Sun,5:30 PM,10201,Fairview Park,1,Olmsted Falls   Blue,3,Girls,2013(U13),West 3,23
Fairview Park High School 11 v 11 (Fairview Park High School),4/26/26,Sun,11:30 AM,10207,Fairview Park,,Independence,,Girls,2013(U13),West 3,23
Fairview Park High School 11 v 11 (Fairview Park High School),5/3/26,Sun,2:30 PM,10522,Fairview Park,,Cloverleaf   JF,,Girls,2012(U14),3,23
Fairview Park High School 11 v 11 (Fairview Park High School),5/3/26,Sun,5:30 PM,10213,Fairview Park,,North Ridgeville,,Girls,2013(U13),West 3,23
Fairview Park High School 11 v 11 (Fairview Park High School),5/10/26,Sun,2:30 PM,10520,Fairview Park,,Madison,,Girls,2012(U14),3,23
Fairview Park High School 11 v 11 (Fairview Park High School),5/17/26,Sun,2:30 PM,10219,Fairview Park,,Rocky River   WHT,,Girls,2013(U13),West 3,23
Field High School  (Field High School),4/14/26,Tue,6:30 PM,7604,Field,1,Jackson,5,Girls,2015(U11),South 3,607
Field High School  (Field High School),4/17/26,Fri,6:30 PM,3503,Field,4,Medina   14Go,1,Boys,2014(U12),South 5,607
Field High School  (Field High School),4/19/26,Sun,1:00 PM,3507,Field,7,Revere   BLUE,2,Boys,2014(U12),South 5,607
Field High School  (Field High School),5/1/26,Fri,6:30 PM,7614,Field,,Revere   BLUE,,Girls,2015(U11),South 3,607
Field High School  (Field High School),5/10/26,Sun,2:30 PM,3524,Field,,North Canton,,Boys,2014(U12),South 5,607
Field High School  (Field High School),5/17/26,Sun,1:00 PM,3525,Field,,Wooster,,Boys,2014(U12),South 5,607
Field High School  (Field High School),5/19/26,Tue,6:30 PM,7627,Field,,Norton,,Girls,2015(U11),South 3,607
Field High School  (Field High School),6/2/26,Tue,6:30 PM,7606,Field,,Ashland,,Girls,2015(U11),South 3,607
Firelands High School (FHS: Field 6 (7v7)),4/19/26,Sun,1:00 PM,14006,Firelands,4,Olmsted Falls   Gold,1,Boys,2017(U09),West 4,758
Firelands High School (FHS: Field 6 (7v7)),4/28/26,Tue,6:30 PM,14014,Firelands,,Lakewood   B17P,,Boys,2017(U09),West 4,758
Firelands High School (FHS: Field 6 (7v7)),5/6/26,Wed,6:30 PM,14004,Firelands,,North Ridgeville,,Boys,2017(U09),West 4,758
Firelands High School (FHS: Field 6 (7v7)),5/19/26,Tue,6:30 PM,14027,Firelands,,Amherst,,Boys,2017(U09),West 4,758
Firelands High School (FHS: Field 7 (9v9)),4/17/26,Fri,6:30 PM,3003,Firelands,2,Stow   Mar,1,Boys,2015(U11),2,758
Firelands High School (FHS: Field 7 (9v9)),4/19/26,Sun,2:30 PM,3007,Firelands,2,Wickliffe,2,Boys,2015(U11),2,758
Firelands High School (FHS: Field 7 (9v9)),4/26/26,Sun,6:30 PM,14611,Firelands,,Olmsted Falls   Blue,,Girls,2015(U11),West 2,758
Firelands High School (FHS: Field 7 (9v9)),4/28/26,Tue,6:30 PM,2310,Firelands,,Norwalk HCYSC   ML,,Boys,2015(U11),West 5,758
Firelands High School (FHS: Field 7 (9v9)),4/30/26,Thu,6:30 PM,14614,Firelands,,Avon Lake   GOLD,,Girls,2015(U11),West 2,758
Firelands High School (FHS: Field 7 (9v9)),5/3/26,Sun,2:30 PM,2315,Firelands,,Lakewood   B15G,,Boys,2015(U11),West 5,758
Firelands High School (FHS: Field 7 (9v9)),5/3/26,Sun,4:00 PM,3830,Firelands,,North Ridgeville   Navy,,Boys,2014(U12),West 3,758
Firelands High School (FHS: Field 7 (9v9)),5/5/26,Tue,6:30 PM,14618,Firelands,,Rocky River   MRN,,Girls,2015(U11),West 2,758
Firelands High School (FHS: Field 7 (9v9)),5/7/26,Thu,6:30 PM,3825,Firelands,,Fairview Park   AM,,Boys,2014(U12),West 3,758
Firelands High School (FHS: Field 7 (9v9)),5/10/26,Sun,2:30 PM,3024,Firelands,,Hudson   SATT,,Boys,2015(U11),2,758
Firelands High School (FHS: Field 7 (9v9)),5/17/26,Sun,1:00 PM,3025,Firelands,,Bay Village   MiC,,Boys,2015(U11),2,758
Firelands High School (FHS: Field 7 (9v9)),5/17/26,Sun,2:30 PM,2320,Firelands,,TUSA,,Boys,2015(U11),West 5,758
Firelands High School (FHS: Field 7 (9v9)),5/28/26,Thu,6:30 PM,3809,Firelands,,Westlake   DS,,Boys,2014(U12),West 3,758
Firelands High School (FHS: Field 7 (9v9)),5/31/26,Sun,1:00 PM,3844,Firelands,,Lakewood   B14P,,Boys,2014(U12),West 3,758
Firelands High School (FHS: Field 7 (9v9)),5/31/26,Sun,2:30 PM,2324,Firelands,,Parma,,Boys,2015(U11),West 5,758
Firelands High School (FHS: Field 7 (9v9)),6/2/26,Tue,6:30 PM,14606,Firelands,,Westlake   BL,,Girls,2015(U11),West 2,758
Fishcreek Field (9v9),4/19/26,Sun,1:00 PM,3707,Kent   BW,1,Stow   Mar,2,Boys,2014(U12),East 2,481
Fishcreek Field (9v9),4/26/26,Sun,11:30 AM,1911,Kent   GD,,Chagrin Falls   Blck,,Boys,2015(U11),East 6,481
Fishcreek Field (9v9),5/10/26,Sun,12:30 PM,9120,Kent   TS,,Geneva   14G,,Girls,2014(U12),East 4,481
Foltz Fields (Foltz 1),4/12/26,Sun,6:30 PM,6201,Strongsville,0,Bay Village   SE,2,Boys,2011(U15),1,230
Foltz Fields (Foltz 1),4/14/26,Tue,6:30 PM,10136,Strongsville,1,Avon Lake   GOLD,3,Girls,2013(U13),1,230
Foltz Fields (Foltz 1),4/20/26,Mon,6:30 PM,6210,Strongsville,,Medina   U15G,,Boys,2011(U15),1,230
Foltz Fields (Foltz 1),4/21/26,Tue,6:30 PM,5211,Strongsville,,Port Clinton,,Boys,2013(U13),West 3,230
Foltz Fields (Foltz 1),4/26/26,Sun,8:00 AM,10112,Strongsville,,Westlake   JD,,Girls,2013(U13),1,230
Foltz Fields (Foltz 1),4/26/26,Sun,12:00 PM,5209,Strongsville,,Rocky River   MRN,,Boys,2013(U13),West 3,230
Foltz Fields (Foltz 1),5/8/26,Fri,6:30 PM,10817,Strongsville,,Ashland,,Girls,2012(U14),2,230
Foltz Fields (Foltz 1),5/10/26,Sun,4:00 PM,10324,Strongsville,,Buckeye,,Girls,2013(U13),West 4,230
Foltz Fields (Foltz 1),5/11/26,Mon,6:30 PM,10128,Strongsville,,Brunswick   RYL,,Girls,2013(U13),1,230
Foltz Fields (Foltz 1),5/12/26,Tue,6:30 PM,11217,Strongsville,,Stow   Mar,,Girls,2011(U15),1,230
Foltz Fields (Foltz 1),5/17/26,Sun,2:30 PM,10325,Strongsville,,Medina   13WT,,Girls,2013(U13),West 4,230
Foltz Fields (Foltz 1),5/17/26,Sun,6:00 PM,10833,Strongsville,,Bay Village   DR,,Girls,2012(U14),2,230
Foltz Fields (Foltz 1),5/18/26,Mon,6:30 PM,5216,Strongsville,,Midview,,Boys,2013(U13),West 3,230
Foltz Fields (Foltz 1),5/19/26,Tue,6:30 PM,10307,Strongsville,,Midview   WH,,Girls,2013(U13),West 4,230
Foltz Fields (Foltz 1),5/26/26,Tue,6:45 PM,10123,Strongsville,,Perry (Stark),,Girls,2013(U13),1,230
Foltz Fields (Foltz 1),5/27/26,Wed,6:30 PM,5206,Strongsville,,Amherst,,Boys,2013(U13),West 3,230
Foltz Fields (Foltz 1),5/31/26,Sun,6:30 PM,10810,Strongsville,,Twinsburg,,Girls,2012(U14),2,230
Foltz Fields (Foltz 1),6/2/26,Tue,6:30 PM,11223,Strongsville,,Jackson,,Girls,2011(U15),1,230
Foltz Fields (Foltz 2),4/13/26,Mon,6:30 PM,1703,Strongsville,0,Orange,4,Boys,2015(U11),1,230
Foltz Fields (Foltz 2),4/17/26,Fri,6:30 PM,9213,Strongsville,6,Twinsburg   Whte,1,Girls,2014(U12),East 3,230
Foltz Fields (Foltz 2),4/19/26,Sun,11:30 AM,1705,Strongsville,6,Avon Lake   GOLD,3,Boys,2015(U11),1,230
Foltz Fields (Foltz 2),4/19/26,Sun,2:30 PM,3806,Strongsville,,Lakewood   B14P,,Boys,2014(U12),West 3,230
Foltz Fields (Foltz 2),4/20/26,Mon,6:30 PM,13408,Strongsville,,Lake Select SC   2014,,Boys,2014(U12),2,230
Foltz Fields (Foltz 2),4/21/26,Tue,6:30 PM,8602,Strongsville,,Avon   DT,,Girls,2015(U11),West 3,230
Foltz Fields (Foltz 2),4/25/26,Sat,4:00 PM,2012,Strongsville,,New Philadelphia,,Boys,2015(U11),South 4,230
Foltz Fields (Foltz 2),4/26/26,Sun,11:30 AM,9207,Strongsville,,Streetsboro,,Girls,2014(U12),East 3,230
Foltz Fields (Foltz 2),4/26/26,Sun,1:00 PM,2008,Strongsville,,Copley,,Boys,2015(U11),South 4,230
Foltz Fields (Foltz 2),5/8/26,Fri,6:30 PM,1714,Strongsville,,Shaker Hts.   BLK,,Boys,2015(U11),1,230
Foltz Fields (Foltz 2),5/10/26,Sun,4:00 PM,2018,Strongsville,,Tallmadge,,Boys,2015(U11),South 4,230
Foltz Fields (Foltz 2),5/11/26,Mon,6:30 PM,3826,Strongsville,,Independence,,Boys,2014(U12),West 3,230
Foltz Fields (Foltz 2),5/13/26,Wed,6:00 PM,13423,Strongsville,,North Olmsted   ORNG,,Boys,2014(U12),2,230
Foltz Fields (Foltz 2),5/17/26,Sun,11:30 AM,2021,Strongsville,,Buckeye,,Boys,2015(U11),South 4,230
Foltz Fields (Foltz 2),5/17/26,Sun,5:30 PM,9219,Strongsville,,Wickliffe,,Girls,2014(U12),East 3,230
Foltz Fields (Foltz 2),5/18/26,Mon,6:00 PM,3816,Strongsville,,Fairview Park   AM,,Boys,2014(U12),West 3,230
Foltz Fields (Foltz 2),5/18/26,Mon,6:30 PM,7127,Stow   Mar,,Strongsville,,Girls,2016(U10),1,230
Foltz Fields (Foltz 2),5/21/26,Thu,6:30 PM,8617,Strongsville,,Vermilion,,Girls,2015(U11),West 3,230
Foltz Fields (Foltz 2),5/27/26,Wed,6:30 PM,13415,Strongsville,,Wadsworth,,Boys,2014(U12),2,230
Foltz Fields (Foltz 2),6/7/26,Sun,1:00 PM,3821,Strongsville,,Olmsted Falls   Blue,,Boys,2014(U12),West 3,230
Foltz Fields (Foltz 3A),4/12/26,Sun,11:30 AM,7101,Strongsville,0,Avon   AG,5,Girls,2016(U10),1,230
Foltz Fields (Foltz 3A),4/19/26,Sun,2:30 PM,11708,Strongsville,6,Bay Village   CL,1,Girls,2017(U09),West 4,230
Foltz Fields (Foltz 3A),4/20/26,Mon,6:00 PM,7105,Strongsville,,Medina   16GN,,Girls,2016(U10),1,230
Foltz Fields (Foltz 3A),5/4/26,Mon,6:30 PM,7119,Strongsville,,North Royalton,,Girls,2016(U10),1,230
Foltz Fields (Foltz 3A),5/7/26,Thu,6:30 PM,301,Strongsville,,Wadsworth,,Boys,2016(U10),South 3,230
Foltz Fields (Foltz 3A),5/8/26,Fri,6:30 PM,127,Strongsville,,Mayfield   MO,,Boys,2016(U10),2,230
Foltz Fields (Foltz 3A),5/10/26,Sun,4:00 PM,14224,Strongsville,,Westlake   JJ,,Girls,2017(U09),2,230
Foltz Fields (Foltz 3A),5/12/26,Tue,6:30 PM,11723,Strongsville,,Avon Lake   MRN,,Girls,2017(U09),West 4,230
Foltz Fields (Foltz 3A),5/14/26,Thu,6:30 PM,313,Strongsville,,Highland   BB1,,Boys,2016(U10),South 3,230
Foltz Fields (Foltz 3A),5/17/26,Sun,1:00 PM,142,Strongsville,,Lakewood   B16G,,Boys,2016(U10),2,230
Foltz Fields (Foltz 3A),5/20/26,Wed,6:30 PM,14225,Strongsville,,Brunswick   BD,,Girls,2017(U09),2,230
Foltz Fields (Foltz 3A),5/22/26,Fri,6:00 PM,147,Strongsville,,Avon Lake   BLK,,Boys,2016(U10),2,230
Foltz Fields (Foltz 3A),5/26/26,Tue,6:30 PM,13528,Strongsville,,Avon Lake,,Boys,2017(U09),2,230
Foltz Fields (Foltz 3A),5/28/26,Thu,6:30 PM,11732,Strongsville,,Rocky River   BLK,,Girls,2017(U09),West 4,230
Foltz Fields (Foltz 3A),6/1/26,Mon,6:30 PM,319,Strongsville,,Revere   RED,,Boys,2016(U10),South 3,230
Foltz Fields (Foltz 3A),6/2/26,Tue,6:30 PM,13525,Strongsville,,Westlake,,Boys,2017(U09),2,230
Foltz Fields (Foltz 3A),6/7/26,Sun,1:00 PM,14203,Strongsville,,Avon Lake   GOLD,,Girls,2017(U09),2,230
Foltz Fields (Foltz 3B),4/12/26,Sun,6:00 PM,13503,Strongsville,5,Revere   RED,6,Boys,2017(U09),2,230
Foltz Fields (Foltz 3B),4/19/26,Sun,1:00 PM,14207,Strongsville,8,Ashland,4,Girls,2017(U09),2,230
Foltz Fields (Foltz 3B),4/20/26,Mon,6:30 PM,307,Strongsville,,North Royalton,,Boys,2016(U10),South 3,230
Foltz Fields (Foltz 4),4/12/26,Sun,5:00 PM,10801,Strongsville,0,Green   13Bk,3,Girls,2012(U14),2,230
Foltz Fields (Foltz 4),4/26/26,Sun,1:00 PM,5612,Strongsville,,Amherst,,Boys,2012(U14),1,230
Foltz Fields (Foltz 4),5/11/26,Mon,6:30 PM,10303,Strongsville,,Bay Village   JK,,Girls,2013(U13),West 4,230
Foltz Fields (Foltz 4),5/15/26,Fri,6:30 PM,6217,Strongsville,,Hudson   KNAP,,Boys,2011(U15),1,230
Foltz Fields (Foltz 5 A),4/19/26,Sun,5:30 PM,8604,Strongsville,1,Parma,5,Girls,2015(U11),West 3,230
Foltz Fields (Foltz 5 A),5/8/26,Fri,6:30 PM,9201,Strongsville,,Aurora,,Girls,2014(U12),East 3,230
Foltz Fields (Foltz 5 B),4/21/26,Tue,6:30 PM,13508,Strongsville,,Olmsted Falls   Blue,,Boys,2017(U09),2,230
Foltz Fields (Foltz 6),5/3/26,Sun,7:30 PM,5617,Strongsville,,Highland   AS1,,Boys,2012(U14),1,230
Foltz Fields (Foltz 6),5/10/26,Sun,7:30 PM,5619,Strongsville,,Twinsburg   Blue,,Boys,2012(U14),1,230
Foltz Fields (Foltz 6),5/15/26,Fri,6:30 PM,11204,Strongsville,,Hudson   BOWM,,Girls,2011(U15),1,230
Foltz Fields (Foltz 6),5/17/26,Sun,4:00 PM,6233,Strongsville,,Revere,,Boys,2011(U15),1,230
Foltz Fields (Foltz 6),5/17/26,Sun,7:30 PM,11202,Strongsville,,Brunswick   RYL,,Girls,2011(U15),1,230
Foltz Fields (Foltz Prandi 11),5/20/26,Wed,6:30 PM,5613,Strongsville,,Westlake   MW,,Boys,2012(U14),1,230
Foltz Fields (Foltz Prandi 12B),5/31/26,Sun,11:30 AM,1722,Strongsville,,Highland   NF1,,Boys,2015(U11),1,230
Foltz Fields (Foltz Prandi 12B),5/31/26,Sun,1:30 PM,8623,Strongsville,,Bay Village   AC,,Girls,2015(U11),West 3,230
Foltz Fields (Foltz Prandi 12B),5/31/26,Sun,2:30 PM,13432,Strongsville,,Westlake   DK,,Boys,2014(U12),2,230
Foltz Fields (Foltz Prandi 13),4/28/26,Tue,6:30 PM,11715,Strongsville,,Parma,,Girls,2017(U09),West 4,230
Foltz Fields (Foltz Prandi 13),4/30/26,Thu,6:30 PM,7116,Strongsville,,Brunswick   RYL,,Girls,2016(U10),1,230
Foltz Fields (Foltz Prandi 13),5/3/26,Sun,5:30 PM,123,Strongsville,,Brecksville Bees SA   R,,Boys,2016(U10),2,230
Garfield Middle School (Garfield Middle School Turf),4/12/26,Sun,10:00 AM,102,Lakewood   B16G,4,Ashland,2,Boys,2016(U10),2,195
Garfield Middle School (Garfield Middle School Turf),4/12/26,Sun,11:30 AM,2302,Lakewood   B15G,4,Firelands,2,Boys,2015(U11),West 5,195
Garfield Middle School (Garfield Middle School Turf),4/12/26,Sun,1:00 PM,929,Lakewood   B16P,3,Independence,5,Boys,2016(U10),West 3,195
Garfield Middle School (Garfield Middle School Turf),4/12/26,Sun,2:30 PM,14502,Lakewood   B17B,2,Westlake   SB,6,Boys,2017(U09),West 6 EV,195
Garfield Middle School (Garfield Middle School Turf),4/19/26,Sun,11:30 AM,15504,Lakewood   B16W,6,Rocky River   WHT,1,Boys,2016(U10),West 8,195
Garfield Middle School (Garfield Middle School Turf),4/19/26,Sun,1:00 PM,112,Lakewood   B16G,6,Hudson   PRIN,1,Boys,2016(U10),2,195
Garfield Middle School (Garfield Middle School Turf),4/19/26,Sun,2:30 PM,8703,Lakewood   G14P,0,Brunswick   WHT,5,Girls,2014(U12),West 5,195
Garfield Middle School (Garfield Middle School Turf),4/19/26,Sun,4:00 PM,14806,Lakewood   B14B,5,Rocky River   GRY,0,Boys,2014(U12),West 6,195
Garfield Middle School (Garfield Middle School Turf),4/19/26,Sun,5:30 PM,2304,Lakewood   B15G,5,Norwalk HCYSC   ML,0,Boys,2015(U11),West 5,195
Garfield Middle School (Garfield Middle School Turf),4/25/26,Sat,11:30 AM,7403,Lakewood   G16G,,Sandusky,,Girls,2016(U10),West 3,195
Garfield Middle School (Garfield Middle School Turf),4/26/26,Sun,11:30 AM,9303,Lakewood   G14G,,Port Clinton,,Girls,2014(U12),West 3,195
Garfield Middle School (Garfield Middle School Turf),4/26/26,Sun,1:00 PM,12109,Lakewood   G17G,,North Ridgeville,,Girls,2017(U09),West 3,195
Garfield Middle School (Garfield Middle School Turf),4/26/26,Sun,2:30 PM,3408,Lakewood   B14W,,Midview,,Boys,2014(U12),West 5,195
Garfield Middle School (Garfield Middle School Turf),4/26/26,Sun,4:00 PM,11118,Lakewood   G11G,,Sandusky,,Girls,2011(U15),3,195
Garfield Middle School (Garfield Middle School Turf),4/26/26,Sun,5:30 PM,14010,Lakewood   B17P,,North Ridgeville,,Boys,2017(U09),West 4,195
Garfield Middle School (Garfield Middle School Turf),5/2/26,Sat,11:30 AM,3624,Lakewood   B14G,,Hudson   SFEW,,Boys,2014(U12),1,195
Garfield Middle School (Garfield Middle School Turf),5/2/26,Sat,1:00 PM,3620,Lakewood   B14G,,Louisville,,Boys,2014(U12),1,195
Garfield Middle School (Garfield Middle School Turf),5/3/26,Sun,11:30 AM,14020,Lakewood   B17P,,Olmsted Falls   Gold,,Boys,2017(U09),West 4,195
Garfield Middle School (Garfield Middle School Turf),5/3/26,Sun,1:00 PM,8711,Lakewood   G14P,,Amherst,,Girls,2014(U12),West 5,195
Garfield Middle School (Garfield Middle School Turf),5/3/26,Sun,2:30 PM,3829,Lakewood   B14P,,Amherst   CS,,Boys,2014(U12),West 3,195
Garfield Middle School (Garfield Middle School Turf),5/3/26,Sun,4:00 PM,9311,Lakewood   G14G,,Westlake   CG,,Girls,2014(U12),West 3,195
Garfield Middle School (Garfield Middle School Turf),5/3/26,Sun,5:30 PM,12020,Lakewood   G17P,,Avon Lake   WHT,,Girls,2017(U09),West 5,195
Garfield Middle School (Garfield Middle School Turf),5/10/26,Sun,11:30 AM,2317,Lakewood   B15G,,TUSA,,Boys,2015(U11),West 5,195
Garfield Middle School (Garfield Middle School Turf),5/10/26,Sun,1:00 PM,14816,Lakewood   B14B,,Westlake,,Boys,2014(U12),West 6,195
Garfield Middle School (Garfield Middle School Turf),5/10/26,Sun,2:30 PM,3834,Lakewood   B14P,,Independence,,Boys,2014(U12),West 3,195
Garfield Middle School (Garfield Middle School Turf),5/10/26,Sun,4:00 PM,7424,Lakewood   G16G,,North Olmsted,,Girls,2016(U10),West 3,195
Garfield Middle School (Garfield Middle School Turf),5/10/26,Sun,5:30 PM,3418,Lakewood   B14W,,Sandusky,,Boys,2014(U12),West 5,195
Garfield Middle School (Garfield Middle School Turf),5/17/26,Sun,11:30 AM,14028,Lakewood   B17P,,Rocky River   WHT,,Boys,2017(U09),West 4,195
Garfield Middle School (Garfield Middle School Turf),5/17/26,Sun,1:00 PM,7520,Lakewood   G16P,,Westlake   BL,,Girls,2016(U10),West 5,195
Garfield Middle School (Garfield Middle School Turf),5/17/26,Sun,2:30 PM,3421,Lakewood   B14W,,Parma,,Boys,2014(U12),West 5,195
Garfield Middle School (Garfield Middle School Turf),5/17/26,Sun,4:00 PM,6125,Lakewood   B11G,,Midview,,Boys,2011(U15),West 3,195
Garfield Middle School (Garfield Middle School Turf),5/17/26,Sun,5:30 PM,928,Lakewood   B16P,,Olmsted Falls   Blue,,Boys,2016(U10),West 3,195
Garfield Middle School (Garfield Middle School Turf),5/31/26,Sun,11:30 AM,10623,Lakewood   G12G,,North Canton,,Girls,2012(U14),5,195
Garfield Middle School (Garfield Middle School Turf),5/31/26,Sun,1:00 PM,3643,Lakewood   B14G,,Avon   LS,,Boys,2014(U12),1,195
Garfield Middle School (Garfield Middle School Turf),5/31/26,Sun,2:30 PM,2323,Lakewood   B15G,,LaGrange,,Boys,2015(U11),West 5,195
Garfield Middle School (Garfield Middle School Turf),5/31/26,Sun,4:00 PM,12736,Lakewood   B17G,,Bay Village   SM,,Boys,2017(U09),West 3,195
Garfield Middle School (Garfield Middle School Turf),5/31/26,Sun,5:30 PM,5306,Lakewood   B13G,,Norwalk HCYSC   ML,,Boys,2013(U13),West 5,195
Garfield Middle School (Garfield Middle School Turf),6/7/26,Sun,1:00 PM,9320,Lakewood   G14G,,Avon Lake,,Girls,2014(U12),West 3,195
Garfield Middle School (Garfield Middle School Turf),6/7/26,Sun,4:00 PM,5320,Lakewood   B13G,,Parma Hts,,Boys,2013(U13),West 5,195
Garfield Middle School (Garfield Middle School Turf),6/7/26,Sun,5:30 PM,8720,Lakewood   G14P,,North Olmsted,,Girls,2014(U12),West 5,195
Geneva High School (Intermediate),5/10/26,Sun,11:30 AM,3327,Geneva   15B,,Shaker Hts.   WHT,,Boys,2014(U12),East 4,58
Geneva High School (Intermediate),5/31/26,Sun,2:30 PM,12430,Geneva,,Twinsburg,,Girls,2017(U09),East 5,58
Geneva High School (Large),5/10/26,Sun,1:00 PM,11421,Geneva   11G,,Eastlake,,Girls,2011(U15),5,58
Geneva High School (Large),5/10/26,Sun,2:30 PM,6420,Geneva   11B,,Hudson   NEGR,,Boys,2011(U15),East 3,58
Glenwillow Fields (Glenwillow Fields- 9v9),4/12/26,Sun,11:30 AM,2704,Solon United   Whit,1,Orange,1,Boys,2015(U11),East 5,44
Glenwillow Fields (Glenwillow Fields- 9v9),4/12/26,Sun,2:30 PM,7916,Solon United   Gold,2,Stow   Mar,2,Girls,2015(U11),East 3,44
Glenwillow Fields (Glenwillow Fields- 9v9),4/12/26,Sun,4:00 PM,2202,Solon United   Blue,6,Eastside Kickers,3,Boys,2015(U11),East 3,44
Glenwillow Fields (Glenwillow Fields- 9v9),4/19/26,Sun,2:30 PM,3107,Solon United   Whit,5,Chagrin Falls   Blck,0,Boys,2014(U12),East 3,44
Glenwillow Fields (Glenwillow Fields- 9v9),4/19/26,Sun,5:30 PM,7906,Solon United   Gold,3,Chagrin Falls   Orng,1,Girls,2015(U11),East 3,44
Glenwillow Fields (Glenwillow Fields- 9v9),4/26/26,Sun,2:30 PM,7909,Solon United   Gold,,Orange,,Girls,2015(U11),East 3,44
Glenwillow Fields (Glenwillow Fields- 9v9),4/29/26,Wed,6:30 PM,7911,Solon United   Gold,,Mentor,,Girls,2015(U11),East 3,44
Glenwillow Fields (Glenwillow Fields- 9v9),5/3/26,Sun,5:30 PM,2216,Solon United   Blue,,Mayfield   RM,,Boys,2015(U11),East 3,44
Glenwillow Fields (Glenwillow Fields- 9v9),5/10/26,Sun,2:00 PM,2221,Solon United   Blue,,Shaker Hts.   RED,,Boys,2015(U11),East 3,44
Glenwillow Fields (Glenwillow Fields- 9v9),5/10/26,Sun,3:30 PM,3126,Solon United   Whit,,Kent   ER,,Boys,2014(U12),East 3,44
Glenwillow Fields (Glenwillow Fields- 9v9),5/13/26,Wed,6:30 PM,2706,Solon United   Whit,,Geauga Federation SC   BLK,,Boys,2015(U11),East 5,44
Glenwillow Fields (Glenwillow Fields- 9v9),5/17/26,Sun,2:30 PM,3132,Solon United   Whit,,Riverside   KC,,Boys,2014(U12),East 3,44
Glenwillow Fields (Glenwillow Fields- 9v9),5/17/26,Sun,5:30 PM,2727,Solon United   Whit,,Eastside Kickers,,Boys,2015(U11),East 5,44
Glenwillow Fields (Glenwillow Fields- lower ),4/12/26,Sun,11:30 AM,12401,Solon United   Blue,8,Shaker Hts.   WHT,3,Girls,2017(U09),East 5,44
Glenwillow Fields (Glenwillow Fields- lower ),4/12/26,Sun,1:00 PM,7203,Solon United   Gold,3,Stow   Gold,2,Girls,2016(U10),East 3,44
Glenwillow Fields (Glenwillow Fields- lower ),4/12/26,Sun,2:30 PM,11901,Solon United   Gold,7,Orange,7,Girls,2017(U09),East 4 E,44
Glenwillow Fields (Glenwillow Fields- lower ),4/19/26,Sun,1:00 PM,6604,Solon United   Blue,4,Streetsboro,7,Girls,2016(U10),East 5,44
Glenwillow Fields (Glenwillow Fields- lower ),4/19/26,Sun,2:30 PM,12405,Solon United   Blue,0,Geneva,5,Girls,2017(U09),East 5,44
Glenwillow Fields (Glenwillow Fields- lower ),4/20/26,Mon,6:30 PM,7208,Solon United   Gold,,Mayfield   MF,,Girls,2016(U10),East 3,44
Glenwillow Fields (Glenwillow Fields- lower ),4/22/26,Wed,6:30 PM,14405,Solon United   Blue,,Stow   Mar,,Boys,2017(U09),East 3,44
Glenwillow Fields (Glenwillow Fields- lower ),4/26/26,Sun,1:00 PM,6609,Solon United   Blue,,Twinsburg   Whte,,Girls,2016(U10),East 5,44
Glenwillow Fields (Glenwillow Fields- lower ),4/26/26,Sun,4:00 PM,11907,Solon United   Gold,,Willoughby,,Girls,2017(U09),East 4 E,44
Glenwillow Fields (Glenwillow Fields- lower ),4/29/26,Wed,6:30 PM,12622,Solon United   Whit,,West Geauga,,Boys,2017(U09),East 4,44
Glenwillow Fields (Glenwillow Fields- lower ),4/30/26,Thu,6:30 PM,12416,Solon United   Blue,,Geauga Federation SC,,Girls,2017(U09),East 5,44
Glenwillow Fields (Glenwillow Fields- lower ),5/3/26,Sun,10:00 AM,12419,Solon United   Blue,,West Geauga,,Girls,2017(U09),East 5,44
Glenwillow Fields (Glenwillow Fields- lower ),5/3/26,Sun,2:30 PM,11913,Solon United   Gold,,Aurora,,Girls,2017(U09),East 4 E,44
Glenwillow Fields (Glenwillow Fields- lower ),5/7/26,Thu,6:30 PM,12409,Stow   Gray,,Solon United   Blue,,Girls,2017(U09),East 5,44
Glenwillow Fields (Glenwillow Fields- lower ),5/17/26,Sun,11:30 AM,6624,Solon United   Blue,,Twinsburg   Blue,,Girls,2016(U10),East 5,44
Glenwillow Fields (Glenwillow Fields- lower ),5/17/26,Sun,2:30 PM,11919,Solon United   Gold,,Mentor   Gray,,Girls,2017(U09),East 4 E,44
Glenwillow Fields (Glenwillow Fields- lower ),5/30/26,Sat,12:00 PM,7228,Solon United   Gold,,Kent   TS,,Girls,2016(U10),East 3,44
Glenwillow Fields (Glenwillow Fields- lower ),5/31/26,Sun,1:00 PM,6627,Solon United   Blue,,Shaker Hts.   WHT,,Girls,2016(U10),East 5,44
Glenwillow Fields (Glenwillow Fields- upper),4/26/26,Sun,11:30 AM,14411,Solon United   Blue,,Riverside   CB,,Boys,2017(U09),East 3,44
Glenwillow Fields (Glenwillow Fields- upper),5/3/26,Sun,11:30 AM,14422,Solon United   Blue,,Chagrin Falls,,Boys,2017(U09),East 3,44
Glenwillow Fields (Glenwillow Fields- upper),5/3/26,Sun,4:00 PM,12922,Solon United   U8,,Geauga Federation SC,,Boys,2017(U09),East 5,44
Glenwillow Fields (Glenwillow Fields- upper),5/17/26,Sun,1:00 PM,12641,Solon United   Whit,,Mentor   Gray,,Boys,2017(U09),East 4,44
Glenwillow Fields (Glenwillow Fields- upper),5/17/26,Sun,4:00 PM,1027,Solon United   Whit,,Eastside Kickers,,Boys,2016(U10),East 5,44
Glenwillow Fields (Glenwillow Fields- upper),5/20/26,Wed,6:30 PM,1014,Solon United   Whit,,Madison,,Boys,2016(U10),East 5,44
Glenwillow Fields (Glenwillow Fields- upper),5/27/26,Wed,6:00 PM,7225,Solon United   Gold,,NP Aurora,,Girls,2016(U10),East 3,44
Glenwillow Fields (Glenwillow Fields- upper),5/31/26,Sun,2:30 PM,12646,Solon United   Whit,,Shaker Hts.   WHT,,Boys,2017(U09),East 4,44
Glenwillow Fields (Glenwillow Fields- upper),5/31/26,Sun,4:00 PM,14437,Solon United   Blue,,Shaker Hts.   RED,,Boys,2017(U09),East 3,44
Glenwillow Fields (Glenwillow Fields- upper),5/31/26,Sun,5:30 PM,12937,Solon United   U8,,Stow   Gray,,Boys,2017(U09),East 5,44
Goldwood Primary School (Goldwood),4/22/26,Wed,6:00 PM,11706,Rocky River   BLK,,Avon Lake   MRN,,Girls,2017(U09),West 4,361
Goldwood Primary School (Goldwood),4/26/26,Sun,2:30 PM,13015,Rocky River   GRY,,Bay Village   JK,,Boys,2017(U09),West 5,361
Goldwood Primary School (Goldwood),4/28/26,Tue,6:30 PM,12115,Rocky River   WHT,,Avon   JE,,Girls,2017(U09),West 3,361
Goldwood Primary School (Goldwood),4/29/26,Wed,6:30 PM,12015,Rocky River   GLD,,Avon   JS,,Girls,2017(U09),West 5,361
Goldwood Primary School (Goldwood),5/3/26,Sun,1:00 PM,12722,Rocky River   MRN,,Fairview Park   AP,,Boys,2017(U09),West 3,361
Goldwood Primary School (Goldwood),5/6/26,Wed,6:00 PM,12104,Rocky River   MRN,,Rocky River   WHT,,Girls,2017(U09),West 3,361
Goldwood Primary School (Goldwood),5/27/26,Wed,6:30 PM,1133,Rocky River   MRN,,Avon   PK,,Boys,2016(U10),1,361
Granger Park Fields (7v7 - Field #1A),4/14/26,Tue,6:30 PM,12817,Highland   KS1,7,Wadsworth   HIL,5,Boys,2017(U09),South 4,251
Granger Park Fields (7v7 - Field #1A),4/19/26,Sun,1:00 PM,14305,Highland   NF4,,Norton,,Boys,2017(U09),1,251
Granger Park Fields (7v7 - Field #1A),4/19/26,Sun,4:00 PM,14907,Highland   BB2,,North Canton,,Girls,2017(U09),South 4 EN,251
Granger Park Fields (7v7 - Field #1A),4/26/26,Sun,1:00 PM,12812,Highland   KS1,,Wadsworth   LID,,Boys,2017(U09),South 4,251
Granger Park Fields (7v7 - Field #1A),4/26/26,Sun,2:30 PM,11812,Highland   EM4,,Manchester,,Girls,2017(U09),South 3,251
Granger Park Fields (7v7 - Field #1A),4/26/26,Sun,4:00 PM,13111,Highland   BZ1,,Wooster,,Boys,2017(U09),South 6,251
Granger Park Fields (7v7 - Field #1A),4/26/26,Sun,5:30 PM,14316,Highland   NF4,,Westlake,,Boys,2017(U09),1,251
Granger Park Fields (7v7 - Field #1A),4/27/26,Mon,6:30 PM,312,Highland   BB1,,North Royalton,,Boys,2016(U10),South 3,251
Granger Park Fields (7v7 - Field #1A),4/28/26,Tue,6:30 PM,12816,Highland   JC6,,Wadsworth   LID,,Boys,2017(U09),South 4,251
Granger Park Fields (7v7 - Field #1A),4/29/26,Wed,6:30 PM,14919,Highland   BB2,,Jackson,,Girls,2017(U09),South 4 EN,251
Granger Park Fields (7v7 - Field #1A),5/1/26,Fri,6:30 PM,15010,Highland   JM1,,Copley,,Girls,2016(U10),South 3,251
Granger Park Fields (7v7 - Field #1A),5/3/26,Sun,10:00 AM,14922,Highland   AA1,,Medina   19GN,,Girls,2017(U09),South 4 EN,251
Granger Park Fields (7v7 - Field #1A),5/3/26,Sun,11:30 AM,13118,Highland   BZ1,,New Philadelphia,,Boys,2017(U09),South 6,251
Granger Park Fields (7v7 - Field #1A),5/3/26,Sun,1:00 PM,12819,Highland   JC6,,Medina   U8Wh,,Boys,2017(U09),South 4,251
Granger Park Fields (7v7 - Field #1A),5/3/26,Sun,5:30 PM,13817,Highland   SR1,,Copley,,Boys,2017(U09),South 5,251
Granger Park Fields (7v7 - Field #1A),5/5/26,Tue,6:30 PM,15002,Highland   JM1,,Medina   16GR,,Girls,2016(U10),South 3,251
Granger Park Fields (7v7 - Field #1A),5/6/26,Wed,6:30 PM,308,Highland   BB1,,Revere   RED,,Boys,2016(U10),South 3,251
Granger Park Fields (7v7 - Field #1A),5/7/26,Thu,6:30 PM,13812,Highland   SR1,,Buckeye,,Boys,2017(U09),South 5,251
Granger Park Fields (7v7 - Field #1A),5/8/26,Fri,6:30 PM,11817,Highland   EM4,,Cuyahoga Falls   SV,,Girls,2017(U09),South 3,251
Granger Park Fields (7v7 - Field #1A),5/10/26,Sun,10:30 AM,14926,Highland   BB2,,New Philadelphia,,Girls,2017(U09),South 4 EN,251
Granger Park Fields (7v7 - Field #1A),5/10/26,Sun,2:30 PM,11821,Highland   EM4,,Brecksville Bees SA   R,,Girls,2017(U09),South 3,251
Granger Park Fields (7v7 - Field #1A),5/10/26,Sun,4:00 PM,13122,Highland   BZ1,,North Canton,,Boys,2017(U09),South 6,251
Granger Park Fields (7v7 - Field #1A),5/10/26,Sun,6:15 PM,13821,Highland   SR1,,Jackson,,Boys,2017(U09),South 5,251
Granger Park Fields (7v7 - Field #1A),5/11/26,Mon,6:30 PM,12821,Highland   KS1,,Eagles Select   2018,,Boys,2017(U09),South 4,251
Granger Park Fields (7v7 - Field #1A),5/13/26,Wed,6:30 PM,14905,Highland   AA1,,North Canton,,Girls,2017(U09),South 4 EN,251
Granger Park Fields (7v7 - Field #1A),5/15/26,Fri,6:30 PM,14327,Highland   NF4,,Hudson   PEIG,,Boys,2017(U09),1,251
Granger Park Fields (7v7 - Field #1A),5/16/26,Sat,1:00 PM,318,Highland   BB1,,Eagles Select   2016,,Boys,2016(U10),South 3,251
Granger Park Fields (7v7 - Field #1A),5/16/26,Sat,2:30 PM,14911,Highland   AA1,,New Philadelphia,,Girls,2017(U09),South 4 EN,251
Granger Park Fields (7v7 - Field #1A),5/17/26,Sun,1:00 PM,321,Highland   BB1,,Wadsworth,,Boys,2016(U10),South 3,251
Granger Park Fields (7v7 - Field #1A),5/17/26,Sun,2:30 PM,14932,Highland   BB2,,Highland   AA1,,Girls,2017(U09),South 4 EN,251
Granger Park Fields (7v7 - Field #1A),5/17/26,Sun,4:00 PM,15015,Highland   JM1,,Mustangs Jr,,Girls,2016(U10),South 3,251
Granger Park Fields (7v7 - Field #1A),5/19/26,Tue,6:30 PM,12801,Highland   JC6,,Eagles Select   2018,,Boys,2017(U09),South 4,251
Granger Park Fields (7v7 - Field #1A),5/19/26,Tue,6:30 PM,15018,Highland   JM1,,North Royalton,,Girls,2016(U10),South 3,251
Granger Park Fields (7v7 - Field #1A),5/20/26,Wed,6:30 PM,13102,Highland   BZ1,,Lake Select SC,,Boys,2017(U09),South 6,251
Granger Park Fields (7v7 - Field #1A),5/21/26,Thu,6:00 PM,12805,Highland   JC6,,Highland   KS1,,Boys,2017(U09),South 4,251
Granger Park Fields (7v7 - Field #1A),5/31/26,Sun,10:00 AM,11830,Highland   EM4,,Medina   17WT,,Girls,2017(U09),South 3,251
Granger Park Fields (7v7 - Field #1A),5/31/26,Sun,11:30 AM,14937,Highland   AA1,,Copley,,Girls,2017(U09),South 4 EN,251
Granger Park Fields (7v7 - Field #1A),5/31/26,Sun,1:00 PM,12830,Highland   KS1,,Manchester,,Boys,2017(U09),South 4,251
Granger Park Fields (7v7 - Field #1A),5/31/26,Sun,2:30 PM,14334,Highland   NF4,,Mayfield   SR,,Boys,2017(U09),1,251
Granger Park Fields (7v7 - Field #1A),5/31/26,Sun,4:00 PM,13830,Highland   SR1,,Wooster,,Boys,2017(U09),South 5,251
Gurney Elementary (Calvetta Brothers Floor Show - Field A 11v11),4/26/26,Sun,5:30 PM,4812,Chagrin Falls   Orng,,Norton,,Boys,2013(U13),1,49
Gurney Elementary (Calvetta Brothers Floor Show - Field A 11v11),4/27/26,Mon,6:00 PM,10517,Chagrin Falls,,Geauga Federation SC,,Girls,2012(U14),3,49
Gurney Elementary (Calvetta Brothers Floor Show - Field A 11v11),5/1/26,Fri,6:30 PM,10513,Chagrin Falls,,Madison,,Girls,2012(U14),3,49
Gurney Elementary (Calvetta Brothers Floor Show - Field A 11v11),5/6/26,Wed,6:30 PM,5810,Chagrin Falls   Orng,,Willoughby,,Boys,2012(U14),East 3,49
Gurney Elementary (Calvetta Brothers Floor Show - Field A 11v11),5/8/26,Fri,6:00 PM,10519,Chagrin Falls,,Medina   12WT,,Girls,2012(U14),3,49
Gurney Elementary (Calvetta Brothers Floor Show - Field A 11v11),5/10/26,Sun,6:45 PM,4821,Chagrin Falls   Orng,,Westlake   WV,,Boys,2013(U13),1,49
Gurney Elementary (Calvetta Brothers Floor Show - Field A 11v11),5/11/26,Mon,6:30 PM,10512,Chagrin Falls,,Fairview Park,,Girls,2012(U14),3,49
Gurney Elementary (Calvetta Brothers Floor Show - Field A 11v11),5/14/26,Thu,6:30 PM,4817,Chagrin Falls   Orng,,Green,,Boys,2013(U13),1,49
Gurney Elementary (Calvetta Brothers Floor Show - Field A 11v11),5/27/26,Wed,7:00 PM,4830,Chagrin Falls   Orng,,Medina   13Gr,,Boys,2013(U13),1,49
Gurney Elementary (Calvetta Brothers Floor Show - Field A 11v11),5/31/26,Sun,5:30 PM,5824,Chagrin Falls   Orng,,Wickliffe,,Boys,2012(U14),East 3,49
Gurney Elementary (Calvetta Brothers Floor Show - Field B 9v9),4/12/26,Sun,1:00 PM,8101,Chagrin Falls,4,Hudson   SCHA,0,Girls,2015(U11),East 4,49
Gurney Elementary (Calvetta Brothers Floor Show - Field B 9v9),4/21/26,Tue,6:30 PM,9410,Chagrin Falls,,Shaker Hts.   RED,,Girls,2014(U12),2,49
Gurney Elementary (Calvetta Brothers Floor Show - Field B 9v9),4/26/26,Sun,6:30 PM,8107,Chagrin Falls,,Shaker Hts.   RED,,Girls,2015(U11),East 4,49
Gurney Elementary (Calvetta Brothers Floor Show - Field B 9v9),5/3/26,Sun,11:30 AM,3123,Chagrin Falls   Blck,,Mentor,,Boys,2014(U12),East 3,49
Gurney Elementary (Calvetta Brothers Floor Show - Field B 9v9),5/3/26,Sun,1:00 PM,1916,Chagrin Falls   Blck,,Nordonia,,Boys,2015(U11),East 6,49
Gurney Elementary (Calvetta Brothers Floor Show - Field B 9v9),5/6/26,Wed,6:00 PM,3601,Chagrin Falls   Orng,,Louisville,,Boys,2014(U12),1,49
Gurney Elementary (Calvetta Brothers Floor Show - Field B 9v9),5/17/26,Sun,5:30 PM,8119,Chagrin Falls,,Riverside,,Girls,2015(U11),East 4,49
Gurney Elementary (Calvetta Brothers Floor Show - Field B 9v9),5/18/26,Mon,6:30 PM,3622,Chagrin Falls   Orng,,Shaker Hts.   BLK,,Boys,2014(U12),1,49
Gurney Elementary (Calvetta Brothers Floor Show - Field B 9v9),5/20/26,Wed,6:30 PM,3112,Chagrin Falls   Blck,,Nordonia,,Boys,2014(U12),East 3,49
Gurney Elementary (Calvetta Brothers Floor Show - Field B 9v9),5/26/26,Tue,6:30 PM,3617,Chagrin Falls   Orng,,Bay Village   GE,,Boys,2014(U12),1,49
Gurney Elementary (Calvetta Brothers Floor Show - Field B 9v9),5/31/26,Sun,2:30 PM,3136,Chagrin Falls   Blck,,Wickliffe,,Boys,2014(U12),East 3,49
Gurney Elementary (Calvetta Brothers Floor Show - Field C 7v7),4/12/26,Sun,1:00 PM,14401,Chagrin Falls,4,Brunswick   GE,4,Boys,2017(U09),East 3,49
Gurney Elementary (Calvetta Brothers Floor Show - Field C 7v7),4/12/26,Sun,6:00 PM,6601,Chagrin Falls   Blck,6,Shaker Hts.   WHT,1,Girls,2016(U10),East 5,49
Gurney Elementary (Calvetta Brothers Floor Show - Field C 7v7),4/19/26,Sun,1:00 PM,408,Chagrin Falls   Orng,5,Euclid,3,Boys,2016(U10),East 4,49
Gurney Elementary (Calvetta Brothers Floor Show - Field C 7v7),4/19/26,Sun,2:30 PM,14410,Chagrin Falls,6,Broadview Hts.,2,Boys,2017(U09),East 3,49
Gurney Elementary (Calvetta Brothers Floor Show - Field C 7v7),4/19/26,Sun,4:00 PM,6605,Chagrin Falls   Blck,7,Twinsburg   Whte,4,Girls,2016(U10),East 5,49
Gurney Elementary (Calvetta Brothers Floor Show - Field C 7v7),4/28/26,Tue,6:30 PM,12210,Chagrin Falls,,Stow   Mar,,Girls,2017(U09),East 3,49
Gurney Elementary (Calvetta Brothers Floor Show - Field C 7v7),4/30/26,Thu,6:30 PM,415,Chagrin Falls   Orng,,Geauga Federation SC,,Boys,2016(U10),East 4,49
Gurney Elementary (Calvetta Brothers Floor Show - Field C 7v7),5/3/26,Sun,2:30 PM,12215,Chagrin Falls,,NP Aurora,,Girls,2017(U09),East 3,49
Gurney Elementary (Calvetta Brothers Floor Show - Field C 7v7),5/10/26,Sun,1:00 PM,6620,Chagrin Falls   Blck,,Solon United   Blue,,Girls,2016(U10),East 5,49
Gurney Elementary (Calvetta Brothers Floor Show - Field C 7v7),5/10/26,Sun,2:30 PM,423,Chagrin Falls   Orng,,Eastside Kickers,,Boys,2016(U10),East 4,49
Gurney Elementary (Calvetta Brothers Floor Show - Field C 7v7),5/17/26,Sun,10:00 AM,14433,Chagrin Falls,,NP Aurora   WH,,Boys,2017(U09),East 3,49
Gurney Elementary (Calvetta Brothers Floor Show - Field C 7v7),5/17/26,Sun,2:30 PM,12220,Chagrin Falls,,Shaker Hts.   RED,,Girls,2017(U09),East 3,49
Gurney Elementary (Calvetta Brothers Floor Show - Field C 7v7),5/17/26,Sun,4:00 PM,6622,Chagrin Falls   Blck,,Streetsboro,,Girls,2016(U10),East 5,49
Gurney Elementary (Calvetta Brothers Floor Show - Field C 7v7),5/31/26,Sun,4:30 PM,432,Chagrin Falls   Orng,,Wickliffe,,Boys,2016(U10),East 4,49
Gurney Elementary (Calvetta Brothers Floor Show - Field D 9v9),4/12/26,Sun,2:30 PM,9401,Chagrin Falls,0,Mayfield   SS,5,Girls,2014(U12),2,49
Gurney Elementary (Calvetta Brothers Floor Show - Field D 9v9),4/23/26,Thu,6:30 PM,3631,Chagrin Falls   Orng,,Hudson   SFEB,,Boys,2014(U12),1,49
Gurney Elementary (Calvetta Brothers Floor Show - Field D 9v9),4/29/26,Wed,6:30 PM,7912,Chagrin Falls   Orng,,Mayfield   TS,,Girls,2015(U11),East 3,49
Gurney Elementary (Calvetta Brothers Floor Show - Field D 9v9),5/9/26,Sat,1:00 PM,1902,Chagrin Falls   Blck,,Shaker Hts.   SILV,,Boys,2015(U11),East 6,49
Gurney Elementary (Calvetta Brothers Floor Show - Field D 9v9),5/10/26,Sun,4:00 PM,1921,Chagrin Falls   Blck,,Mantua,,Boys,2015(U11),East 6,49
Gurney Elementary (Calvetta Brothers Floor Show - Field D 9v9),5/20/26,Wed,6:30 PM,7908,Chagrin Falls   Orng,,Mentor,,Girls,2015(U11),East 3,49
Gurney Elementary (Calvetta Brothers Floor Show - Field E 7v7),5/6/26,Wed,6:30 PM,14417,Chagrin Falls,,Hudson   SATT,,Boys,2017(U09),East 3,49
Gurney Elementary (Calvetta Brothers Floor Show - Field E 7v7),5/31/26,Sun,12:30 PM,12224,Chagrin Falls,,Kenston,,Girls,2017(U09),East 3,49
Hamilton Fields #1 (Field #1),4/28/26,Tue,6:30 PM,14810,Oberlin,,Westlake,,Boys,2014(U12),West 6,727
Hamilton Fields #1 (Field #1),5/7/26,Thu,6:30 PM,14815,Oberlin,,Olmsted Falls   Gold,,Boys,2014(U12),West 6,727
Hamilton Fields #1 (Field #1),5/19/26,Tue,6:30 PM,14820,Oberlin,,Avon   BK2,,Boys,2014(U12),West 6,727
Hamilton Fields #1 (Field #1),5/31/26,Sun,2:30 PM,14824,Oberlin,,Rocky River   GRY,,Boys,2014(U12),West 6,727
Hartman Park (Field 10),4/20/26,Mon,6:00 PM,15101,NP Aurora,,Kenston,,Girls,2015(U11),East 2,663
Hartman Park (Field 10),5/13/26,Wed,6:00 PM,7205,NP Aurora,,Aurora,,Girls,2016(U10),East 3,663
Hartman Park (Field 11),4/15/26,Wed,6:30 PM,15105,NP Aurora,,Hudson   BATS,,Girls,2015(U11),East 2,663
Hartman Park (Field 11),4/21/26,Tue,6:30 PM,1111,NP Aurora   GR,,Brunswick   RYL,,Boys,2016(U10),1,663
Hartman Park (Field 11),4/28/26,Tue,6:30 PM,3623,NP Aurora,,Avon   LS,,Boys,2014(U12),1,663
Hartman Park (Field 11),4/29/26,Wed,6:30 PM,15116,NP Aurora,,Highland   EM4,,Girls,2015(U11),East 2,663
Hartman Park (Field 11),5/11/26,Mon,6:30 PM,1104,NP Aurora   GR,,Vermilion,,Boys,2016(U10),1,663
Hartman Park (Field 11),5/14/26,Thu,6:30 PM,3634,NP Aurora,,Lakewood   B14G,,Boys,2014(U12),1,663
Hartman Park (Field 11),5/19/26,Tue,6:30 PM,1118,NP Aurora   GR,,Broadview Hts.,,Boys,2016(U10),1,663
Hartman Park (Field 12),4/20/26,Mon,6:30 PM,10406,NP Aurora,,Solon United   Blue,,Girls,2013(U13),East 3,663
Hartman Park (Field 12),4/26/26,Sun,2:30 PM,5707,NP Aurora,,Copley,,Boys,2012(U14),East 4,663
Hartman Park (Field 12),4/28/26,Tue,6:00 PM,5701,NP Aurora,,Twinsburg   Whte,,Boys,2012(U14),East 4,663
Hartman Park (Field 12),4/30/26,Thu,6:30 PM,10414,NP Aurora,,West Geauga,,Girls,2013(U13),East 3,663
Hartman Park (Field 12),5/5/26,Tue,6:00 PM,10404,NP Aurora,,Aurora,,Girls,2013(U13),East 3,663
Hartman Park (Field 12),5/12/26,Tue,6:00 PM,5713,NP Aurora,,Geneva,,Boys,2012(U14),East 4,663
Hartman Park (Field 12),5/17/26,Sun,5:30 PM,5719,NP Aurora,,Mentor,,Boys,2012(U14),East 4,663
Hartman Park (Field 12),5/18/26,Mon,6:30 PM,10427,NP Aurora,,Hudson   GREE,,Girls,2013(U13),East 3,663
Hartman Park (Field 8),4/12/26,Sun,1:00 PM,14404,NP Aurora   WH,,Broadview Hts.,,Boys,2017(U09),East 3,663
Hartman Park (Field 8),4/19/26,Sun,1:30 PM,14406,NP Aurora   WH,1,Shaker Hts.   RED,1,Boys,2017(U09),East 3,663
Hartman Park (Field 8),4/19/26,Sun,2:30 PM,12204,NP Aurora,2,Stow   Mar,7,Girls,2017(U09),East 3,663
Hartman Park (Field 8),4/30/26,Thu,6:00 PM,14416,NP Aurora   WH,,Solon United   Blue,,Boys,2017(U09),East 3,663
Hartman Park (Field 8),5/3/26,Sun,2:30 PM,15119,NP Aurora,,Twinsburg   Whte,,Girls,2015(U11),East 2,663
Hartman Park (Field 8),5/3/26,Sun,4:30 PM,3629,NP Aurora,,Chagrin Falls   Orng,,Boys,2014(U12),1,663
Hartman Park (Field 8),5/10/26,Sun,2:30 PM,12217,NP Aurora,,Shaker Hts.   RED,,Girls,2017(U09),East 3,663
Hartman Park (Field 8),5/10/26,Sun,3:30 PM,14427,NP Aurora   WH,,Kenston   Blue,,Boys,2017(U09),East 3,663
Hartman Park (Field 8),5/10/26,Sun,4:00 PM,7220,NP Aurora,,Stow   Gold,,Girls,2016(U10),East 3,663
Hartman Park (Field 8),5/11/26,Mon,6:00 PM,12202,NP Aurora,,Chagrin Falls,,Girls,2017(U09),East 3,663
Hartman Park (Field 8),5/17/26,Sun,2:30 PM,1129,NP Aurora   GR,,Medina   U10G,,Boys,2016(U10),1,663
Hartman Park (Field 8),5/17/26,Sun,4:00 PM,3638,NP Aurora,,Green,,Boys,2014(U12),1,663
Hartman Park (Field 8),5/17/26,Sun,5:30 PM,7222,NP Aurora,,Hudson   SHUT,,Girls,2016(U10),East 3,663
Hartman Park (Field 8),5/19/26,Tue,6:30 PM,7201,NP Aurora,,Mayfield   MF,,Girls,2016(U10),East 3,663
Hartman Park (Field 8),5/31/26,Sun,11:00 AM,12223,NP Aurora,,North Royalton,,Girls,2017(U09),East 3,663
Hartman Park (Townline Rd soccer fields) (#10),4/12/26,Sun,12:00 PM,3001,Aurora   BLK,,Wickliffe,,Boys,2015(U11),2,448
Hartman Park (Townline Rd soccer fields) (#10),4/12/26,Sun,1:00 PM,2101,Aurora   GRN,,Riverside   BH,,Boys,2015(U11),East 4,448
Hartman Park (Townline Rd soccer fields) (#10),4/12/26,Sun,2:00 PM,3702,Aurora,,Geauga Federation SC,,Boys,2014(U12),East 2,448
Hartman Park (Townline Rd soccer fields) (#10),4/18/26,Sat,12:30 PM,1603,Aurora,3,Twinsburg   Blue,3,Boys,2016(U10),East 3,448
Hartman Park (Townline Rd soccer fields) (#10),4/19/26,Sun,10:00 AM,1607,Aurora,0,Twinsburg   Whte,4,Boys,2016(U10),East 3,448
Hartman Park (Townline Rd soccer fields) (#10),4/19/26,Sun,12:00 PM,2105,Aurora   GRN,3,Twinsburg   Blue,4,Boys,2015(U11),East 4,448
Hartman Park (Townline Rd soccer fields) (#10),4/27/26,Mon,6:30 PM,3711,Aurora,,North Royalton,,Boys,2014(U12),East 2,448
Hartman Park (Townline Rd soccer fields) (#10),4/28/26,Tue,6:30 PM,7210,Aurora,,Solon United   Gold,,Girls,2016(U10),East 3,448
Hartman Park (Townline Rd soccer fields) (#10),5/2/26,Sat,1:00 PM,3718,Aurora,,Kent   BW,,Boys,2014(U12),East 2,448
Hartman Park (Townline Rd soccer fields) (#10),5/2/26,Sat,5:30 PM,9211,Aurora,,Wickliffe,,Girls,2014(U12),East 3,448
Hartman Park (Townline Rd soccer fields) (#10),5/3/26,Sun,11:30 AM,3019,Aurora   BLK,,Bay Village   MiC,,Boys,2015(U11),2,448
Hartman Park (Townline Rd soccer fields) (#10),5/9/26,Sat,2:00 PM,7215,Aurora,,Hudson   SHUT,,Girls,2016(U10),East 3,448
Hartman Park (Townline Rd soccer fields) (#10),5/10/26,Sun,11:30 AM,3722,Aurora,,Brecksville Bees SA   R,,Boys,2014(U12),East 2,448
Hartman Park (Townline Rd soccer fields) (#10),5/10/26,Sun,1:00 PM,1624,Aurora,,Willoughby,,Boys,2016(U10),East 3,448
Hartman Park (Townline Rd soccer fields) (#10),5/10/26,Sun,4:00 PM,2120,Aurora   GRN,,Twinsburg   Whte,,Boys,2015(U11),East 4,448
Hartman Park (Townline Rd soccer fields) (#10),5/10/26,Sun,5:30 PM,9216,Aurora,,Strongsville,,Girls,2014(U12),East 3,448
Hartman Park (Townline Rd soccer fields) (#10),5/17/26,Sun,1:00 PM,1625,Aurora,,Shaker Hts.   RED,,Boys,2016(U10),East 3,448
Hartman Park (Townline Rd soccer fields) (#10),5/17/26,Sun,4:00 PM,7223,Aurora,,Mayfield   MF,,Girls,2016(U10),East 3,448
Hartman Park (Townline Rd soccer fields) (#10),5/17/26,Sun,5:00 PM,2122,Aurora   GRN,,Willoughby,,Boys,2015(U11),East 4,448
Hartman Park (Townline Rd soccer fields) (#10),5/27/26,Wed,6:30 PM,9206,Aurora,,Twinsburg   Whte,,Girls,2014(U12),East 3,448
Hartman Park (Townline Rd soccer fields) (#10),5/30/26,Sat,6:30 PM,3005,Aurora   BLK,,Geauga Federation SC   GRN,,Boys,2015(U11),2,448
Hartman Park (Townline Rd soccer fields) (#10),5/31/26,Sun,3:30 PM,7226,Aurora,,Kent   TS,,Girls,2016(U10),East 3,448
Hartman Park (Townline Rd soccer fields) (#10),6/5/26,Fri,6:30 PM,3016,Aurora   BLK,,Firelands,,Boys,2015(U11),2,448
Hartman Park (Townline Rd soccer fields) (#10),6/7/26,Sun,3:00 PM,9209,Aurora,,Shaker Hts.   WHT,,Girls,2014(U12),East 3,448
Hartman Park (Townline Rd soccer fields) (#11),4/12/26,Sun,5:30 PM,13302,Aurora,,Streetsboro,,Boys,2011(U15),East 4,448
Hartman Park (Townline Rd soccer fields) (#11),4/19/26,Sun,1:15 PM,10408,Aurora,,Eastside Kickers,,Girls,2013(U13),East 3,448
Hartman Park (Townline Rd soccer fields) (#11),4/19/26,Sun,6:00 PM,11503,Aurora,,Bay Village   ML,,Girls,2011(U15),2,448
Hartman Park (Townline Rd soccer fields) (#11),4/21/26,Tue,6:30 PM,11506,Aurora,,Green,,Girls,2011(U15),2,448
Hartman Park (Townline Rd soccer fields) (#11),4/22/26,Wed,6:30 PM,13307,Aurora,,Eastside Kickers,,Boys,2011(U15),East 4,448
Hartman Park (Townline Rd soccer fields) (#11),4/24/26,Fri,6:30 PM,4408,Aurora,,Broadview Hts.,,Boys,2013(U13),East 3,448
Hartman Park (Townline Rd soccer fields) (#11),4/28/26,Tue,6:30 PM,10415,Aurora,,Stow   Mar,,Girls,2013(U13),East 3,448
Hartman Park (Townline Rd soccer fields) (#11),5/3/26,Sun,10:30 AM,13316,Aurora,,Kenston,,Boys,2011(U15),East 4,448
Hartman Park (Townline Rd soccer fields) (#11),5/3/26,Sun,4:00 PM,11511,Aurora,,North Olmsted,,Girls,2011(U15),2,448
Hartman Park (Townline Rd soccer fields) (#11),5/10/26,Sun,3:00 PM,13321,Aurora,,Shaker Hts.   RED,,Boys,2011(U15),East 4,448
Hartman Park (Townline Rd soccer fields) (#11),5/10/26,Sun,4:30 PM,10423,Aurora,,Solon United   Blue,,Girls,2013(U13),East 3,448
Hartman Park (Townline Rd soccer fields) (#11),5/10/26,Sun,6:15 PM,4423,Aurora,,Geauga Federation SC   GRN,,Boys,2013(U13),East 3,448
Hartman Park (Townline Rd soccer fields) (#11),5/21/26,Thu,6:30 PM,4415,Aurora,,Independence,,Boys,2013(U13),East 3,448
Hartman Park (Townline Rd soccer fields) (#11),5/31/26,Sun,4:00 PM,10432,Aurora,,NP Aurora,,Girls,2013(U13),East 3,448
Hartman Park (Townline Rd soccer fields) (#11),5/31/26,Sun,5:30 PM,4432,Aurora,,West Geauga,,Boys,2013(U13),East 3,448
Hartman Park (Townline Rd soccer fields) (#11),6/7/26,Sun,2:30 PM,11520,Aurora,,Twinsburg,,Girls,2011(U15),2,448
Hartman Park (Townline Rd soccer fields) (#5),5/10/26,Sun,2:30 PM,11918,Aurora,,Stow   Gold,,Girls,2017(U09),East 4 E,448
Hartman Park (Townline Rd soccer fields) (#5),5/17/26,Sun,9:00 AM,11921,Aurora,,Orange,,Girls,2017(U09),East 4 E,448
Hartman Park (Townline Rd soccer fields) (#5),5/18/26,Mon,6:30 PM,11912,Aurora,,Willoughby,,Girls,2017(U09),East 4 E,448
Hartman Park (Townline Rd soccer fields) (#5),5/27/26,Wed,6:30 PM,11908,Aurora,,Mentor   Gray,,Girls,2017(U09),East 4 E,448
Heigel Park (Heigel Field 1 9v9),4/21/26,Tue,6:30 PM,9305,Port Clinton,,Avon Lake,,Girls,2014(U12),West 3,662
Heigel Park (Heigel Field 1 9v9),4/29/26,Wed,6:30 PM,9309,Port Clinton,,Westlake   CG,,Girls,2014(U12),West 3,662
Heigel Park (Heigel Field 1 9v9),6/2/26,Tue,6:30 PM,9317,Port Clinton,,LaGrange,,Girls,2014(U12),West 3,662
Heigel Park (Heigel Field 2 11v11),5/17/26,Sun,2:30 PM,15419,Port Clinton,,Vermilion,,Girls,2012(U14),West 4,662
High School Field (High school field),4/12/26,Sun,5:00 PM,11305,Amherst,6,Eastside Kickers,1,Girls,2011(U15),4,767
High School Field (High school field),4/26/26,Sun,1:00 PM,10511,Amherst,,Cloverleaf   JF,,Girls,2012(U14),3,767
High School Field (High school field),5/3/26,Sun,1:00 PM,11322,Amherst,,Midview,,Girls,2011(U15),4,767
High School Field (High school field),5/10/26,Sun,10:30 AM,10506,Amherst,,Chagrin Falls,,Girls,2012(U14),3,767
High School Field (High school field),5/10/26,Sun,1:00 PM,5620,Amherst,,Westlake   MW,,Boys,2012(U14),1,767
High School Field (High school field),5/17/26,Sun,1:00 PM,5622,Amherst,,Olmsted Falls   Blue,,Boys,2012(U14),1,767
High School Field (High school field),5/21/26,Thu,6:45 PM,5601,Amherst,,Lakewood   B12G,,Boys,2012(U14),1,767
Highland High School (HHS Stadium),4/19/26,Sun,5:30 PM,5005,Highland   CM6,3,PLX United,1,Boys,2013(U13),South 4,268
Highland High School (HHS Stadium),4/26/26,Sun,5:30 PM,5509,Highland   DG1,,Manchester,,Boys,2012(U14),South 3,268
Highland High School (HHS Stadium),5/3/26,Sun,1:00 PM,10919,Highland   DN1,,Perry (Stark),,Girls,2012(U14),4,268
Highland High School (HHS Stadium),5/3/26,Sun,2:30 PM,5014,Highland   CM6,,Barberton,,Boys,2013(U13),South 4,268
Highland High School (HHS Stadium),5/31/26,Sun,11:30 AM,15323,Highland   GP3,,Brecksville Bees SA,,Girls,2013(U13),South 2,268
Highland High School (HHS Stadium),5/31/26,Sun,4:00 PM,5022,Highland   CM6,,Green,,Boys,2013(U13),South 4,268
Highland High School (HHS Stadium),5/31/26,Sun,5:30 PM,5625,Highland   AS1,,Amherst,,Boys,2012(U14),1,268
Hoover High Soccer Stadium (Turf),4/19/26,Sun,5:00 PM,10606,North Canton,4,Green,1,Girls,2012(U14),5,524
Hoover High Soccer Stadium (Turf),4/26/26,Sun,2:30 PM,10609,North Canton,,Cuyahoga Falls   EK,,Girls,2012(U14),5,524
Hoover High Soccer Stadium (Turf),5/10/26,Sun,1:00 PM,10023,North Canton,,Mustangs Jr,,Boys,2011(U15),South 4,524
Hoover High Soccer Stadium (Turf),5/26/26,Tue,6:30 PM,10008,North Canton,,Cloverleaf,,Boys,2011(U15),South 4,524
Hoover High Soccer Stadium (Turf),5/28/26,Thu,6:00 PM,10032,North Canton,,Massillon   Org,,Boys,2011(U15),South 4,524
Hoover High Soccer Stadium (Turf),6/7/26,Sun,6:30 PM,10616,North Canton,,Revere   BLUE,,Girls,2012(U14),5,524
Hoover Park (9v9),4/12/26,Sun,2:30 PM,2603,North Canton,2,North Royalton,2,Boys,2015(U11),South 3,614
Hoover Park (9v9),4/17/26,Fri,6:30 PM,2628,North Canton,3,Lake Select SC   2015,2,Boys,2015(U11),South 3,614
Hoover Park (9v9),4/19/26,Sun,2:30 PM,3506,North Canton,2,Medina   14Go,1,Boys,2014(U12),South 5,614
Hoover Park (9v9),4/19/26,Sun,5:30 PM,15620,North Canton,5,Ashland,3,Boys,2015(U11),2 South,614
Hoover Park (9v9),4/22/26,Wed,6:30 PM,9008,North Canton,,Medina   14GR,,Girls,2014(U12),South 5,614
Hoover Park (9v9),4/26/26,Sun,2:30 PM,2809,North Canton,,Cloverleaf,,Boys,2015(U11),South 5,614
Hoover Park (9v9),4/28/26,Tue,6:30 PM,15610,North Canton,,Highland   DT4,,Boys,2015(U11),2 South,614
Hoover Park (9v9),4/29/26,Wed,6:30 PM,3514,North Canton,,Revere   BLUE,,Boys,2014(U12),South 5,614
Hoover Park (9v9),4/30/26,Thu,6:30 PM,2813,North Canton,,Brunswick   WHT,,Boys,2015(U11),South 5,614
Hoover Park (9v9),5/7/26,Thu,6:30 PM,2608,North Canton,,Norton   Jksn,,Boys,2015(U11),South 3,614
Hoover Park (9v9),5/12/26,Tue,6:30 PM,2826,North Canton,,Green,,Boys,2015(U11),South 5,614
Hoover Park (9v9),5/17/26,Sun,11:00 AM,3527,North Canton,,Cloverleaf,,Boys,2014(U12),South 5,614
Hoover Park (9v9),5/31/26,Sun,11:30 AM,9025,North Canton,,Copley   Blue,,Girls,2014(U12),South 5,614
Hoover Park (9v9),5/31/26,Sun,1:00 PM,2831,North Canton,,Wooster,,Boys,2015(U11),South 5,614
Hoover Park (9v9),5/31/26,Sun,2:30 PM,2625,North Canton,,Broadview Hts.,,Boys,2015(U11),South 3,614
Hoover Park (9v9),5/31/26,Sun,5:30 PM,15624,North Canton,,Revere   RED,,Boys,2015(U11),2 South,614
Hoover Park (9v9),6/7/26,Sun,1:00 PM,9028,North Canton,,Cloverleaf   MVM,,Girls,2014(U12),South 5,614
Hopfinger Zimmerman Park (Field 1 - 7v7),4/19/26,Sun,1:00 PM,908,Port Clinton,2,Olmsted Falls   Blue,1,Boys,2016(U10),West 3,717
Hopfinger Zimmerman Park (Field 1 - 7v7),4/19/26,Sun,2:30 PM,13008,Port Clinton,6,Rocky River   GLD,5,Boys,2017(U09),West 5,717
Hopfinger Zimmerman Park (Field 1 - 7v7),4/26/26,Sun,2:30 PM,7412,Port Clinton,,Lakewood   G16G,,Girls,2016(U10),West 3,717
Hopfinger Zimmerman Park (Field 1 - 7v7),5/3/26,Sun,1:00 PM,7417,Port Clinton,,North Olmsted,,Girls,2016(U10),West 3,717
Hopfinger Zimmerman Park (Field 1 - 7v7),5/3/26,Sun,2:30 PM,13024,Port Clinton,,Westlake   TB,,Boys,2017(U09),West 5,717
Hopfinger Zimmerman Park (Field 1 - 7v7),5/5/26,Tue,6:30 PM,923,Port Clinton,,North Ridgeville   Navy,,Boys,2016(U10),West 3,717
Hopfinger Zimmerman Park (Field 1 - 7v7),5/8/26,Fri,6:30 PM,915,Port Clinton,,North Olmsted   ORNG,,Boys,2016(U10),West 3,717
Hopfinger Zimmerman Park (Field 1 - 7v7),5/29/26,Fri,6:30 PM,13002,Port Clinton,,Rocky River   GRY,,Boys,2017(U09),West 5,717
Hopfinger Zimmerman Park (Field 1 - 7v7),5/31/26,Sun,1:00 PM,932,Port Clinton,,Westlake   RR,,Boys,2016(U10),West 3,717
Hopfinger Zimmerman Park (Field 1 - 7v7),5/31/26,Sun,2:30 PM,13039,Port Clinton,,Bay Village   BB,,Boys,2017(U09),West 5,717
Hopfinger Zimmerman Park (Field 1 - 7v7),5/31/26,Sun,5:30 PM,7430,Port Clinton,,Westlake   NF,,Girls,2016(U10),West 3,717
Hopfinger Zimmerman Park (Field 2 - 9v9),5/10/26,Sun,2:30 PM,9313,Port Clinton,,Lakewood   G14G,,Girls,2014(U12),West 3,717
Hopkins Park (Laurel) (L3 11v11),4/12/26,Sun,1:00 PM,5203,Brunswick   RYL,2,Amherst,4,Boys,2013(U13),West 3,256
Hopkins Park (Laurel) (L3 11v11),4/12/26,Sun,2:30 PM,4501,Brunswick   WHT,3,Avon Lake   MRN,1,Boys,2013(U13),West 4,256
Hopkins Park (Laurel) (L3 11v11),4/12/26,Sun,6:30 PM,10101,Brunswick   RYL,4,Medina   13GN,0,Girls,2013(U13),1,256
Hopkins Park (Laurel) (L3 11v11),4/13/26,Mon,7:00 PM,6205,Brunswick   RYL,1,Solon United   Blue,1,Boys,2011(U15),1,256
Hopkins Park (Laurel) (L3 11v11),4/14/26,Tue,6:30 PM,11215,Brunswick   RYL,3,Strongsville,2,Girls,2011(U15),1,256
Hopkins Park (Laurel) (L3 11v11),4/19/26,Sun,1:00 PM,5205,Brunswick   RYL,3,Rocky River   MRN,2,Boys,2013(U13),West 3,256
Hopkins Park (Laurel) (L3 11v11),4/19/26,Sun,2:30 PM,4505,Brunswick   WHT,3,North Ridgeville,2,Boys,2013(U13),West 4,256
Hopkins Park (Laurel) (L3 11v11),4/19/26,Sun,6:30 PM,10110,Brunswick   RYL,5,Avon Lake   GOLD,0,Girls,2013(U13),1,256
Hopkins Park (Laurel) (L3 11v11),4/23/26,Thu,6:30 PM,6211,Brunswick   RYL,,West Geauga,,Boys,2011(U15),1,256
Hopkins Park (Laurel) (L3 11v11),4/26/26,Sun,2:30 PM,15408,Brunswick   RYL,,Vermilion,,Girls,2012(U14),West 4,256
Hopkins Park (Laurel) (L3 11v11),4/27/26,Mon,6:30 PM,11210,Brunswick   RYL,,Hudson   BOWM,,Girls,2011(U15),1,256
Hopkins Park (Laurel) (L3 11v11),4/30/26,Thu,6:30 PM,15412,Brunswick   RYL,,Avon Lake,,Girls,2012(U14),West 4,256
Hopkins Park (Laurel) (L3 11v11),5/3/26,Sun,6:00 PM,5214,Brunswick   RYL,,Strongsville,,Boys,2013(U13),West 3,256
Hopkins Park (Laurel) (L3 11v11),5/4/26,Mon,6:30 PM,4519,Brunswick   WHT,,Avon   JF,,Boys,2013(U13),West 4,256
Hopkins Park (Laurel) (L3 11v11),5/5/26,Tue,6:30 PM,11205,Stow   Mar,,Brunswick   RYL,,Girls,2011(U15),1,256
Hopkins Park (Laurel) (L3 11v11),5/6/26,Wed,6:30 PM,10117,Brunswick   RYL,,Hudson   CARP,,Girls,2013(U13),1,256
Hopkins Park (Laurel) (L3 11v11),5/7/26,Thu,6:30 PM,4516,Brunswick   WHT,,Bay Village   TH,,Boys,2013(U13),West 4,256
Hopkins Park (Laurel) (L3 11v11),5/10/26,Sun,12:30 PM,15418,Brunswick   RYL,,Sandusky,,Girls,2012(U14),West 4,256
Hopkins Park (Laurel) (L3 11v11),5/11/26,Mon,6:30 PM,6222,Brunswick   RYL,,Strongsville,,Boys,2011(U15),1,256
Hopkins Park (Laurel) (L3 11v11),5/17/26,Sun,1:00 PM,15421,Brunswick   RYL,,Olmsted Falls   Blue,,Girls,2012(U14),West 4,256
Hopkins Park (Laurel) (L3 11v11),5/17/26,Sun,5:30 PM,10133,Brunswick   RYL,,Perry (Stark),,Girls,2013(U13),1,256
Hopkins Park (Laurel) (L3 11v11),5/18/26,Mon,6:30 PM,11220,Brunswick   RYL,,Stow   Mar,,Girls,2011(U15),1,256
Hopkins Park (Laurel) (L3 11v11),5/20/26,Wed,6:30 PM,11224,Brunswick   RYL,,Highland   JK2,,Girls,2011(U15),1,256
Hopkins Park (Laurel) (L3 11v11),5/31/26,Sun,1:00 PM,6237,Brunswick   RYL,,Highland   KW1,,Boys,2011(U15),1,256
Hopkins Park (Laurel) (L3 11v11),5/31/26,Sun,2:30 PM,5222,Brunswick   RYL,,Midview,,Boys,2013(U13),West 3,256
Hudson High School - Memorial Stadium (Memorial Stadium turf field),4/19/26,Sun,1:00 PM,6215,Hudson   KNAP,3,Revere,0,Boys,2011(U15),1,456
Independence High School (Grass) (Field 7),4/19/26,Sun,1:00 PM,11308,Independence,1,Amherst,1,Girls,2011(U15),4,126
Independence High School (Grass) (Field 7),4/19/26,Sun,6:00 PM,10205,Independence,0,Olmsted Falls   Gold,0,Girls,2013(U13),West 3,126
Independence High School (Grass) (Field 7),4/23/26,Thu,6:30 PM,11302,Independence,,Westlake   RN,,Girls,2011(U15),4,126
Independence High School (Grass) (Field 7),4/27/26,Mon,6:30 PM,4412,Independence,,Riverside   CT,,Boys,2013(U13),East 3,126
Independence High School (Grass) (Field 7),5/3/26,Sun,5:30 PM,11324,Independence,,Rocky River,,Girls,2011(U15),4,126
Independence High School (Grass) (Field 7),5/6/26,Wed,6:30 PM,4417,Independence,,West Geauga,,Boys,2013(U13),East 3,126
Independence High School (Grass) (Field 7),5/7/26,Thu,6:30 PM,10214,Independence,,Olmsted Falls   Blue,,Girls,2013(U13),West 3,126
Independence High School (Grass) (Field 7),5/13/26,Wed,6:30 PM,4421,Independence,,North Royalton,,Boys,2013(U13),East 3,126
Independence High School (Grass) (Field 7),5/14/26,Thu,6:30 PM,10203,Independence,,North Ridgeville,,Girls,2013(U13),West 3,126
Independence High School (Grass) (Field 7),5/31/26,Sun,1:00 PM,10222,Independence,,Fairview Park,,Girls,2013(U13),West 3,126
Independence High School (Grass) (Field 7),5/31/26,Sun,4:00 PM,11339,Independence,,Midview,,Girls,2011(U15),4,126
Independence High School (Grass) (Field 7),5/31/26,Sun,5:30 PM,4430,Independence,,Broadview Hts.,,Boys,2013(U13),East 3,126
Independence High School (Upper Field) (Field 8 A),4/19/26,Sun,2:30 PM,905,Independence,6,North Olmsted   ORNG,4,Boys,2016(U10),West 3,736
Independence High School (Upper Field) (Field 8 A),4/23/26,Thu,6:30 PM,909,North Ridgeville   Navy,,Independence,,Boys,2016(U10),West 3,736
Independence High School (Upper Field) (Field 8 A),4/26/26,Sun,1:15 PM,14115,Independence,,Hudson   BATS,,Girls,2017(U09),1,736
Independence High School (Upper Field) (Field 8 A),4/26/26,Sun,4:00 PM,10712,Independence,,Brecksville Bees SA   R,,Girls,2016(U10),2,736
Independence High School (Upper Field) (Field 8 A),4/29/26,Wed,6:30 PM,916,Independence,,Avon Lake,,Boys,2016(U10),West 3,736
Independence High School (Upper Field) (Field 8 A),4/30/26,Thu,6:30 PM,13510,Independence,,Strongsville,,Boys,2017(U09),2,736
Independence High School (Upper Field) (Field 8 A),5/3/26,Sun,1:00 PM,919,Independence,,Port Clinton,,Boys,2016(U10),West 3,736
Independence High School (Upper Field) (Field 8 A),5/3/26,Sun,2:30 PM,14121,Independence,,Kenston,,Girls,2017(U09),1,736
Independence High School (Upper Field) (Field 8 A),5/3/26,Sun,4:00 PM,10717,Independence,,Ashland,,Girls,2016(U10),2,736
Independence High School (Upper Field) (Field 8 A),5/4/26,Mon,6:30 PM,13515,Independence,,North Olmsted   ORNG,,Boys,2017(U09),2,736
Independence High School (Upper Field) (Field 8 A),5/11/26,Mon,5:30 PM,10721,Independence,,Olmsted Falls   Blue,,Girls,2016(U10),2,736
Independence High School (Upper Field) (Field 8 A),5/17/26,Sun,1:00 PM,14131,Independence,,Cuyahoga Falls   TC,,Girls,2017(U09),1,736
Independence High School (Upper Field) (Field 8 A),5/17/26,Sun,4:00 PM,13523,Independence,,Olmsted Falls   Blue,,Boys,2017(U09),2,736
Independence High School (Upper Field) (Field 8 A),5/20/26,Wed,6:30 PM,901,Independence,,Lakewood   B16P,,Boys,2016(U10),West 3,736
Independence High School (Upper Field) (Field 8 A),5/27/26,Wed,6:30 PM,10730,Independence,,Green,,Girls,2016(U10),2,736
Independence High School (Upper Field) (Field 8 A),5/31/26,Sun,2:30 PM,13526,Independence,,Avon Lake,,Boys,2017(U09),2,736
Independence High School (Upper Field) (Field 8 A),5/31/26,Sun,4:00 PM,14138,Independence,,Green,,Girls,2017(U09),1,736
James Day Park (Field # 3),4/21/26,Tue,6:30 PM,7311,Parma   IRV,,Columbia Station,,Girls,2016(U10),West 4,332
James Day Park (Field # 3),4/26/26,Sun,10:00 AM,7309,Parma   IRV,,Bay Village   BH,,Girls,2016(U10),West 4,332
James Day Park (Field # 3),4/26/26,Sun,11:30 AM,6708,Parma   CRE,,Olmsted Falls   Gold,,Girls,2016(U10),West 6,332
James Day Park (Field # 3),4/26/26,Sun,1:00 PM,13013,Parma,,Sandusky,,Boys,2017(U09),West 5,332
James Day Park (Field # 3),4/26/26,Sun,2:30 PM,11712,Parma,,Westlake   RG,,Girls,2017(U09),West 4,332
James Day Park (Field # 3),4/26/26,Sun,4:00 PM,1307,Parma,,TUSA,,Boys,2016(U10),West 7,332
James Day Park (Field # 3),4/28/26,Tue,6:30 PM,13018,Parma,,Fairview Park   KB,,Boys,2017(U09),West 5,332
James Day Park (Field # 3),4/29/26,Wed,6:30 PM,6712,Parma   CRE,,Rocky River   GRY,,Girls,2016(U10),West 6,332
James Day Park (Field # 3),5/3/26,Sun,1:00 PM,11717,Parma,,Rocky River   BLK,,Girls,2017(U09),West 4,332
James Day Park (Field # 3),5/5/26,Tue,6:00 PM,6718,Parma   CRE,,North Olmsted,,Girls,2016(U10),West 6,332
James Day Park (Field # 3),5/10/26,Sun,11:30 AM,7316,Parma   IRV,,Avon Lake   GOLD,,Girls,2016(U10),West 4,332
James Day Park (Field # 3),5/10/26,Sun,1:00 PM,13029,Parma,,Rocky River   GLD,,Boys,2017(U09),West 5,332
James Day Park (Field # 3),5/10/26,Sun,2:30 PM,11721,Parma,,Rocky River   GRY,,Girls,2017(U09),West 4,332
James Day Park (Field # 3),5/12/26,Tue,6:30 PM,1312,Parma,,Midview,,Boys,2016(U10),West 7,332
James Day Park (Field # 3),5/17/26,Sun,1:00 PM,1316,Parma,,Fairview Park   MZ,,Boys,2016(U10),West 7,332
James Day Park (Field # 3),5/17/26,Sun,4:00 PM,6721,Parma   CRE,,Avon   DT,,Girls,2016(U10),West 6,332
James Day Park (Field # 3),5/18/26,Mon,6:30 PM,13035,Parma,,Westlake   TB,,Boys,2017(U09),West 5,332
James Day Park (Field # 3),5/18/26,Mon,6:30 PM,1304,Parma,,North Olmsted   WHT,,Boys,2016(U10),West 7,332
James Day Park (Field # 3),5/31/26,Sun,12:00 PM,11730,Parma,,Bay Village   CL,,Girls,2017(U09),West 4,332
James Day Park (Field # 7),4/26/26,Sun,11:30 AM,15207,Parma,,Copley   Gold,,Girls,2014(U12),South 3,332
James Day Park (Field # 7),4/26/26,Sun,1:00 PM,8607,Parma,,Vermilion,,Girls,2015(U11),West 3,332
James Day Park (Field # 7),4/26/26,Sun,2:30 PM,2308,Parma,,Lakewood   B15G,,Boys,2015(U11),West 5,332
James Day Park (Field # 7),4/26/26,Sun,4:00 PM,3409,Parma,,Sandusky,,Boys,2014(U12),West 5,332
James Day Park (Field # 7),4/28/26,Tue,6:30 PM,2312,Parma,,TUSA,,Boys,2015(U11),West 5,332
James Day Park (Field # 7),4/29/26,Wed,6:30 PM,3411,Parma,,Midview,,Boys,2014(U12),West 5,332
James Day Park (Field # 7),5/3/26,Sun,11:30 AM,15213,Parma,,Cuyahoga Falls   MN,,Girls,2014(U12),South 3,332
James Day Park (Field # 7),5/3/26,Sun,1:00 PM,8613,Parma,,Rocky River   WHT,,Girls,2015(U11),West 3,332
James Day Park (Field # 7),5/10/26,Sun,2:30 PM,3416,Parma,,Fairview Park   BO,,Boys,2014(U12),West 5,332
James Day Park (Field # 7),5/10/26,Sun,5:30 PM,2318,Parma,,Firelands,,Boys,2015(U11),West 5,332
James Day Park (Field # 7),5/12/26,Tue,6:30 PM,15219,Parma,,Perry (Stark),,Girls,2014(U12),South 3,332
James Day Park (Field # 7),5/17/26,Sun,11:30 AM,2321,Parma,,LaGrange,,Boys,2015(U11),West 5,332
James Day Park (Field # 7),5/17/26,Sun,5:30 PM,8619,Parma,,Strongsville,,Girls,2015(U11),West 3,332
James Day Park (Field #1),4/19/26,Sun,4:00 PM,6106,Parma,,Rocky River   MRN,,Boys,2011(U15),West 3,332
James Day Park (Field #1),4/26/26,Sun,6:00 PM,4620,Akron Inner City,,Parma,,Boys,2013(U13),2,332
James Day Park (Field #1),4/29/26,Wed,6:30 PM,6114,Parma,,Avon   LG,,Boys,2011(U15),West 3,332
James Day Park (Field #1),4/30/26,Thu,6:30 PM,4625,Parma,,Bay Village   BW,,Boys,2013(U13),2,332
James Day Park (Field #1),5/3/26,Sun,6:00 PM,4630,Parma,,Shaker Hts.   BLK,,Boys,2013(U13),2,332
James Day Park (Field #1),5/4/26,Mon,6:30 PM,10820,Parma,,Shaker Hts.   BLK,,Girls,2012(U14),2,332
James Day Park (Field #1),5/6/26,Wed,6:30 PM,6104,Parma,,Midview,,Boys,2011(U15),West 3,332
James Day Park (Field #1),5/17/26,Sun,4:00 PM,6127,Parma,,Buckeye,,Boys,2011(U15),West 3,332
James Day Park (Field #1),5/31/26,Sun,1:00 PM,4644,Parma,,Hudson   HARB,,Boys,2013(U13),2,332
James Day Park (Field #1),5/31/26,Sun,6:00 PM,10840,Parma,,Bay Village   DR,,Girls,2012(U14),2,332
James Day Park (Field #1),6/7/26,Sun,2:30 PM,10809,Parma,,Ashland,,Girls,2012(U14),2,332
Jindra Park (Jindra Park),4/12/26,Sun,9:30 AM,9202,Wickliffe,2,Shaker Hts.   WHT,3,Girls,2014(U12),East 3,161
Jindra Park (Jindra Park),4/19/26,Sun,11:30 AM,9204,Wickliffe,1,Strongsville,3,Girls,2014(U12),East 3,161
Jindra Park (Jindra Park),4/26/26,Sun,3:30 PM,3113,Wickliffe,,Solon United   Whit,,Boys,2014(U12),East 3,161
Jindra Park (Jindra Park),4/26/26,Sun,5:00 PM,3010,Wickliffe,,Bay Village   MiC,,Boys,2015(U11),2,161
Jindra Park (Jindra Park),4/30/26,Thu,6:30 PM,3118,Wickliffe,,Twinsburg,,Boys,2014(U12),East 3,161
Jindra Park (Jindra Park),5/10/26,Sun,1:00 PM,9217,Wickliffe,,Streetsboro,,Girls,2014(U12),East 3,161
Jindra Park (Jindra Park),5/10/26,Sun,2:30 PM,3129,Wickliffe,,Riverside   KC,,Boys,2014(U12),East 3,161
John Braun Park (John Braun Field 1 7v7),5/11/26,Mon,6:30 PM,7421,Port Clinton,,Avon   DFH,,Girls,2016(U10),West 3,716
Kenston High School Bomber Stadium (Stadium Turf),4/12/26,Sun,5:30 PM,13301,Kenston,2,Eastlake,0,Boys,2011(U15),East 4,618
Kenston High School Bomber Stadium (Stadium Turf),4/19/26,Sun,5:30 PM,13305,Kenston,5,Streetsboro,1,Boys,2011(U15),East 4,618
Kenston High School Bomber Stadium (Stadium Turf),5/10/26,Sun,5:30 PM,13320,Kenston,,Nordonia,,Boys,2011(U15),East 4,618
Kenston High School Bomber Stadium (Stadium Turf),5/17/26,Sun,5:30 PM,13322,Kenston,,Aurora,,Boys,2011(U15),East 4,618
Kenston High School Bomber Stadium (Stadium Turf),5/31/26,Sun,5:30 PM,4831,Kenston,,Norton,,Boys,2013(U13),1,618
Kenston High School Grass Fields ( 11v11 Field 1),4/23/26,Thu,6:00 PM,4826,Kenston,,Chagrin Falls   Orng,,Boys,2013(U13),1,619
Kenston High School Grass Fields ( 11v11 Field 1),4/30/26,Thu,6:30 PM,4813,Kenston,,Medina   13Gr,,Boys,2013(U13),1,619
Kenston High School Grass Fields ( 11v11 Field 1),5/7/26,Thu,6:30 PM,4809,Kenston,,Ashland,,Boys,2013(U13),1,619
Kirk Schuring Park (KSP 11v11 Field 7),4/21/26,Tue,6:30 PM,11206,Jackson,,Highland   JK2,,Girls,2011(U15),1,775
Kirk Schuring Park (KSP 11v11 Field 7),4/22/26,Wed,6:30 PM,15312,Jackson,,North Royalton,,Girls,2013(U13),South 2,775
Kirk Schuring Park (KSP 11v11 Field 7),4/23/26,Thu,6:30 PM,11209,Jackson,,Brunswick   RYL,,Girls,2011(U15),1,775
Kirk Schuring Park (KSP 11v11 Field 7),4/26/26,Sun,5:30 PM,15308,Jackson,,Highland   GP3,,Girls,2013(U13),South 2,775
Kirk Schuring Park (KSP 11v11 Field 7),5/7/26,Thu,6:30 PM,15318,Jackson,,Medina   14GN,,Girls,2013(U13),South 2,775
Kirk Schuring Park (KSP 11v11 Field 7),5/10/26,Sun,3:30 PM,11211,Jackson,,Strongsville,,Girls,2011(U15),1,775
Kirk Schuring Park (KSP 11v11 Field 7),5/17/26,Sun,4:00 PM,15321,Jackson,,Brecksville Bees SA,,Girls,2013(U13),South 2,775
Kirk Schuring Park (KSP 11v11 Field 7),6/5/26,Fri,6:30 PM,11216,Jackson,,Hudson   BOWM,,Girls,2011(U15),1,775
Kirk Schuring Park (KSP 7v7 Field 8),4/12/26,Sun,2:30 PM,14902,Jackson,6,Brecksville Bees SA   Y,1,Girls,2017(U09),South 4 EN,775
Kirk Schuring Park (KSP 7v7 Field 8),4/26/26,Sun,2:30 PM,13810,Jackson,,Medina   U8Go,,Boys,2017(U09),South 5,775
Kirk Schuring Park (KSP 7v7 Field 8),5/3/26,Sun,1:00 PM,14924,Jackson,,New Philadelphia,,Girls,2017(U09),South 4 EN,775
Kirk Schuring Park (KSP 7v7 Field 8),5/3/26,Sun,2:30 PM,13820,Jackson,,Woodridge,,Boys,2017(U09),South 5,775
Kirk Schuring Park (KSP 7v7 Field 8),5/5/26,Tue,6:30 PM,14908,Jackson,,Highland   AA1,,Girls,2017(U09),South 4 EN,775
Kirk Schuring Park (KSP 7v7 Field 8),5/17/26,Sun,2:30 PM,13828,Jackson,,Wooster,,Boys,2017(U09),South 5,775
Kirk Schuring Park (KSP 7v7 Field 8),5/31/26,Sun,1:00 PM,14939,Jackson,,Medina   19GN,,Girls,2017(U09),South 4 EN,775
Kirk Schuring Park (KSP 7v7 Field 8),5/31/26,Sun,2:30 PM,13829,Jackson,,Brunswick   MW,,Boys,2017(U09),South 5,775
Kirk Schuring Park (KSP 9v9 Field 3),4/19/26,Sun,1:00 PM,7608,Jackson,0,Perry (Stark),0,Girls,2015(U11),South 3,775
Kirk Schuring Park (KSP 9v9 Field 3),4/28/26,Tue,6:30 PM,2919,Jackson,,Manchester,,Boys,2015(U11),South 6,775
Kirk Schuring Park (KSP 9v9 Field 3),4/29/26,Wed,6:30 PM,7615,Jackson,,Revere   RED,,Girls,2015(U11),South 3,775
Kirk Schuring Park (KSP 9v9 Field 3),5/3/26,Sun,4:00 PM,9425,Jackson,,Mayfield   SS,,Girls,2014(U12),2,775
Kirk Schuring Park (KSP 9v9 Field 3),5/10/26,Sun,1:00 PM,9430,Jackson,,Hudson   SHUT,,Girls,2014(U12),2,775
Kirk Schuring Park (KSP 9v9 Field 3),5/10/26,Sun,2:30 PM,2926,Jackson,,Perry (Stark),,Boys,2015(U11),South 6,775
Kirk Schuring Park (KSP 9v9 Field 3),5/10/26,Sun,4:00 PM,7623,Jackson,,Ashland,,Girls,2015(U11),South 3,775
Kirk Schuring Park (KSP 9v9 Field 3),5/12/26,Tue,6:30 PM,9414,Jackson,,Chagrin Falls,,Girls,2014(U12),2,775
Kirk Schuring Park (KSP 9v9 Field 3),5/17/26,Sun,1:00 PM,9434,Jackson,,Independence,,Girls,2014(U12),2,775
Kirk Schuring Park (KSP 9v9 Field 3),5/17/26,Sun,2:30 PM,2932,Jackson,,Highland   CM1,,Boys,2015(U11),South 6,775
Kirk Schuring Park (KSP 9v9 Field 3),5/27/26,Wed,6:30 PM,7632,Jackson,,Field,,Girls,2015(U11),South 3,775
Kirk Schuring Park (KSP 9v9 Field 3),6/7/26,Sun,1:00 PM,2907,Jackson,,Barberton,,Boys,2015(U11),South 6,775
Kreuger Park (11v11 #1),4/12/26,Sun,2:30 PM,5702,Mentor,6,Solon United   Whit,2,Boys,2012(U14),East 4,77
Kreuger Park (11v11 #1),4/14/26,Tue,6:30 PM,4640,Mentor,2,Solon United   Blue,3,Boys,2013(U13),2,77
Kreuger Park (11v11 #1),4/19/26,Sun,1:00 PM,5704,Mentor,,NP Aurora,,Boys,2012(U14),East 4,77
Kreuger Park (11v11 #1),4/19/26,Sun,2:30 PM,4610,Mentor,,West Geauga,,Boys,2013(U13),2,77
Kreuger Park (11v11 #1),4/23/26,Thu,6:30 PM,4615,Mentor,,Parma,,Boys,2013(U13),2,77
Kreuger Park (11v11 #1),5/10/26,Sun,1:30 PM,4635,Mentor,,Shaker Hts.   BLK,,Boys,2013(U13),2,77
Kreuger Park (11v11 #1),5/10/26,Sun,5:30 PM,5717,Mentor,,Copley,,Boys,2012(U14),East 4,77
Kreuger Park (11v11 #1),5/31/26,Sun,5:30 PM,5723,Mentor,,Twinsburg   Whte,,Boys,2012(U14),East 4,77
Kreuger Park (7v7 #2),4/26/26,Sun,3:00 PM,14313,Mentor   Red,,Shaker Hts.   BLK,,Boys,2017(U09),1,77
Kreuger Park (7v7 #2),4/26/26,Sun,4:00 PM,7007,Mentor,,Shaker Hts.   RED,,Girls,2016(U10),East 4,77
Kreuger Park (7v7 #2),4/26/26,Sun,5:45 PM,12613,Mentor   Gray,,Shaker Hts.   U8 B,,Boys,2017(U09),East 4,77
Kreuger Park (7v7 #2),4/29/26,Wed,6:30 PM,14320,Mentor   Red,,Norton,,Boys,2017(U09),1,77
Kreuger Park (7v7 #2),4/29/26,Wed,6:30 PM,12620,Mentor   Gray,,North Royalton,,Boys,2017(U09),East 4,77
Kreuger Park (7v7 #2),5/3/26,Sun,1:00 PM,14322,Mentor   Red,,Avon   DB,,Boys,2017(U09),1,77
Kreuger Park (7v7 #2),5/3/26,Sun,2:30 PM,12630,Mentor   Gray,,Brecksville Bees SA   R,,Boys,2017(U09),East 4,77
Kreuger Park (7v7 #2),5/3/26,Sun,4:00 PM,7013,Mentor,,Eastside Kickers,,Girls,2016(U10),East 4,77
Kreuger Park (7v7 #2),5/10/26,Sun,2:30 PM,11917,Mentor   Gray,,Willoughby,,Girls,2017(U09),East 4 E,77
Kreuger Park (7v7 #2),5/17/26,Sun,2:30 PM,14331,Mentor   Red,,Highland   NF4,,Boys,2017(U09),1,77
Kreuger Park (7v7 #2),5/31/26,Sun,2:30 PM,11923,Mentor   Gray,,Orange,,Girls,2017(U09),East 4 E,77
Kreuger Park (9v9 #6),4/12/26,Sun,11:30 AM,3104,Mentor,2,Wickliffe,7,Boys,2014(U12),East 3,77
Kreuger Park (9v9 #6),4/12/26,Sun,1:30 PM,7902,Mentor,2,Orange,2,Girls,2015(U11),East 3,77
Kreuger Park (9v9 #6),4/12/26,Sun,5:30 PM,9103,Mentor,4,Geneva   14G,3,Girls,2014(U12),East 4,77
Kreuger Park (9v9 #6),4/19/26,Sun,1:00 PM,7904,Mentor,,Stow   Mar,,Girls,2015(U11),East 3,77
Kreuger Park (9v9 #6),4/19/26,Sun,4:00 PM,2204,Mentor,,Solon United   Blue,,Boys,2015(U11),East 3,77
Kreuger Park (9v9 #6),4/22/26,Wed,6:30 PM,2209,Mentor,,Eastside Kickers,,Boys,2015(U11),East 3,77
Kreuger Park (9v9 #6),4/23/26,Thu,6:00 PM,9108,Mentor,,Shaker Hts.   SILV,,Girls,2014(U12),East 4,77
Kreuger Park (9v9 #6),4/29/26,Wed,6:30 PM,3116,Mentor,,Riverside   KC,,Boys,2014(U12),East 3,77
Kreuger Park (9v9 #6),5/7/26,Thu,6:30 PM,7917,Mentor,,Mayfield   TS,,Girls,2015(U11),East 3,77
Kreuger Park (9v9 #6),5/10/26,Sun,4:00 PM,3127,Mentor,,Nordonia,,Boys,2014(U12),East 3,77
Kreuger Park (9v9 #6),5/17/26,Sun,4:00 PM,2224,Mentor,,Shaker Hts.   RED,,Boys,2015(U11),East 3,77
Kreuger Park (9v9 #6),5/31/26,Sun,11:30 AM,9125,Mentor,,Kent   TS,,Girls,2014(U12),East 4,77
Kreuger Park (9v9 #6),5/31/26,Sun,1:00 PM,2227,Mentor,,Kenston,,Boys,2015(U11),East 3,77
Kreuger Park (9v9 #6),5/31/26,Sun,4:00 PM,7923,Mentor,,Solon United   Gold,,Girls,2015(U11),East 3,77
Kreuger Park (9v9 #6),6/7/26,Sun,2:30 PM,9128,Mentor,,Orange,,Girls,2014(U12),East 4,77
LaGrange Community Park (Field #3),4/12/26,Sun,2:00 PM,702,LaGrange,3,Avon Lake,2,Boys,2016(U10),West 6,16
LaGrange Community Park (Field #3),4/12/26,Sun,3:30 PM,14501,LaGrange,5,Westlake   NF,0,Boys,2017(U09),West 6 EV,16
LaGrange Community Park (Field #3),4/22/26,Wed,6:30 PM,705,North Ridgeville   Gold,,LaGrange,,Boys,2016(U10),West 6,16
LaGrange Community Park (Field #3),4/29/26,Wed,6:30 PM,1515,LaGrange,,Westlake   JL,,Boys,2016(U10),West 4,16
LaGrange Community Park (Field #3),5/1/26,Fri,6:30 PM,710,LaGrange,,Avon   JD,,Boys,2016(U10),West 6,16
LaGrange Community Park (Field #3),5/3/26,Sun,12:30 PM,718,LaGrange,,Sandusky,,Boys,2016(U10),West 6,16
LaGrange Community Park (Field #3),5/3/26,Sun,2:30 PM,14513,LaGrange,,Fairview Park   BP,,Boys,2017(U09),West 6 EV,16
LaGrange Community Park (Field #3),5/5/26,Tue,6:30 PM,14507,LaGrange,,Avon Lake,,Boys,2017(U09),West 6 EV,16
LaGrange Community Park (Field #3),5/10/26,Sun,5:30 PM,1523,LaGrange,,Olmsted Falls,,Boys,2016(U10),West 4,16
LaGrange Community Park (Field #3),5/17/26,Sun,1:00 PM,715,LaGrange,,North Ridgeville   Gold,,Boys,2016(U10),West 6,16
LaGrange Community Park (Field #3),5/31/26,Sun,11:00 AM,1508,LaGrange,,Bay Village   DY,,Boys,2016(U10),West 4,16
LaGrange Community Park (Field #3),5/31/26,Sun,1:00 PM,1532,LaGrange,,Bay Village   JH,,Boys,2016(U10),West 4,16
LaGrange Community Park (Field #3),6/1/26,Mon,6:30 PM,14519,LaGrange,,Lakewood   B17B,,Boys,2017(U09),West 6 EV,16
LaGrange Community Park (Field #4),4/19/26,Sun,1:00 PM,2306,LaGrange,,Parma,,Boys,2015(U11),West 5,16
LaGrange Community Park (Field #4),4/21/26,Tue,6:30 PM,3813,LaGrange,,Lakewood   B14P,,Boys,2014(U12),West 3,16
LaGrange Community Park (Field #4),4/23/26,Thu,6:30 PM,9304,LaGrange,,Westlake   CG,,Girls,2014(U12),West 3,16
LaGrange Community Park (Field #4),4/30/26,Thu,6:30 PM,2311,LaGrange,,Lakewood   B15G,,Boys,2015(U11),West 5,16
LaGrange Community Park (Field #4),5/1/26,Fri,6:00 PM,9307,LaGrange,,Port Clinton,,Girls,2014(U12),West 3,16
LaGrange Community Park (Field #4),5/3/26,Sun,11:00 AM,3828,LaGrange,,Westlake   DS,,Boys,2014(U12),West 3,16
LaGrange Community Park (Field #4),5/3/26,Sun,4:00 PM,9312,LaGrange,,Avon Lake,,Girls,2014(U12),West 3,16
LaGrange Community Park (Field #4),5/5/26,Tue,6:30 PM,2309,LaGrange,,Firelands,,Boys,2015(U11),West 5,16
LaGrange Community Park (Field #4),5/10/26,Sun,1:00 PM,2316,LaGrange,,Norwalk HCYSC   ML,,Boys,2015(U11),West 5,16
LaGrange Community Park (Field #4),5/14/26,Thu,6:00 PM,3837,LaGrange,,Firelands,,Boys,2014(U12),West 3,16
LaGrange Community Park (Field #4),5/15/26,Fri,6:30 PM,9316,LaGrange,,Lakewood   G14G,,Girls,2014(U12),West 3,16
LaGrange Community Park (Field #4),6/1/26,Mon,5:30 PM,3805,LaGrange,,Strongsville,,Boys,2014(U12),West 3,16
Lake Community Park (Behind Lake HS Stadium) (11U/12U 9v9 Field),4/12/26,Sun,12:00 PM,7603,Lake Select SC   2015,1,Ashland,3,Girls,2015(U11),South 3,668
Lake Community Park (Behind Lake HS Stadium) (11U/12U 9v9 Field),4/12/26,Sun,4:00 PM,13402,Lake Select SC   2014,2,Wadsworth,0,Boys,2014(U12),2,668
Lake Community Park (Behind Lake HS Stadium) (11U/12U 9v9 Field),5/3/26,Sun,1:00 PM,2617,Lake Select SC   2015,,North Canton,,Boys,2015(U11),South 3,668
Lake Community Park (Behind Lake HS Stadium) (11U/12U 9v9 Field),5/6/26,Wed,6:30 PM,2613,Lake Select SC   2015,,North Royalton,,Boys,2015(U11),South 3,668
Lake Community Park (Behind Lake HS Stadium) (11U/12U 9v9 Field),5/9/26,Sat,4:30 PM,7624,Lake Select SC   2015,,Field,,Girls,2015(U11),South 3,668
Lake Community Park (Behind Lake HS Stadium) (11U/12U 9v9 Field),5/10/26,Sun,5:30 PM,2619,Lake Select SC   2015,,Medina   15Wh,,Boys,2015(U11),South 3,668
Lake Community Park (Behind Lake HS Stadium) (11U/12U 9v9 Field),5/13/26,Wed,6:30 PM,13422,Lake Select SC   2014,,Revere   RED,,Boys,2014(U12),2,668
Lake Community Park (Behind Lake HS Stadium) (11U/12U 9v9 Field),5/17/26,Sun,5:30 PM,7625,Lake Select SC   2015,,Jackson,,Girls,2015(U11),South 3,668
Lake Community Park (Behind Lake HS Stadium) (11U/12U 9v9 Field),5/19/26,Tue,6:30 PM,13418,Lake Select SC   2014,,Rocky River   MRN,,Boys,2014(U12),2,668
Lake Community Park (Behind Lake HS Stadium) (13U/14U/15U/HS 11v11),4/16/26,Thu,6:30 PM,6303,Lake Select SC   U15,3,Ashland,3,Boys,2011(U15),South 3,668
Lake Community Park (Behind Lake HS Stadium) (13U/14U/15U/HS 11v11),4/19/26,Sun,11:30 AM,9706,Lake Select SC   1314,2,Manchester,2,Girls,2013(U13),South 3,668
Lake Community Park (Behind Lake HS Stadium) (13U/14U/15U/HS 11v11),4/19/26,Sun,5:30 PM,6305,Lake Select SC   U15,2,Stow   Gold,7,Boys,2011(U15),South 3,668
Lake Community Park (Behind Lake HS Stadium) (13U/14U/15U/HS 11v11),4/26/26,Sun,2:30 PM,9711,Lake Select SC   1314,,PLX United,,Girls,2013(U13),South 3,668
Lake Community Park (Behind Lake HS Stadium) (13U/14U/15U/HS 11v11),4/26/26,Sun,5:30 PM,5112,Lake Select SC   2013,,Wooster,,Boys,2013(U13),South 3,668
Lake Community Park (Behind Lake HS Stadium) (13U/14U/15U/HS 11v11),4/28/26,Tue,6:30 PM,9714,Lake Select SC   1314,,Green,,Girls,2013(U13),South 3,668
Lake Community Park (Behind Lake HS Stadium) (13U/14U/15U/HS 11v11),5/3/26,Sun,2:30 PM,9718,Lake Select SC   1314,,Akron Inner City,,Girls,2013(U13),South 3,668
Lake Community Park (Behind Lake HS Stadium) (13U/14U/15U/HS 11v11),5/3/26,Sun,5:30 PM,5117,Lake Select SC   2013,,Wadsworth,,Boys,2013(U13),South 3,668
Lake Community Park (Behind Lake HS Stadium) (13U/14U/15U/HS 11v11),5/7/26,Thu,6:30 PM,6314,Lake Select SC   U15,,Copley,,Boys,2011(U15),South 3,668
Lake Community Park (Behind Lake HS Stadium) (13U/14U/15U/HS 11v11),5/10/26,Sun,4:00 PM,5121,Lake Select SC   2013,,Ashland,,Boys,2013(U13),South 3,668
Lake Community Park (Behind Lake HS Stadium) (13U/14U/15U/HS 11v11),5/21/26,Thu,6:30 PM,5130,Lake Select SC   2013,,New Philadelphia,,Boys,2013(U13),South 3,668
Lake Community Park (Behind Lake HS Stadium) (13U/14U/15U/HS 11v11),5/31/26,Sun,4:00 PM,6322,Lake Select SC   U15,,Green,,Boys,2011(U15),South 3,668
Lake Community Park (Behind Lake HS Stadium) (9U/10U 7v7 Field),5/2/26,Sat,12:00 PM,11614,Lake Select SC   2016,,Wadsworth,,Girls,2016(U10),South 5,668
Lake Community Park (Behind Lake HS Stadium) (9U/10U 7v7 Field),5/3/26,Sun,1:00 PM,11625,Lake Select SC   2016,,Green,,Girls,2016(U10),South 5,668
Lake Community Park (Behind Lake HS Stadium) (9U/10U 7v7 Field),5/3/26,Sun,2:30 PM,13117,Lake Select SC,,Wooster,,Boys,2017(U09),South 6,668
Lake Community Park (Behind Lake HS Stadium) (9U/10U 7v7 Field),5/10/26,Sun,1:00 PM,11630,Lake Select SC   2016,,Revere   BLUE,,Girls,2016(U10),South 5,668
Lake Community Park (Behind Lake HS Stadium) (9U/10U 7v7 Field),5/10/26,Sun,4:00 PM,1426,Lake Select SC   2016,,Brecksville Bees SA   Y,,Boys,2016(U10),South 5,668
Lake Community Park (Behind Lake HS Stadium) (9U/10U 7v7 Field),5/10/26,Sun,5:30 PM,14927,Lake Select SC,,Jackson,,Girls,2017(U09),South 4 EN,668
Lake Community Park (Behind Lake HS Stadium) (9U/10U 7v7 Field),5/11/26,Mon,6:30 PM,13121,Lake Select SC,,Northwest,,Boys,2017(U09),South 6,668
Lake Community Park (Behind Lake HS Stadium) (9U/10U 7v7 Field),5/12/26,Tue,6:30 PM,14906,Lake Select SC,,Copley,,Girls,2017(U09),South 4 EN,668
Lake Community Park (Behind Lake HS Stadium) (9U/10U 7v7 Field),5/17/26,Sun,1:00 PM,11634,Lake Select SC   2016,,Mustangs Jr,,Girls,2016(U10),South 5,668
Lake Community Park (Behind Lake HS Stadium) (9U/10U 7v7 Field),5/17/26,Sun,5:30 PM,1432,Lake Select SC   2016,,Ashland,,Boys,2016(U10),South 5,668
Lake Community Park (Behind Lake HS Stadium) (9U/10U 7v7 Field),5/20/26,Wed,6:30 PM,14916,Lake Select SC,,Highland   AA1,,Girls,2017(U09),South 4 EN,668
Lake Community Park (Behind Lake HS Stadium) (9U/10U 7v7 Field),5/31/26,Sun,2:30 PM,13130,Lake Select SC,,Highland   BZ1,,Boys,2017(U09),South 6,668
Lakewood High School (Lakewood High School Turf),4/12/26,Sun,1:00 PM,6103,Lakewood   B11G,1,Rocky River   MRN,3,Boys,2011(U15),West 3,310
Lakewood High School (Lakewood High School Turf),4/12/26,Sun,2:30 PM,11114,Lakewood   G11G,1,Geauga Federation SC,2,Girls,2011(U15),3,310
Lakewood High School (Lakewood High School Turf),4/12/26,Sun,4:00 PM,10602,Lakewood   G12G,1,Cuyahoga Falls   EK,1,Girls,2012(U14),5,310
Lakewood High School (Lakewood High School Turf),4/12/26,Sun,5:30 PM,5402,Lakewood   B12P,1,North Ridgeville,4,Boys,2012(U14),West 3,310
Lakewood High School (Lakewood High School Turf),4/13/26,Mon,6:45 PM,5614,Lakewood   B12G,1,Amherst,2,Boys,2012(U14),1,310
Lakewood High School (Lakewood High School Turf),4/17/26,Fri,7:00 PM,11111,Lakewood   G11G,3,Medina   12GN,0,Girls,2011(U15),3,310
Lakewood High School (Lakewood High School Turf),4/19/26,Sun,1:00 PM,6107,Lakewood   B11G,1,Avon   LG,0,Boys,2011(U15),West 3,310
Lakewood High School (Lakewood High School Turf),4/19/26,Sun,4:00 PM,11106,Lakewood   G11G,2,Buckeye,1,Girls,2011(U15),3,310
Lakewood High School (Lakewood High School Turf),4/19/26,Sun,5:30 PM,5606,Lakewood   B12G,4,Strongsville,4,Boys,2012(U14),1,310
Lakewood High School (Lakewood High School Turf),4/19/26,Sun,7:00 PM,5303,Lakewood   B13G,1,Elyria,2,Boys,2013(U13),West 5,310
Lakewood High School (Lakewood High School Turf),5/3/26,Sun,10:00 AM,5418,Lakewood   B12P,,North Olmsted   ORNG,,Boys,2012(U14),West 3,310
Lakewood High School (Lakewood High School Turf),5/3/26,Sun,11:30 AM,5311,Lakewood   B13G,,Olmsted Falls   Gold,,Boys,2013(U13),West 5,310
Lakewood High School (Lakewood High School Turf),5/3/26,Sun,1:00 PM,5618,Lakewood   B12G,,Westlake   MW,,Boys,2012(U14),1,310
Lakewood High School (Lakewood High School Turf),5/4/26,Mon,7:00 PM,5411,Lakewood   B12P,,Norwalk HCYSC   TP,,Boys,2012(U14),West 3,310
Lakewood High School (Lakewood High School Turf),5/10/26,Sun,4:00 PM,5422,Lakewood   B12P,,Bay Village   MM,,Boys,2012(U14),West 3,310
Lakewood High School (Lakewood High School Turf),5/10/26,Sun,5:30 PM,6124,Lakewood   B11G,,Parma,,Boys,2011(U15),West 3,310
Lakewood High School (Lakewood High School Turf),5/11/26,Mon,6:45 PM,10617,Lakewood   G12G,,Revere   BLUE,,Girls,2012(U14),5,310
Lakewood High School (Lakewood High School Turf),5/18/26,Mon,6:30 PM,5611,Lakewood   B12G,,Olmsted Falls   Blue,,Boys,2012(U14),1,310
Lakewood High School (Lakewood High School Turf),6/7/26,Sun,2:30 PM,10604,Lakewood   G12G,,Green,,Girls,2012(U14),5,310
Lambert Stadium (Lambert Stadium 11v11),4/19/26,Sun,9:15 AM,5508,Cuyahoga Falls   BF,,Rootstown,,Boys,2012(U14),South 3,770
Lambert Stadium (Lambert Stadium 11v11),4/21/26,Tue,7:00 PM,10007,Cuyahoga Falls   GF,,Mantua,,Boys,2011(U15),South 4,770
Lambert Stadium (Lambert Stadium 11v11),4/25/26,Sat,1:30 PM,10003,Cuyahoga Falls   GF,,Mustangs Jr,,Boys,2011(U15),South 4,770
Lambert Stadium (Lambert Stadium 11v11),4/28/26,Tue,7:00 PM,5512,Cuyahoga Falls   BF,,Northwest,,Boys,2012(U14),South 3,770
Lambert Stadium (Lambert Stadium 11v11),5/3/26,Sun,1:00 PM,10615,Cuyahoga Falls   EK,,Lakewood   G12G,,Girls,2012(U14),5,770
Lambert Stadium (Lambert Stadium 11v11),5/7/26,Thu,7:00 PM,6202,Cuyahoga Falls   RH,,Hudson   KNAP,,Boys,2011(U15),1,770
Lambert Stadium (Lambert Stadium 11v11),5/10/26,Sun,2:30 PM,5518,Cuyahoga Falls   BF,,Manchester,,Boys,2012(U14),South 3,770
Lambert Stadium (Lambert Stadium 11v11),5/13/26,Wed,7:00 PM,10024,Cuyahoga Falls   GF,,Massillon   Org,,Boys,2011(U15),South 4,770
Lambert Stadium (Lambert Stadium 11v11),5/17/26,Sun,2:30 PM,10620,Cuyahoga Falls   EK,,Revere   BLUE,,Girls,2012(U14),5,770
Lambert Stadium (Lambert Stadium 11v11),5/17/26,Sun,4:00 PM,10025,Cuyahoga Falls   GF,,North Canton,,Boys,2011(U15),South 4,770
Lambert Stadium (Lambert Stadium 11v11),5/21/26,Thu,7:00 PM,6208,Cuyahoga Falls   RH,,Brunswick   RYL,,Boys,2011(U15),1,770
Lambert Stadium (Lambert Stadium 11v11),5/26/26,Tue,6:30 PM,5521,Cuyahoga Falls   BF,,Highland   DG1,,Boys,2012(U14),South 3,770
Lambert Stadium (Lambert Stadium 11v11),5/27/26,Wed,7:00 PM,6224,Cuyahoga Falls   RH,,West Geauga,,Boys,2011(U15),1,770
Lambert Stadium (Lambert Stadium 11v11),5/31/26,Sun,5:00 PM,6239,Cuyahoga Falls   RH,,Strongsville,,Boys,2011(U15),1,770
Lambert Stadium (Lambert Stadium 11v11),6/2/26,Tue,7:00 PM,10624,Cuyahoga Falls   EK,,Green,,Girls,2012(U14),5,770
Lambert Stadium (Lambert Stadium 11v11),6/7/26,Sun,6:30 PM,10610,Cuyahoga Falls   EK,,North Canton,,Girls,2012(U14),5,770
Lane Field (Field 1 7v7),4/12/26,Sun,2:30 PM,13702,Akron Inner City,3,Cloverleaf,1,Boys,2017(U09),South 3,705
Lane Field (Field 1 7v7),4/19/26,Sun,2:30 PM,11606,Akron Inner City,,Lake Select SC   2016,,Girls,2016(U10),South 5,705
Lane Field (Field 1 7v7),4/25/26,Sat,1:00 PM,809,Akron Inner City,,Cuyahoga Falls   JH10,,Boys,2016(U10),South 4,705
Lane Field (Field 1 7v7),4/26/26,Sun,2:30 PM,13711,Akron Inner City,,Brunswick   JS,,Boys,2017(U09),South 3,705
Lane Field (Field 1 7v7),4/26/26,Sun,4:00 PM,2915,Akron Inner City,,Norton,,Boys,2015(U11),South 6,705
Lane Field (Field 1 7v7),4/28/26,Tue,6:30 PM,813,Akron Inner City,,Medina   U10W,,Boys,2016(U10),South 4,705
Lane Field (Field 1 7v7),4/29/26,Wed,6:30 PM,11616,Akron Inner City,,Tallmadge,,Girls,2016(U10),South 5,705
Lane Field (Field 3 11v11),4/19/26,Sun,4:00 PM,9704,Akron Inner City,,PLX United,,Girls,2013(U13),South 3,705
Learwood Middle School (Learwood 7A),4/12/26,Sun,2:30 PM,903,Avon Lake,2,North Ridgeville   Navy,4,Boys,2016(U10),West 3,250
Learwood Middle School (Learwood 7A),4/12/26,Sun,4:00 PM,14503,Avon Lake,7,Fairview Park   BP,2,Boys,2017(U09),West 6 EV,250
Learwood Middle School (Learwood 7A),4/19/26,Sun,2:30 PM,12707,Avon Lake,1,Lakewood   B17G,4,Boys,2017(U09),West 3,250
Learwood Middle School (Learwood 7A),4/19/26,Sun,5:30 PM,704,Avon Lake,2,Sandusky,5,Boys,2016(U10),West 6,250
Learwood Middle School (Learwood 7A),4/22/26,Wed,6:30 PM,111,Avon Lake   BLK,,Stow   Mar,,Boys,2016(U10),2,250
Learwood Middle School (Learwood 7A),4/26/26,Sun,1:00 PM,13512,Avon Lake,,Westlake,,Boys,2017(U09),2,250
Learwood Middle School (Learwood 7A),4/26/26,Sun,2:30 PM,14012,Avon Lake,,Bay Village   SE,,Boys,2017(U09),West 4,250
Learwood Middle School (Learwood 7A),4/26/26,Sun,5:30 PM,13908,Avon Lake,,Avon Lake,,Boys,2017(U09),West 6 EN,250
Learwood Middle School (Learwood 7A),4/29/26,Wed,6:30 PM,13912,Avon Lake,,Westlake   KM,,Boys,2017(U09),West 6 EN,250
Learwood Middle School (Learwood 7A),5/3/26,Sun,10:00 AM,712,Avon Lake,,LaGrange,,Boys,2016(U10),West 6,250
Learwood Middle School (Learwood 7A),5/3/26,Sun,2:30 PM,14514,Avon Lake,,Westlake   NF,,Boys,2017(U09),West 6 EV,250
Learwood Middle School (Learwood 7A),5/5/26,Tue,6:30 PM,13513,Avon Lake,,Revere   RED,,Boys,2017(U09),2,250
Learwood Middle School (Learwood 7A),5/6/26,Wed,6:30 PM,113,Avon Lake   BLK,,Mayfield   KHA,,Boys,2016(U10),2,250
Learwood Middle School (Learwood 7A),5/10/26,Sun,11:30 AM,13918,Avon Lake,,Lakewood   B17W,,Boys,2017(U09),West 6 EN,250
Learwood Middle School (Learwood 7A),5/10/26,Sun,4:00 PM,13519,Avon Lake,,Independence,,Boys,2017(U09),2,250
Learwood Middle School (Learwood 7A),5/13/26,Wed,6:30 PM,12726,Avon Lake,,Norwalk HCYSC   CW,,Boys,2017(U09),West 3,250
Learwood Middle School (Learwood 7A),5/17/26,Sun,11:30 AM,13921,Avon Lake,,Westlake   LV,,Boys,2017(U09),West 6 EN,250
Learwood Middle School (Learwood 7A),5/17/26,Sun,2:30 PM,716,Avon Lake,,Avon   JD,,Boys,2016(U10),West 6,250
Learwood Middle School (Learwood 7A),5/31/26,Sun,11:30 AM,14030,Avon Lake,,Rocky River   WHT,,Boys,2017(U09),West 4,250
Learwood Middle School (Learwood 7B),4/16/26,Thu,6:30 PM,14505,Avon Lake,,Westlake   SB,,Boys,2017(U09),West 6 EV,250
Learwood Middle School (Learwood 7B),4/19/26,Sun,1:00 PM,13904,Avon Lake,,Avon   DK,,Boys,2017(U09),West 6 EN,250
Learwood Middle School (Learwood 7B),4/19/26,Sun,4:00 PM,907,Avon Lake,5,Lakewood   B16P,6,Boys,2016(U10),West 3,250
Learwood Middle School (Learwood 7B),4/26/26,Sun,11:30 AM,707,Avon Lake,,North Ridgeville   Gold,,Boys,2016(U10),West 6,250
Learwood Middle School (Learwood 7B),4/28/26,Tue,6:30 PM,120,Avon Lake   BLK,,Ashland,,Boys,2016(U10),2,250
Learwood Middle School (Learwood 7B),4/29/26,Wed,6:30 PM,14015,North Ridgeville,,Avon Lake,,Boys,2017(U09),West 4,250
Learwood Middle School (Learwood 7B),4/30/26,Thu,6:30 PM,12719,Avon Lake,,Bay Village   DS,,Boys,2017(U09),West 3,250
Learwood Middle School (Learwood 7B),5/3/26,Sun,1:00 PM,13517,Avon Lake,,Strongsville,,Boys,2017(U09),2,250
Learwood Middle School (Learwood 7B),5/3/26,Sun,4:00 PM,14017,Avon Lake,,Firelands,,Boys,2017(U09),West 4,250
Learwood Middle School (Learwood 7B),5/3/26,Sun,5:30 PM,130,Avon Lake   BLK,,Lakewood   B16G,,Boys,2016(U10),2,250
Learwood Middle School (Learwood 7B),5/10/26,Sun,1:00 PM,924,Avon Lake,,Westlake   RR,,Boys,2016(U10),West 3,250
Learwood Middle School (Learwood 7B),5/10/26,Sun,2:30 PM,14021,Avon Lake,,Lakewood   B17P,,Boys,2017(U09),West 4,250
Learwood Middle School (Learwood 7B),5/10/26,Sun,5:30 PM,13917,Avon Lake,,Westlake   KM,,Boys,2017(U09),West 6 EN,250
Learwood Middle School (Learwood 7B),5/17/26,Sun,1:00 PM,925,Avon Lake,,Port Clinton,,Boys,2016(U10),West 3,250
Learwood Middle School (Learwood 7B),5/17/26,Sun,4:00 PM,12732,Avon Lake,,Rocky River   MRN,,Boys,2017(U09),West 3,250
Learwood Middle School (Learwood 7B),5/31/26,Sun,1:00 PM,13923,Avon Lake,,Westlake   LV,,Boys,2017(U09),West 6 EN,250
Learwood Middle School (Learwood 7B),6/5/26,Fri,6:00 PM,14522,Avon Lake,,LaGrange,,Boys,2017(U09),West 6 EV,250
Learwood Middle School (Learwood 9A),4/16/26,Thu,6:30 PM,4103,Avon Lake   MRN,,Rocky River   WHT,,Boys,2014(U12),West 4,250
Learwood Middle School (Learwood 9A),4/21/26,Tue,6:30 PM,1807,Avon Lake,,Olmsted Falls   Blue,,Boys,2015(U11),West 3,250
Learwood Middle School (Learwood 9A),4/29/26,Wed,6:30 PM,1710,Avon Lake   GOLD,,Highland   NF1,,Boys,2015(U11),1,250
Learwood Middle School (Learwood 9A),5/3/26,Sun,11:30 AM,1715,Avon Lake   GOLD,,Brunswick   RYL,,Boys,2015(U11),1,250
Learwood Middle School (Learwood 9A),5/3/26,Sun,5:30 PM,1816,Avon Lake,,North Olmsted,,Boys,2015(U11),West 3,250
Learwood Middle School (Learwood 9A),5/8/26,Fri,6:15 PM,1821,Avon Lake,,Columbia Station,,Boys,2015(U11),West 3,250
Learwood Middle School (Learwood 9A),5/17/26,Sun,11:30 AM,1802,Avon Lake,,Avon,,Boys,2015(U11),West 3,250
Learwood Middle School (Learwood 9A),5/20/26,Wed,6:30 PM,1720,Avon Lake   GOLD,,Strongsville,,Boys,2015(U11),1,250
Learwood Middle School (Learwood 9A),5/31/26,Sun,10:30 AM,1724,Avon Lake   GOLD,,Orange,,Boys,2015(U11),1,250
Learwood Middle School (Learwood 9A),5/31/26,Sun,2:30 PM,4125,Avon Lake   MRN,,Avon   BK1,,Boys,2014(U12),West 4,250
Liberty Park  (Lower),5/10/26,Sun,11:30 AM,9218,Twinsburg   Whte,,Shaker Hts.   WHT,,Girls,2014(U12),East 3,73
Liberty Park  (Lower),5/10/26,Sun,4:00 PM,3130,Twinsburg,,Geneva   14B,,Boys,2014(U12),East 3,73
Liberty Park  (Lower),5/16/26,Sat,6:00 PM,11510,Twinsburg,,Aurora,,Girls,2011(U15),2,73
Liberty Park  (Lower),5/17/26,Sun,11:30 AM,9221,Twinsburg   Whte,,Aurora,,Girls,2014(U12),East 3,73
Liberty Park  (Lower),5/17/26,Sun,2:30 PM,2123,Twinsburg   Blue,,Riverside   BH,,Boys,2015(U11),East 4,73
Liberty Park  (Lower),5/17/26,Sun,4:00 PM,3134,Twinsburg,,Nordonia,,Boys,2014(U12),East 3,73
Liberty Park  (Lower),5/17/26,Sun,5:30 PM,11515,Twinsburg,,Bay Village   ML,,Girls,2011(U15),2,73
Liberty Park  (Lower),5/26/26,Tue,6:30 PM,10818,Twinsburg,,Revere   RED,,Girls,2012(U14),2,73
Liberty Park  (Lower),5/31/26,Sun,11:00 AM,2126,Twinsburg   Blue,,Shaker Hts.   WHT,,Boys,2015(U11),East 4,73
Liberty Park  (Lower),5/31/26,Sun,1:00 PM,2127,Twinsburg   Whte,,Riverside   BH,,Boys,2015(U11),East 4,73
Liberty Park  (Lower),6/7/26,Sun,11:30 AM,15102,Twinsburg   Blue,,Hudson   BATS,,Girls,2015(U11),East 2,73
Liberty Park  (Upper),4/21/26,Tue,6:30 PM,5711,Twinsburg   Whte,,Mentor,,Boys,2012(U14),East 4,73
Liberty Park  (Upper),4/28/26,Tue,6:30 PM,11502,Twinsburg,,Green,,Girls,2011(U15),2,73
Liberty Park  (Upper),5/3/26,Sun,11:30 AM,15118,Twinsburg   Blue,,Highland   EM4,,Girls,2015(U11),East 2,73
Liberty Park  (Upper),5/3/26,Sun,1:00 PM,3125,Twinsburg,,Solon United   Whit,,Boys,2014(U12),East 3,73
Liberty Park  (Upper),5/5/26,Tue,6:00 PM,2109,Twinsburg   Whte,,Twinsburg   Blue,,Boys,2015(U11),East 4,73
Liberty Park  (Upper),5/8/26,Fri,6:00 PM,2115,Twinsburg   Blue,,Willoughby,,Boys,2015(U11),East 4,73
Liberty Park  (Upper),5/10/26,Sun,2:30 PM,15122,Twinsburg   Blue,,NP Aurora,,Girls,2015(U11),East 2,73
Liberty Park  (Upper),5/10/26,Sun,4:00 PM,9427,Twinsburg   Blue,,Independence,,Girls,2014(U12),2,73
Liberty Park  (Upper),5/10/26,Sun,5:30 PM,15123,Twinsburg   Whte,,North Royalton,,Girls,2015(U11),East 2,73
Liberty Park  (Upper),5/12/26,Tue,6:00 PM,4308,Twinsburg,,Riverside   NS,,Boys,2013(U13),East 4,73
Liberty Park  (Upper),5/15/26,Fri,6:00 PM,9212,Twinsburg   Whte,,Streetsboro,,Girls,2014(U12),East 3,73
Liberty Park  (Upper),5/15/26,Fri,6:30 PM,9810,Twinsburg,,Mayfield   TB,,Girls,2013(U13),East 2,73
Liberty Park  (Upper),5/17/26,Sun,10:00 AM,10835,Twinsburg,,Parma,,Girls,2012(U14),2,73
Liberty Park  (Upper),5/17/26,Sun,11:30 AM,2124,Twinsburg   Whte,,West Geauga,,Boys,2015(U11),East 4,73
Liberty Park  (Upper),5/17/26,Sun,2:30 PM,5623,Twinsburg   Blue,,Lakewood   B12G,,Boys,2012(U14),1,73
Liberty Park  (Upper),5/17/26,Sun,4:00 PM,6538,Twinsburg,,Green,,Boys,2011(U15),2,73
Liberty Park  (Upper),5/17/26,Sun,5:30 PM,9820,Twinsburg,,Field,,Girls,2013(U13),East 2,73
Liberty Park  (Upper),5/29/26,Fri,6:00 PM,15115,Twinsburg   Whte,,Hudson   BATS,,Girls,2015(U11),East 2,73
Liberty Park  (Upper),5/31/26,Sun,10:00 AM,15132,Twinsburg   Whte,,Shaker Hts.   BLK,,Girls,2015(U11),East 2,73
Liberty Park  (Upper),5/31/26,Sun,11:30 AM,4325,Twinsburg,,Stow   Gold,,Boys,2013(U13),East 4,73
Liberty Park  (Upper),5/31/26,Sun,1:00 PM,11518,Twinsburg,,North Olmsted,,Girls,2011(U15),2,73
Liberty Park  (Upper),5/31/26,Sun,2:30 PM,5626,Twinsburg   Blue,,Strongsville,,Boys,2012(U14),1,73
Liberty Park  (Upper),5/31/26,Sun,5:30 PM,9824,Twinsburg,,West Geauga,,Girls,2013(U13),East 2,73
Liberty Park  (Upper),6/5/26,Fri,6:00 PM,5610,Twinsburg   Blue,,Highland   AS1,,Boys,2012(U14),1,73
Liberty Park  (Upper),6/7/26,Sun,1:00 PM,5615,Twinsburg   Blue,,Olmsted Falls   Blue,,Boys,2012(U14),1,73
Liberty Park  (Upper),6/7/26,Sun,2:30 PM,4328,Twinsburg,,Mantua,,Boys,2013(U13),East 4,73
Linden Park (Linden North),4/12/26,Sun,10:00 AM,7501,Rocky River   WHT,2,North Ridgeville,2,Girls,2016(U10),West 5,6
Linden Park (Linden North),4/12/26,Sun,11:30 AM,13005,Rocky River   GLD,6,North Olmsted   BLK,1,Boys,2017(U09),West 5,6
Linden Park (Linden North),4/12/26,Sun,2:30 PM,11704,Rocky River   BLK,5,Strongsville,2,Girls,2017(U09),West 4,6
Linden Park (Linden North),4/12/26,Sun,5:30 PM,14002,Rocky River   WHT,2,Avon Lake,1,Boys,2017(U09),West 4,6
Linden Park (Linden North),4/19/26,Sun,1:00 PM,12008,Rocky River   GLD,4,Avon Lake   BLK,0,Girls,2017(U09),West 5,6
Linden Park (Linden North),4/19/26,Sun,5:30 PM,6705,Rocky River   GRY,1,North Olmsted,5,Girls,2016(U10),West 6,6
Linden Park (Linden North),4/22/26,Wed,6:30 PM,12705,Rocky River   MRN,,Lakewood   B17G,,Boys,2017(U09),West 3,6
Linden Park (Linden North),4/26/26,Sun,11:30 AM,13011,Rocky River   GLD,,Westlake   TB,,Boys,2017(U09),West 5,6
Linden Park (Linden North),4/26/26,Sun,1:00 PM,12715,Rocky River   BLK,,Amherst,,Boys,2017(U09),West 3,6
Linden Park (Linden North),4/26/26,Sun,2:30 PM,11710,Rocky River   GRY,,Strongsville,,Girls,2017(U09),West 4,6
Linden Park (Linden North),4/26/26,Sun,4:00 PM,12711,Rocky River   MRN,,Norwalk HCYSC   CW,,Boys,2017(U09),West 3,6
Linden Park (Linden North),4/26/26,Sun,5:30 PM,15508,Rocky River   WHT,,Brunswick   WHT,,Boys,2016(U10),West 8,6
Linden Park (Linden North),4/28/26,Tue,6:30 PM,11714,Rocky River   BLK,,Rocky River   GRY,,Girls,2017(U09),West 4,6
Linden Park (Linden North),5/3/26,Sun,10:00 AM,7513,Rocky River   WHT,,Brecksville Bees SA   Y,,Girls,2016(U10),West 5,6
Linden Park (Linden North),5/3/26,Sun,11:30 AM,13022,Rocky River   GLD,,Bay Village   BB,,Boys,2017(U09),West 5,6
Linden Park (Linden North),5/3/26,Sun,1:00 PM,12721,Rocky River   BLK,,Bay Village   SM,,Boys,2017(U09),West 3,6
Linden Park (Linden North),5/3/26,Sun,2:30 PM,11720,Rocky River   GRY,,Avon Lake   MRN,,Girls,2017(U09),West 4,6
Linden Park (Linden North),5/3/26,Sun,4:00 PM,6714,Rocky River   GRY,,Avon   DT,,Girls,2016(U10),West 6,6
Linden Park (Linden North),5/3/26,Sun,5:30 PM,13021,Rocky River   GRY,,Parma,,Boys,2017(U09),West 5,6
Linden Park (Linden North),5/5/26,Tue,6:30 PM,1115,Rocky River   MRN,,Medina   U10G,,Boys,2016(U10),1,6
Linden Park (Linden North),5/10/26,Sun,1:00 PM,12123,Rocky River   WHT,,Lakewood   G17G,,Girls,2017(U09),West 3,6
Linden Park (Linden North),5/10/26,Sun,5:30 PM,15514,Rocky River   WHT,,Lakewood   B16W,,Boys,2016(U10),West 8,6
Linden Park (Linden North),5/15/26,Fri,6:00 PM,12023,Rocky River   GLD,,Avon Lake   WHT,,Girls,2017(U09),West 5,6
Linden Park (Linden North),5/17/26,Sun,11:30 AM,12127,Rocky River   MRN,,North Ridgeville,,Girls,2017(U09),West 3,6
Linden Park (Linden North),5/17/26,Sun,2:30 PM,11727,Rocky River   BLK,,Westlake   GF,,Girls,2017(U09),West 4,6
Linden Park (Linden North),5/17/26,Sun,4:00 PM,11728,Rocky River   GRY,,Bay Village   CL,,Girls,2017(U09),West 4,6
Linden Park (Linden North),5/17/26,Sun,5:30 PM,13031,Rocky River   GRY,,North Olmsted   BLK,,Boys,2017(U09),West 5,6
Linden Park (Linden North),5/31/26,Sun,11:30 AM,12738,Rocky River   BLK,,Avon Lake,,Boys,2017(U09),West 3,6
Linden Park (Linden North),5/31/26,Sun,1:00 PM,12032,Rocky River   GLD,,Avon   BB,,Girls,2017(U09),West 5,6
Linden Park (Linden North),5/31/26,Sun,2:30 PM,11729,Rocky River   GRY,,Westlake   GF,,Girls,2017(U09),West 4,6
Linden Park (Linden North),5/31/26,Sun,4:00 PM,12132,Rocky River   WHT,,Rocky River   MRN,,Girls,2017(U09),West 3,6
Linden Park (Linden North),5/31/26,Sun,5:30 PM,12737,Rocky River   MRN,,Avon   TN,,Boys,2017(U09),West 3,6
Linden Park (Linden North),6/7/26,Sun,2:30 PM,15519,Rocky River   WHT,,Olmsted Falls   Wht,,Boys,2016(U10),West 8,6
Linden Park (Linden South),4/14/26,Tue,6:30 PM,2502,Rocky River   MRN,2,Bay Village   KD,2,Boys,2015(U11),West 4,6
Linden Park (Linden South),4/19/26,Sun,10:00 AM,8804,Rocky River   MRN,1,Olmsted Falls   Blue,2,Girls,2014(U12),West 4,6
Linden Park (Linden South),4/19/26,Sun,1:00 PM,4104,Rocky River   WHT,1,Westlake   JJ,1,Boys,2014(U12),West 4,6
Linden Park (Linden South),4/19/26,Sun,6:30 PM,14604,Rocky River   MRN,2,Olmsted Falls   Blue,1,Girls,2015(U11),West 2,6
Linden Park (Linden South),4/21/26,Tue,6:30 PM,14609,Rocky River   MRN,,Columbia Station,,Girls,2015(U11),West 2,6
Linden Park (Linden South),4/22/26,Wed,6:30 PM,4109,Rocky River   WHT,,Amherst   JH,,Boys,2014(U12),West 4,6
Linden Park (Linden South),4/26/26,Sun,1:00 PM,8608,Rocky River   WHT,,Strongsville,,Girls,2015(U11),West 3,6
Linden Park (Linden South),4/26/26,Sun,2:30 PM,2511,Rocky River   MRN,,Bay Village   MH,,Boys,2015(U11),West 4,6
Linden Park (Linden South),4/26/26,Sun,4:00 PM,8807,Rocky River   MRN,,Brecksville Bees SA,,Girls,2014(U12),West 4,6
Linden Park (Linden South),4/28/26,Tue,6:30 PM,14812,Rocky River   GRY,,Avon   BK2,,Boys,2014(U12),West 6,6
Linden Park (Linden South),5/3/26,Sun,2:30 PM,2518,Rocky River   MRN,,Westlake   ZA,,Boys,2015(U11),West 4,6
Linden Park (Linden South),5/3/26,Sun,5:30 PM,8812,Rocky River   MRN,,Ashland,,Girls,2014(U12),West 4,6
Linden Park (Linden South),5/10/26,Sun,11:30 AM,14818,Rocky River   GRY,,Oberlin,,Boys,2014(U12),West 6,6
Linden Park (Linden South),5/10/26,Sun,1:00 PM,8618,Rocky River   WHT,,Avon   DT,,Girls,2015(U11),West 3,6
Linden Park (Linden South),5/10/26,Sun,2:30 PM,2522,Rocky River   MRN,,Fairview Park,,Boys,2015(U11),West 4,6
Linden Park (Linden South),5/17/26,Sun,11:30 AM,8816,Rocky River   MRN,,Bay Village   DC,,Girls,2014(U12),West 4,6
Linden Park (Linden South),5/17/26,Sun,1:00 PM,14624,Rocky River   MRN,,Midview,,Girls,2015(U11),West 2,6
Linden Park (Linden South),5/17/26,Sun,4:00 PM,4124,Rocky River   WHT,,Avon Lake   MRN,,Boys,2014(U12),West 4,6
Linden Park (Linden South),5/17/26,Sun,5:30 PM,13425,Rocky River   MRN,,Strongsville,,Boys,2014(U12),2,6
Linden Park (Linden South),5/31/26,Sun,1:00 PM,4127,Rocky River   WHT,,TUSA,,Boys,2014(U12),West 4,6
Linden Park (Linden South),5/31/26,Sun,6:30 PM,14627,Rocky River   MRN,,Firelands,,Girls,2015(U11),West 2,6
Linden Park (Linden South),6/7/26,Sun,2:30 PM,13407,Rocky River   MRN,,Manchester,,Boys,2014(U12),2,6
Logan Field - #330 (Logan Field 329),4/12/26,Sun,2:30 PM,11603,PLX United,1,Lake Select SC   2016,6,Girls,2016(U10),South 5,594
Logan Field - #330 (Logan Field 329),4/24/26,Fri,6:30 PM,14705,PLX United,,Copley   Blue,,Boys,2016(U10),South 6,594
Logan Field - #330 (Logan Field 329),4/28/26,Tue,6:30 PM,11620,PLX United,,Rootstown,,Girls,2016(U10),South 5,594
Logan Field - #330 (Logan Field 329),4/29/26,Wed,6:30 PM,14709,PLX United,,Barberton,,Boys,2016(U10),South 6,594
Logan Field - #330 (Logan Field 329),5/10/26,Sun,2:30 PM,14713,PLX United,,Revere   BLUE,,Boys,2016(U10),South 6,594
Logan Field - #330 (Logan Field 329),5/19/26,Tue,6:00 PM,11609,PLX United,,Revere   BLUE,,Girls,2016(U10),South 5,594
Logan Field - #330 (Logan Field 329),5/31/26,Sun,1:00 PM,14717,PLX United,,Northwest,,Boys,2016(U10),South 6,594
Logan Field - #330 (Logan Field 329),5/31/26,Sun,2:30 PM,11640,PLX United,,Akron Inner City,,Girls,2016(U10),South 5,594
Logan Field - #330 (Logan Field 331),4/12/26,Sun,1:00 PM,9702,PLX United,0,Dover,5,Girls,2013(U13),South 3,594
Logan Field - #330 (Logan Field 331),4/22/26,Wed,6:30 PM,9707,PLX United,,Manchester,,Girls,2013(U13),South 3,594
Logan Field - #330 (Logan Field 331),4/23/26,Thu,6:30 PM,5015,PLX United,,Barberton,,Boys,2013(U13),South 4,594
Logan Field - #330 (Logan Field 331),5/3/26,Sun,1:00 PM,9716,PLX United,,Green,,Girls,2013(U13),South 3,594
Logan Field - #330 (Logan Field 331),5/8/26,Fri,6:30 PM,9721,PLX United,,Chippewa,,Girls,2013(U13),South 3,594
Logan Field - #330 (Logan Field 331),5/17/26,Sun,2:30 PM,5020,PLX United,,Highland   CM6,,Boys,2013(U13),South 4,594
Logan Field - #330 (Logan Field 331),5/21/26,Thu,6:30 PM,5010,PLX United,,Green,,Boys,2013(U13),South 4,594
Logan Field - #330 (Logan Field 331),5/31/26,Sun,4:00 PM,5024,PLX United,,Mustangs Jr,,Boys,2013(U13),South 4,594
Lost Nation Sports Park (Field (A) 7v7),4/12/26,Sun,1:00 PM,7001,Mentor,7,Orange,2,Girls,2016(U10),East 4,704
Lost Nation Sports Park (Field (A) 7v7),4/12/26,Sun,2:30 PM,11902,Mentor   Gray,6,Stow   Gold,4,Girls,2017(U09),East 4 E,704
Lost Nation Sports Park (Field (B) 7v7),4/19/26,Sun,11:00 AM,11904,Mentor   Gray,4,Solon United   Gold,6,Girls,2017(U09),East 4 E,704
Lost Nation Sports Park (Field (B) 7v7),4/19/26,Sun,1:00 PM,12611,Mentor   Gray,5,Streetsboro,2,Boys,2017(U09),East 4,704
Lost Nation Sports Park (Field (B) 7v7),4/19/26,Sun,4:30 PM,7019,Mentor,4,Geauga Federation SC,1,Girls,2016(U10),East 4,704
Lost Nation Sports Park (Field (C) 9v9),4/19/26,Sun,5:30 PM,3106,Mentor,5,Twinsburg,5,Boys,2014(U12),East 3,704
Lou Groza Field (Lou Groza football field),4/12/26,Sun,2:30 PM,11304,TUSA,1,North Royalton,0,Girls,2011(U15),4,693
Lou Groza Field (Lou Groza football field),4/19/26,Sun,1:00 PM,11306,TUSA,0,Mayfield   DS,1,Girls,2011(U15),4,693
Lou Groza Field (Lou Groza football field),4/26/26,Sun,4:00 PM,5409,TUSA,,Bay Village   MM,,Boys,2012(U14),West 3,693
Lou Groza Field (Lou Groza football field),5/10/26,Sun,4:00 PM,11327,TUSA,,Independence,,Girls,2011(U15),4,693
Lou Groza Field (Lou Groza football field),5/17/26,Sun,4:00 PM,5426,TUSA,,North Ridgeville,,Boys,2012(U14),West 3,693
Lou Groza Field (Lou Groza football field),5/18/26,Mon,6:30 PM,5413,TUSA,,Lakewood   B12P,,Boys,2012(U14),West 3,693
Lou Groza Field (Lou Groza football field),5/29/26,Fri,6:30 PM,11316,TUSA,,Amherst,,Girls,2011(U15),4,693
Lou Groza Field (Lou Groza football field),5/31/26,Sun,2:30 PM,5431,TUSA,,North Olmsted   ORNG,,Boys,2012(U14),West 3,693
Lucille Heasley Soccer Fields (Heasley 1),4/12/26,Sun,11:00 AM,9503,North Royalton,4,Louisville,0,Girls,2014(U12),South 4,261
Lucille Heasley Soccer Fields (Heasley 1),4/12/26,Sun,5:30 PM,3704,North Royalton,5,Mayfield   MW,0,Boys,2014(U12),East 2,261
Lucille Heasley Soccer Fields (Heasley 1),4/19/26,Sun,1:00 PM,2604,North Royalton,2,Highland   KW3,2,Boys,2015(U11),South 3,261
Lucille Heasley Soccer Fields (Heasley 1),4/19/26,Sun,6:30 PM,3706,North Royalton,,Riverside   MN,,Boys,2014(U12),East 2,261
Lucille Heasley Soccer Fields (Heasley 1),4/20/26,Mon,6:30 PM,8911,North Royalton   15P,,Westlake   DK,,Girls,2014(U12),1,261
Lucille Heasley Soccer Fields (Heasley 1),4/22/26,Wed,6:30 PM,2609,North Royalton,,Medina   15Wh,,Boys,2015(U11),South 3,261
Lucille Heasley Soccer Fields (Heasley 1),4/26/26,Sun,1:00 PM,8910,North Royalton   14P,,Hudson   BEZD,,Girls,2014(U12),1,261
Lucille Heasley Soccer Fields (Heasley 1),4/26/26,Sun,5:30 PM,3313,North Royalton,,Hudson   SHUT,,Boys,2014(U12),East 4,261
Lucille Heasley Soccer Fields (Heasley 1),4/29/26,Wed,6:30 PM,8914,North Royalton   15P,,Brunswick   RYL,,Girls,2014(U12),1,261
Lucille Heasley Soccer Fields (Heasley 1),5/1/26,Fri,6:30 PM,15113,North Royalton,,Twinsburg   Blue,,Girls,2015(U11),East 2,261
Lucille Heasley Soccer Fields (Heasley 1),5/3/26,Sun,5:30 PM,3322,North Royalton,,Eastside Kickers,,Boys,2014(U12),East 4,261
Lucille Heasley Soccer Fields (Heasley 1),5/9/26,Sat,6:00 PM,3320,North Royalton,,Rootstown,,Boys,2014(U12),East 4,261
Lucille Heasley Soccer Fields (Heasley 1),5/17/26,Sun,11:30 AM,15126,North Royalton,,Hudson   BATS,,Girls,2015(U11),East 2,261
Lucille Heasley Soccer Fields (Heasley 1),5/17/26,Sun,1:00 PM,8923,North Royalton   14P,,North Royalton   15P,,Girls,2014(U12),1,261
Lucille Heasley Soccer Fields (Heasley 1),5/17/26,Sun,4:00 PM,2624,North Royalton,,North Canton,,Boys,2015(U11),South 3,261
Lucille Heasley Soccer Fields (Heasley 1),5/17/26,Sun,5:30 PM,3331,North Royalton,,Geneva   15B,,Boys,2014(U12),East 4,261
Lucille Heasley Soccer Fields (Heasley 1),5/20/26,Wed,6:30 PM,3714,North Royalton,,Stow   Mar,,Boys,2014(U12),East 2,261
Lucille Heasley Soccer Fields (Heasley 1),5/30/26,Sat,4:00 PM,9524,North Royalton,,New Philadelphia,,Girls,2014(U12),South 4,261
Lucille Heasley Soccer Fields (Heasley 1),5/31/26,Sun,11:30 AM,8926,North Royalton   14P,,Shaker Hts.   BLK,,Girls,2014(U12),1,261
Lucille Heasley Soccer Fields (Heasley 1),5/31/26,Sun,1:00 PM,2627,North Royalton,,Norton   Jksn,,Boys,2015(U11),South 3,261
Lucille Heasley Soccer Fields (Heasley 1),5/31/26,Sun,4:00 PM,15131,North Royalton,,Highland   EM4,,Girls,2015(U11),East 2,261
Lucille Heasley Soccer Fields (Heasley 2 W),4/12/26,Sun,2:30 PM,12831,North Royalton,3,Wadsworth   LID,6,Boys,2017(U09),South 4,261
Lucille Heasley Soccer Fields (Heasley 2 W),4/15/26,Wed,6:30 PM,7104,Stow   Mar,,North Royalton,,Girls,2016(U10),1,261
Lucille Heasley Soccer Fields (Heasley 2 W),4/19/26,Sun,11:30 AM,15014,North Royalton,2,Medina   16GR,2,Girls,2016(U10),South 3,261
Lucille Heasley Soccer Fields (Heasley 2 W),4/22/26,Wed,7:00 PM,6905,North Royalton,,Eagles Select   2016,,Girls,2016(U10),South 4,261
Lucille Heasley Soccer Fields (Heasley 2 W),4/26/26,Sun,11:30 AM,15008,North Royalton,,Highland   JM1,,Girls,2016(U10),South 3,261
Lucille Heasley Soccer Fields (Heasley 2 W),4/26/26,Sun,2:30 PM,12209,North Royalton,,Chagrin Falls,,Girls,2017(U09),East 3,261
Lucille Heasley Soccer Fields (Heasley 2 W),5/1/26,Fri,6:30 PM,1612,North Royalton,,Aurora,,Boys,2016(U10),East 3,261
Lucille Heasley Soccer Fields (Heasley 2 W),5/3/26,Sun,6:30 PM,6914,North Royalton,,Revere   RED,,Girls,2016(U10),South 4,261
Lucille Heasley Soccer Fields (Heasley 2 W),5/13/26,Wed,6:30 PM,1128,North Royalton,,Medina   U10G,,Boys,2016(U10),1,261
Lucille Heasley Soccer Fields (Heasley 2 W),5/20/26,Wed,6:30 PM,15019,North Royalton,,Mustangs Jr,,Girls,2016(U10),South 3,261
Lucille Heasley Soccer Fields (Heasley 2 W),5/30/26,Sat,5:00 PM,12206,North Royalton,,Kenston,,Girls,2017(U09),East 3,261
Lucille Heasley Soccer Fields (Heasley 2),4/26/26,Sun,5:30 PM,11313,North Royalton,,Copley,,Girls,2011(U15),4,261
Lucille Heasley Soccer Fields (Heasley 2),4/27/26,Mon,6:30 PM,6545,North Royalton,,Shaker Hts.   BLK,,Boys,2011(U15),2,261
Lucille Heasley Soccer Fields (Heasley 2),4/28/26,Tue,6:30 PM,10316,North Royalton,,Strongsville,,Girls,2013(U13),West 4,261
Lucille Heasley Soccer Fields (Heasley 2),4/29/26,Wed,6:00 PM,4710,North Royalton,,Hudson   HARW,,Boys,2013(U13),East 5,261
Lucille Heasley Soccer Fields (Heasley 2),5/3/26,Sun,11:30 AM,10319,North Royalton,,Medina   13WT,,Girls,2013(U13),West 4,261
Lucille Heasley Soccer Fields (Heasley 2),5/3/26,Sun,4:00 PM,4420,North Royalton,,Geauga Federation SC   GRN,,Boys,2013(U13),East 3,261
Lucille Heasley Soccer Fields (Heasley 2),5/4/26,Mon,6:30 PM,4410,North Royalton,,Aurora,,Boys,2013(U13),East 3,261
Lucille Heasley Soccer Fields (Heasley 2),5/6/26,Wed,6:30 PM,15314,North Royalton,,Brecksville Bees SA,,Girls,2013(U13),South 2,261
Lucille Heasley Soccer Fields (Heasley 2),5/8/26,Fri,6:30 PM,6514,North Royalton,,Twinsburg,,Boys,2011(U15),2,261
Lucille Heasley Soccer Fields (Heasley 2),5/10/26,Sun,11:30 AM,11329,North Royalton,,Amherst,,Girls,2011(U15),4,261
Lucille Heasley Soccer Fields (Heasley 2),5/10/26,Sun,6:00 PM,6536,North Royalton,,Olmsted Falls   Blue,,Boys,2011(U15),2,261
Lucille Heasley Soccer Fields (Heasley 2),5/12/26,Tue,6:30 PM,10305,North Royalton,,Midview   BL,,Girls,2013(U13),West 4,261
Lucille Heasley Soccer Fields (Heasley 2),5/17/26,Sun,2:30 PM,11335,North Royalton,,Rocky River,,Girls,2011(U15),4,261
Lucille Heasley Soccer Fields (Heasley 2),5/17/26,Sun,4:00 PM,4720,North Royalton,,Wickliffe,,Boys,2013(U13),East 5,261
Lucille Heasley Soccer Fields (Heasley 2),5/17/26,Sun,5:30 PM,4428,North Royalton,,Broadview Hts.,,Boys,2013(U13),East 3,261
Lucille Heasley Soccer Fields (Heasley 2),5/27/26,Wed,6:30 PM,6521,North Royalton,,Westlake   GL,,Boys,2011(U15),2,261
Lucille Heasley Soccer Fields (Heasley 2),5/29/26,Fri,6:30 PM,15322,North Royalton,,North Olmsted,,Girls,2013(U13),South 2,261
Lucille Heasley Soccer Fields (Heasley 2),5/31/26,Sun,2:30 PM,4724,North Royalton,,Orange,,Boys,2013(U13),East 5,261
Lucille Heasley Soccer Fields (Heasley 2),5/31/26,Sun,5:30 PM,4429,North Royalton,,Solon United   Blue,,Boys,2013(U13),East 3,261
Lucille Heasley Soccer Fields (Heasley 2E),4/15/26,Wed,6:30 PM,1101,North Royalton,,Rocky River   MRN,,Boys,2016(U10),1,261
Lucille Heasley Soccer Fields (Heasley 2E),4/19/26,Sun,10:00 AM,1106,North Royalton,3,Avon   PK,2,Boys,2016(U10),1,261
Lucille Heasley Soccer Fields (Heasley 2E),5/13/26,Wed,6:30 PM,7108,North Royalton,,Westlake   PD,,Girls,2016(U10),1,261
Lucille Heasley Soccer Fields (Heasley 3),4/20/26,Mon,6:30 PM,9507,North Royalton,,Wadsworth,,Girls,2014(U12),South 4,261
Lucille Heasley Soccer Fields (Heasley 3),4/26/26,Sun,12:00 PM,15109,North Royalton,,NP Aurora,,Girls,2015(U11),East 2,261
Lucille Heasley Soccer Fields (Heasley 3),5/1/26,Fri,6:30 PM,8915,North Royalton   14P,,Westlake   DK,,Girls,2014(U12),1,261
Lucille Heasley Soccer Fields (Heasley 3),5/3/26,Sun,5:30 PM,8918,North Royalton   15P,,Kenston,,Girls,2014(U12),1,261
Lucille Heasley Soccer Fields (Heasley 3),5/17/26,Sun,4:00 PM,9525,North Royalton,,Buckeye,,Girls,2014(U12),South 4,261
Lucille Heasley Soccer Fields (Heasley 3),5/17/26,Sun,5:30 PM,3727,North Royalton,,Brecksville Bees SA   R,,Boys,2014(U12),East 2,261
Lucille Heasley Soccer Fields (Heasley 3E),4/12/26,Sun,1:00 PM,6922,North Royalton,0,Dover,5,Girls,2016(U10),South 4,261
Lucille Heasley Soccer Fields (Heasley 3E),4/12/26,Sun,2:30 PM,12216,North Royalton,0,Stow   Mar,5,Girls,2017(U09),East 3,261
Lucille Heasley Soccer Fields (Heasley 3E),4/19/26,Sun,1:00 PM,12608,North Royalton,5,Brecksville Bees SA   Y,0,Boys,2017(U09),East 4,261
Lucille Heasley Soccer Fields (Heasley 3E),4/29/26,Wed,6:30 PM,7115,North Royalton,,Medina   16GN,,Girls,2016(U10),1,261
Lucille Heasley Soccer Fields (Heasley 3E),5/3/26,Sun,2:30 PM,12626,North Royalton,,Solon United   Whit,,Boys,2017(U09),East 4,261
Lucille Heasley Soccer Fields (Heasley 3E),5/4/26,Mon,6:30 PM,12211,North Royalton,,NP Aurora,,Girls,2017(U09),East 3,261
Lucille Heasley Soccer Fields (Heasley 3E),5/10/26,Sun,5:00 PM,1621,North Royalton,,Twinsburg   Whte,,Boys,2016(U10),East 3,261
Lucille Heasley Soccer Fields (Heasley 3E),5/17/26,Sun,2:30 PM,12638,North Royalton,,West Geauga,,Boys,2017(U09),East 4,261
Lucille Heasley Soccer Fields (Heasley 3E),5/31/26,Sun,1:00 PM,322,North Royalton,,Strongsville,,Boys,2016(U10),South 3,261
Lucille Heasley Soccer Fields (Heasley 3E),5/31/26,Sun,4:00 PM,1135,North Royalton,,NP Aurora   GR,,Boys,2016(U10),1,261
Lucille Heasley Soccer Fields (Heasley 3W),4/12/26,Sun,11:30 AM,15001,North Royalton,2,Copley,6,Girls,2016(U10),South 3,261
Lucille Heasley Soccer Fields (Heasley 3W),4/12/26,Sun,2:30 PM,303,North Royalton,7,Highland   BB1,9,Boys,2016(U10),South 3,261
Lucille Heasley Soccer Fields (Heasley 3W),4/12/26,Sun,4:00 PM,6903,North Royalton,2,Perry (Stark),5,Girls,2016(U10),South 4,261
Lucille Heasley Soccer Fields (Heasley 3W),4/19/26,Sun,4:00 PM,305,North Royalton,,Eagles Select   2016,,Boys,2016(U10),South 3,261
Lucille Heasley Soccer Fields (Heasley 3W),4/27/26,Mon,6:30 PM,12809,North Royalton,,Highland   JC6,,Boys,2017(U09),South 4,261
Lucille Heasley Soccer Fields (Heasley 3W),4/29/26,Wed,6:30 PM,12813,North Royalton,,Manchester,,Boys,2017(U09),South 4,261
Lucille Heasley Soccer Fields (Heasley 3W),5/3/26,Sun,1:00 PM,314,North Royalton,,Wadsworth,,Boys,2016(U10),South 3,261
Lucille Heasley Soccer Fields (Heasley 3W),5/3/26,Sun,4:00 PM,1617,North Royalton,,Willoughby,,Boys,2016(U10),East 3,261
Lucille Heasley Soccer Fields (Heasley 3W),5/6/26,Wed,6:30 PM,7123,North Royalton,,Rocky River   MRN,,Girls,2016(U10),1,261
Lucille Heasley Soccer Fields (Heasley 3W),5/13/26,Wed,6:30 PM,12632,North Royalton,,Willoughby,,Boys,2017(U09),East 4,261
Lucille Heasley Soccer Fields (Heasley 3W),5/17/26,Sun,1:00 PM,12826,North Royalton,,Highland   KS1,,Boys,2017(U09),South 4,261
Lucille Heasley Soccer Fields (Heasley 3W),5/31/26,Sun,11:30 AM,1630,North Royalton,,Kenston,,Boys,2016(U10),East 3,261
Lucille Heasley Soccer Fields (Heasley 3W),5/31/26,Sun,2:30 PM,7132,North Royalton,,Stow   Mar,,Girls,2016(U10),1,261
MQA Soccer Fields (Mary Queen of the Apostle's Church) (Field 1 9v9),4/19/26,Sun,2:30 PM,4106,TUSA,,North Ridgeville   Gold,,Boys,2014(U12),West 4,19
MQA Soccer Fields (Mary Queen of the Apostle's Church) (Field 1 9v9),4/19/26,Sun,4:00 PM,2305,TUSA,,Firelands,,Boys,2015(U11),West 5,19
MQA Soccer Fields (Mary Queen of the Apostle's Church) (Field 1 9v9),4/26/26,Sun,2:30 PM,8508,TUSA,,Fairview Park,,Girls,2015(U11),West 4,19
MQA Soccer Fields (Mary Queen of the Apostle's Church) (Field 1 9v9),5/3/26,Sun,1:00 PM,4118,TUSA,,Rocky River   WHT,,Boys,2014(U12),West 4,19
MQA Soccer Fields (Mary Queen of the Apostle's Church) (Field 1 9v9),5/6/26,Wed,6:30 PM,2303,TUSA,,Parma,,Boys,2015(U11),West 5,19
MQA Soccer Fields (Mary Queen of the Apostle's Church) (Field 1 9v9),5/10/26,Sun,2:00 PM,8518,TUSA,,Avon Lake   MRN,,Girls,2015(U11),West 4,19
MQA Soccer Fields (Mary Queen of the Apostle's Church) (Field 1 9v9),5/17/26,Sun,5:30 PM,8521,TUSA,,Olmsted Falls   Gold,,Girls,2015(U11),West 4,19
MQA Soccer Fields (Mary Queen of the Apostle's Church) (Field 1 9v9),5/20/26,Wed,6:30 PM,2314,TUSA,,LaGrange,,Boys,2015(U11),West 5,19
MQA Soccer Fields (Mary Queen of the Apostle's Church) (Field 1 9v9),5/21/26,Thu,6:30 PM,4111,TUSA,,Westlake   JJ,,Boys,2014(U12),West 4,19
MQA Soccer Fields (Mary Queen of the Apostle's Church) (Field 1 9v9),5/27/26,Wed,6:30 PM,4114,TUSA,,Avon   BK1,,Boys,2014(U12),West 4,19
MQA Soccer Fields (Mary Queen of the Apostle's Church) (Field 1 9v9),5/31/26,Sun,4:00 PM,2322,TUSA,,Norwalk HCYSC   ML,,Boys,2015(U11),West 5,19
MQA Soccer Fields (Mary Queen of the Apostle's Church) (Field 1 9v9),6/4/26,Thu,6:30 PM,8512,TUSA,,Bay Village   AG,,Girls,2015(U11),West 4,19
Macedonia Rec Center  (North Fields),4/12/26,Sun,11:00 AM,3102,Nordonia,6,Geneva   14B,1,Boys,2014(U12),East 3,115
Macedonia Rec Center  (North Fields),4/12/26,Sun,1:00 PM,1901,Nordonia,3,Kent   GD,2,Boys,2015(U11),East 6,115
Macedonia Rec Center  (North Fields),4/12/26,Sun,2:30 PM,203,Nordonia,1,Willoughby,6,Boys,2016(U10),East 6,115
Macedonia Rec Center  (North Fields),4/19/26,Sun,9:30 AM,1905,Nordonia,,Shaker Hts.   SILV,,Boys,2015(U11),East 6,115
Macedonia Rec Center  (North Fields),4/19/26,Sun,11:00 AM,3108,Nordonia,,Riverside   KC,,Boys,2014(U12),East 3,115
Macedonia Rec Center  (North Fields),4/19/26,Sun,2:30 PM,205,Nordonia,,Stow   Gray,,Boys,2016(U10),East 6,115
Macedonia Rec Center  (North Fields),4/26/26,Sun,2:30 PM,8108,Nordonia,,Riverside,,Girls,2015(U11),East 4,115
Macedonia Rec Center  (North Fields),4/28/26,Tue,6:30 PM,8112,Nordonia,,Shaker Hts.   RED,,Girls,2015(U11),East 4,115
Macedonia Rec Center  (North Fields),5/3/26,Sun,1:00 PM,3124,Nordonia,,Kent   ER,,Boys,2014(U12),East 3,115
Macedonia Rec Center  (North Fields),5/3/26,Sun,4:00 PM,214,Nordonia,,Geneva,,Boys,2016(U10),East 6,115
Macedonia Rec Center  (North Fields),5/10/26,Sun,1:00 PM,8118,Nordonia,,West Geauga,,Girls,2015(U11),East 4,115
Macedonia Rec Center  (North Fields),5/10/26,Sun,2:30 PM,1920,Nordonia,,West Geauga,,Boys,2015(U11),East 6,115
Macedonia Rec Center  (North Fields),5/17/26,Sun,1:00 PM,8121,Nordonia,,Hudson   SCHA,,Girls,2015(U11),East 4,115
Macedonia Rec Center  (North Fields),5/17/26,Sun,2:30 PM,1922,Nordonia,,Chagrin Falls   Blck,,Boys,2015(U11),East 6,115
Macedonia Rec Center  (North Fields),5/31/26,Sun,1:00 PM,3139,Nordonia,,Riverside   JJ,,Boys,2014(U12),East 3,115
Macedonia Rec Center  (North Fields),5/31/26,Sun,2:30 PM,222,Nordonia,,Shaker Hts.   GOLD,,Boys,2016(U10),East 6,115
Madison Middle School (11v11),4/15/26,Wed,6:30 PM,10524,Madison,1,Geauga Federation SC,5,Girls,2012(U14),3,289
Madison Middle School (11v11),4/19/26,Sun,5:30 PM,10504,Madison,1,Cloverleaf   JF,6,Girls,2012(U14),3,289
Madison Middle School (11v11),4/23/26,Thu,6:30 PM,6407,Madison,,Mayfield   RP15,,Boys,2011(U15),East 3,289
Madison Middle School (11v11),4/30/26,Thu,6:30 PM,6402,Madison,,Orange,,Boys,2011(U15),East 3,289
Madison Middle School (11v11),5/10/26,Sun,4:00 PM,6421,Madison,,Euclid,,Boys,2011(U15),East 3,289
Madison Middle School (11v11),5/11/26,Mon,6:00 PM,6416,Madison,,Geneva   11B,,Boys,2011(U15),East 3,289
Madison Middle School (11v11),5/12/26,Tue,6:30 AM,10509,Madison,,Medina   12WT,,Girls,2012(U14),3,289
Madison Middle School (11v11),5/31/26,Sun,4:00 PM,10527,Madison,,Amherst,,Girls,2012(U14),3,289
Madison Middle School (7v7),4/19/26,Sun,1:00 PM,1007,Stow   Gold,1,Madison,5,Boys,2016(U10),East 5,289
Madison Middle School (7v7),4/26/26,Sun,2:30 PM,1010,Madison,,West Geauga,,Boys,2016(U10),East 5,289
Madison Middle School (7v7),5/3/26,Sun,1:00 PM,1020,Madison,,Geneva   16B,,Boys,2016(U10),East 5,289
Madison Middle School (7v7),5/17/26,Sun,2:30 PM,1028,Madison,,Field,,Boys,2016(U10),East 5,289
Madison Middle School (7v7),5/31/26,Sun,2:30 PM,1029,Madison,,Eastside Kickers,,Boys,2016(U10),East 5,289
Madison Middle School (9v9),4/12/26,Sun,5:30 PM,9102,Madison,2,Kenston,1,Girls,2014(U12),East 4,289
Madison Middle School (9v9),4/21/26,Tue,6:30 PM,9107,Madison,,Orange,,Girls,2014(U12),East 4,289
Madison Middle School (9v9),4/26/26,Sun,1:00 PM,2712,Madison,,Willoughby,,Boys,2015(U11),East 5,289
Madison Middle School (9v9),5/3/26,Sun,1:00 PM,2717,Madison,,Solon United   Whit,,Boys,2015(U11),East 5,289
Madison Middle School (9v9),5/3/26,Sun,4:00 PM,9116,Madison,,Kent   TS,,Girls,2014(U12),East 4,289
Madison Middle School (9v9),5/10/26,Sun,1:00 PM,9121,Madison,,Mentor,,Girls,2014(U12),East 4,289
Madison Middle School (9v9),5/10/26,Sun,2:30 PM,2721,Madison,,Euclid,,Boys,2015(U11),East 5,289
Madison Middle School (9v9),5/31/26,Sun,1:00 PM,2730,Madison,,Brecksville Bees SA   Y,,Boys,2015(U11),East 5,289
Madison Park  (Madison Park Field),4/15/26,Wed,6:30 PM,3412,Lakewood   B14W,,North Olmsted   BLK,,Boys,2014(U12),West 5,311
Madison Park  (Madison Park Field),4/19/26,Sun,2:30 PM,14504,Lakewood   B17B,1,LaGrange,6,Boys,2017(U09),West 6 EV,311
Madison Park  (Madison Park Field),4/19/26,Sun,4:00 PM,7407,Lakewood   G16G,2,Avon   DFH,4,Girls,2016(U10),West 3,311
Madison Park  (Madison Park Field),4/21/26,Tue,6:30 PM,3614,Lakewood   B14G,,Green,,Boys,2014(U12),1,311
Madison Park  (Madison Park Field),4/22/26,Wed,6:30 PM,8706,Lakewood   G14P,,Avon   TF,,Girls,2014(U12),West 5,311
Madison Park  (Madison Park Field),4/26/26,Sun,1:00 PM,12010,Lakewood   G17P,,Rocky River   GLD,,Girls,2017(U09),West 5,311
Madison Park  (Madison Park Field),4/26/26,Sun,2:30 PM,15507,Lakewood   B16W,,Olmsted Falls   Wht,,Boys,2016(U10),West 8,311
Madison Park  (Madison Park Field),4/26/26,Sun,4:00 PM,12712,Lakewood   B17G,,Bay Village   DS,,Boys,2017(U09),West 3,311
Madison Park  (Madison Park Field),4/26/26,Sun,5:30 PM,910,Lakewood   B16P,,Port Clinton,,Boys,2016(U10),West 3,311
Madison Park  (Madison Park Field),4/26/26,Sun,7:00 PM,14809,Lakewood   B14B,,Oberlin,,Boys,2014(U12),West 6,311
Madison Park  (Madison Park Field),4/29/26,Wed,6:30 PM,14811,Lakewood   B14B,,Olmsted Falls   Gold,,Boys,2014(U12),West 6,311
Madison Park  (Madison Park Field),4/30/26,Thu,7:00 PM,9306,Lakewood   G14G,,LaGrange,,Girls,2014(U12),West 3,311
Madison Park  (Madison Park Field),5/3/26,Sun,2:30 PM,7515,Lakewood   G16P,,Norwalk HCYSC   MW,,Girls,2016(U10),West 5,311
Madison Park  (Madison Park Field),5/3/26,Sun,4:00 PM,13915,Lakewood   B17W,,Avon Lake,,Boys,2017(U09),West 6 EN,311
Madison Park  (Madison Park Field),5/3/26,Sun,5:30 PM,920,Lakewood   B16P,,North Ridgeville   Navy,,Boys,2016(U10),West 3,311
Madison Park  (Madison Park Field),5/6/26,Wed,6:30 PM,119,Lakewood   B16G,,Mayfield   KHA,,Boys,2016(U10),2,311
Madison Park  (Madison Park Field),5/10/26,Sun,1:00 PM,14517,Lakewood   B17B,,Avon Lake,,Boys,2017(U09),West 6 EV,311
Madison Park  (Madison Park Field),5/10/26,Sun,2:30 PM,12728,Lakewood   B17G,,Fairview Park   AP,,Boys,2017(U09),West 3,311
Madison Park  (Madison Park Field),5/13/26,Wed,6:30 PM,3838,Lakewood   B14P,,Olmsted Falls   Blue,,Boys,2014(U12),West 3,311
Madison Park  (Madison Park Field),5/17/26,Sun,1:00 PM,12126,Lakewood   G17G,,Avon   JE,,Girls,2017(U09),West 3,311
Madison Park  (Madison Park Field),5/17/26,Sun,2:30 PM,7425,Lakewood   G16G,,Amherst,,Girls,2016(U10),West 3,311
Madison Park  (Madison Park Field),5/17/26,Sun,4:00 PM,15516,Lakewood   B16W,,Sandusky,,Boys,2016(U10),West 8,311
Madison Park  (Madison Park Field),5/27/26,Wed,6:30 PM,3823,Lakewood   B14P,,Bay Village   JS,,Boys,2014(U12),West 3,311
Madison Park  (Madison Park Field),5/31/26,Sun,11:30 AM,13924,Lakewood   B17W,,Avon Lake,,Boys,2017(U09),West 6 EN,311
Madison Park  (Madison Park Field),5/31/26,Sun,1:00 PM,148,Lakewood   B16G,,Wooster,,Boys,2016(U10),2,311
Madison Park  (Madison Park Field),5/31/26,Sun,2:30 PM,14523,Lakewood   B17B,,Westlake   NF,,Boys,2017(U09),West 6 EV,311
Manchester High School Stadium- turf (High School Stadium),4/12/26,Sun,11:30 AM,6302,Manchester,5,Stow   Gold,1,Boys,2011(U15),South 3,750
Manchester High School Stadium- turf (High School Stadium),4/19/26,Sun,5:00 PM,6304,Manchester,5,Green,0,Boys,2011(U15),South 3,750
Manchester High School Stadium- turf (High School Stadium),4/26/26,Sun,11:30 AM,11411,Manchester,,North Ridgeville,,Girls,2011(U15),5,750
Manchester High School Stadium- turf (High School Stadium),5/3/26,Sun,11:00 AM,11418,Manchester,,Louisville,,Girls,2011(U15),5,750
Manchester High School Stadium- turf (High School Stadium),5/10/26,Sun,11:30 AM,6317,Manchester,,Lake Select SC   U15,,Boys,2011(U15),South 3,750
Manchester High School Stadium- turf (High School Stadium),5/31/26,Sun,5:30 PM,6323,Manchester,,Copley,,Boys,2011(U15),South 3,750
Manchester Middle School (MSC 11v11),4/12/26,Sun,5:30 PM,11402,Manchester,1,Geneva   11G,2,Girls,2011(U15),5,497
Manchester Middle School (MSC 11v11),4/26/26,Sun,4:00 PM,9712,Manchester,,Green,,Girls,2013(U13),South 3,497
Manchester Middle School (MSC 11v11),4/29/26,Wed,6:30 PM,9713,Manchester,,Akron Inner City,,Girls,2013(U13),South 3,497
Manchester Middle School (MSC 11v11),4/30/26,Thu,6:15 PM,5515,Manchester,,Rootstown,,Boys,2012(U14),South 3,497
Manchester Middle School (MSC 11v11),5/3/26,Sun,2:30 PM,9717,Manchester,,Chippewa,,Girls,2013(U13),South 3,497
Manchester Middle School (MSC 11v11),5/9/26,Sat,12:00 PM,11422,Manchester,,Mustangs Jr,,Girls,2011(U15),5,497
Manchester Middle School (MSC 11v11),5/10/26,Sun,4:00 PM,9719,Manchester,,Dover,,Girls,2013(U13),South 3,497
Manchester Middle School (MSC 11v11),5/17/26,Sun,11:30 AM,5520,Manchester,,Northwest,,Boys,2012(U14),South 3,497
Manchester Middle School (MSC 11v11),5/26/26,Tue,6:30 PM,5510,Manchester,,Broadview Hts.,,Boys,2012(U14),South 3,497
Manchester Middle School (MSC 11v11),5/31/26,Sun,11:30 AM,5524,Manchester,,Cuyahoga Falls   BF,,Boys,2012(U14),South 3,497
Manchester Middle School (MSC 7v7),4/12/26,Sun,1:00 PM,12802,Manchester,2,Highland   KS1,3,Boys,2017(U09),South 4,497
Manchester Middle School (MSC 7v7),4/12/26,Sun,2:30 PM,11803,Manchester,0,Revere,1,Girls,2017(U09),South 3,497
Manchester Middle School (MSC 7v7),4/19/26,Sun,10:00 AM,11807,Manchester,0,Brecksville Bees SA   R,5,Girls,2017(U09),South 3,497
Manchester Middle School (MSC 7v7),4/26/26,Sun,2:30 PM,12811,Manchester,,Wadsworth   HIL,,Boys,2017(U09),South 4,497
Manchester Middle School (MSC 7v7),5/3/26,Sun,2:30 PM,12818,Manchester,,Wadsworth   LID,,Boys,2017(U09),South 4,497
Manchester Middle School (MSC 7v7),5/10/26,Sun,2:30 PM,11824,Manchester,,Cuyahoga Falls   SV,,Girls,2017(U09),South 3,497
Manchester Middle School (MSC 7v7),5/12/26,Tue,6:30 PM,12822,Manchester,,Highland   JC6,,Boys,2017(U09),South 4,497
Manchester Middle School (MSC 7v7),5/17/26,Sun,2:30 PM,11825,Manchester,,Ashland,,Girls,2017(U09),South 3,497
Manchester Middle School (MSC 9v9),4/12/26,Sun,4:00 PM,2902,Manchester,1,Akron Inner City,6,Boys,2015(U11),South 6,497
Manchester Middle School (MSC 9v9),4/19/26,Sun,1:00 PM,2908,Manchester,0,Highland   CM1,5,Boys,2015(U11),South 6,497
Manchester Middle School (MSC 9v9),4/25/26,Sat,12:00 PM,7810,Manchester,,Brecksville Bees SA   Y,,Girls,2015(U11),South 4,497
Manchester Middle School (MSC 9v9),4/26/26,Sun,1:00 PM,13410,Manchester,,Strongsville,,Boys,2014(U12),2,497
Manchester Middle School (MSC 9v9),5/3/26,Sun,11:30 AM,13420,Manchester,,North Olmsted   ORNG,,Boys,2014(U12),2,497
Manchester Middle School (MSC 9v9),5/3/26,Sun,1:00 PM,2924,Manchester,,Perry (Stark),,Boys,2015(U11),South 6,497
Manchester Middle School (MSC 9v9),5/3/26,Sun,6:00 PM,7815,Manchester,,Green,,Girls,2015(U11),South 4,497
Manchester Middle School (MSC 9v9),5/17/26,Sun,1:00 PM,7820,Manchester,,Highland   BM3,,Girls,2015(U11),South 4,497
Manchester Middle School (MSC 9v9),5/17/26,Sun,4:00 PM,13428,Manchester,,Lake Select SC   2014,,Boys,2014(U12),2,497
Manchester Middle School (MSC 9v9),5/31/26,Sun,1:00 PM,7824,Manchester,,Dover,,Girls,2015(U11),South 4,497
Manchester Middle School (MSC 9v9),5/31/26,Sun,2:30 PM,2939,Manchester,,Eagles Select   2015,,Boys,2015(U11),South 6,497
Manchester Middle School (MSC 9v9),5/31/26,Sun,5:00 PM,13429,Manchester,,Revere   RED,,Boys,2014(U12),2,497
Mantua Soccer (Field 4 (9v9 Field)),4/12/26,Sun,2:30 PM,1903,Mantua,3,West Geauga,4,Boys,2015(U11),East 6,715
Mantua Soccer (Field 4 (9v9 Field)),4/21/26,Tue,6:30 PM,1908,Mantua,,Kent   GD,,Boys,2015(U11),East 6,715
Mantua Soccer (Field 4 (9v9 Field)),5/30/26,Sat,2:30 PM,1928,Mantua,,Hudson   SFER,,Boys,2015(U11),East 6,715
Mantua Soccer (Field 4 (9v9 Field)),5/31/26,Sun,2:30 PM,1925,Mantua,,Nordonia,,Boys,2015(U11),East 6,715
Mantua Soccer (Field 5 (11v11 Field)),4/26/26,Sun,1:00 PM,10010,Mantua,,North Canton,,Boys,2011(U15),South 4,715
Mantua Soccer (Field 5 (11v11 Field)),4/26/26,Sun,6:30 PM,4312,Mantua,,Stow   Gold,,Boys,2013(U13),East 4,715
Mantua Soccer (Field 5 (11v11 Field)),4/28/26,Tue,6:30 PM,4313,Mantua,,Kent   BW,,Boys,2013(U13),East 4,715
Mantua Soccer (Field 5 (11v11 Field)),5/3/26,Sun,5:30 PM,4317,Mantua,,Twinsburg,,Boys,2013(U13),East 4,715
Mantua Soccer (Field 5 (11v11 Field)),5/9/26,Sat,4:00 PM,10020,Mantua,,Mustangs Jr,,Boys,2011(U15),South 4,715
Mantua Soccer (Field 5 (11v11 Field)),5/10/26,Sun,6:30 PM,4319,Mantua,,Shaker Hts.   RED,,Boys,2013(U13),East 4,715
Mantua Soccer (Field 5 (11v11 Field)),5/17/26,Sun,2:30 PM,10028,Mantua,,Cloverleaf,,Boys,2011(U15),South 4,715
Mantua Soccer (Field 5 (11v11 Field)),5/26/26,Tue,6:00 PM,10029,Mantua,,Barberton,,Boys,2011(U15),South 4,715
Massillon Middle School (Turf/Lights) (MMS Athletic Complex Main Field),4/16/26,Thu,6:00 PM,10004,Massillon   Org,4,North Canton,1,Boys,2011(U15),South 4,685
Massillon Middle School (Turf/Lights) (MMS Athletic Complex Main Field),4/23/26,Thu,6:30 PM,10006,Massillon   Org,,Mustangs Jr,,Boys,2011(U15),South 4,685
Massillon Middle School (Turf/Lights) (MMS Athletic Complex Main Field),4/29/26,Wed,6:30 PM,10014,Massillon   Org,,Mantua,,Boys,2011(U15),South 4,685
Massillon Middle School (Turf/Lights) (MMS Athletic Complex Main Field),5/18/26,Mon,6:00 PM,10027,Massillon   Org,,Barberton,,Boys,2011(U15),South 4,685
Mayfield High School Stadium (Stadium),4/19/26,Sun,1:00 PM,5805,Mayfield   RP14,2,Chagrin Falls   Orng,1,Boys,2012(U14),East 3,109
Mayfield High School Stadium (Stadium),4/19/26,Sun,4:00 PM,6008,Mayfield   MA,4,Riverside,3,Boys,2012(U14),2,109
Mayfield High School Stadium (Stadium),4/26/26,Sun,2:30 PM,11314,Mayfield   DS,,Midview,,Girls,2011(U15),4,109
Mayfield High School Stadium (Stadium),4/26/26,Sun,5:30 PM,6412,Mayfield   RP15,,Geneva   11B,,Boys,2011(U15),East 3,109
Mayfield High School Stadium (Stadium),4/29/26,Wed,6:30 PM,6413,Mayfield   RP15,,Hudson   NEGR,,Boys,2011(U15),East 3,109
Mayfield High School Stadium (Stadium),5/3/26,Sun,11:30 AM,6417,Mayfield   RP15,,Euclid,,Boys,2011(U15),East 3,109
Mayfield High School Stadium (Stadium),5/3/26,Sun,1:00 PM,9813,Mayfield   TB,,West Geauga,,Girls,2013(U13),East 2,109
Mayfield High School Stadium (Stadium),5/3/26,Sun,2:30 PM,11325,Mayfield   DS,,Copley,,Girls,2011(U15),4,109
Mayfield High School Stadium (Stadium),5/10/26,Sun,11:30 AM,11330,Mayfield   DS,,Westlake   RN,,Girls,2011(U15),4,109
Mayfield High School Stadium (Stadium),5/10/26,Sun,1:00 PM,6023,Mayfield   MA,,West Geauga,,Boys,2012(U14),2,109
Mayfield High School Stadium (Stadium),5/16/26,Sat,4:00 PM,9807,Mayfield   TB,,Field,,Girls,2013(U13),East 2,109
Mayfield High School Stadium (Stadium),5/17/26,Sun,11:30 AM,11334,Mayfield   DS,,Independence,,Girls,2011(U15),4,109
Mayfield High School Stadium (Stadium),5/27/26,Wed,6:30 PM,9819,Mayfield   TB,,Solon United   Gold,,Girls,2013(U13),East 2,109
Mayfield High School Stadium (Stadium),5/28/26,Thu,6:30 PM,6015,Mayfield   MA,,Kent   BW,,Boys,2012(U14),2,109
Mayfield High School Stadium (Stadium),5/31/26,Sun,2:30 PM,6032,Mayfield   MA,,Revere,,Boys,2012(U14),2,109
Mayfield High School Stadium (Stadium),5/31/26,Sun,5:30 PM,5822,Mayfield   RP14,,Willoughby,,Boys,2012(U14),East 3,109
"Mayfield Village (Field 2 - North fields, middle field)",4/19/26,Sun,1:00 PM,7206,Mayfield   MF,,Kent   TS,,Girls,2016(U10),East 3,108
"Mayfield Village (Field 2 - North fields, middle field)",4/19/26,Sun,2:30 PM,107,Mayfield   KHA,,Strongsville,,Boys,2016(U10),2,108
"Mayfield Village (Field 2 - North fields, middle field)",4/20/26,Mon,6:30 PM,14114,Mayfield   DW,,Medina   17GN,,Girls,2017(U09),1,108
"Mayfield Village (Field 2 - North fields, middle field)",4/21/26,Tue,6:30 PM,14312,Mayfield   SR,,Mentor   Red,,Boys,2017(U09),1,108
"Mayfield Village (Field 2 - North fields, middle field)",4/26/26,Sun,10:30 AM,7211,Mayfield   MF,,Hudson   SHUT,,Girls,2016(U10),East 3,108
"Mayfield Village (Field 2 - North fields, middle field)",4/28/26,Tue,6:30 PM,14319,Mayfield   SR,,Medina   U9Gr,,Boys,2017(U09),1,108
"Mayfield Village (Field 2 - North fields, middle field)",5/3/26,Sun,11:30 AM,7218,Mayfield   MF,,Stow   Gold,,Girls,2016(U10),East 3,108
"Mayfield Village (Field 2 - North fields, middle field)",5/3/26,Sun,2:30 PM,14125,Mayfield   DW,,Green,,Girls,2017(U09),1,108
"Mayfield Village (Field 2 - North fields, middle field)",5/3/26,Sun,4:00 PM,125,Mayfield   KHA,,Stow   Mar,,Boys,2016(U10),2,108
"Mayfield Village (Field 2 - North fields, middle field)",5/5/26,Tue,6:30 PM,7214,Mayfield   MF,,NP Aurora,,Girls,2016(U10),East 3,108
"Mayfield Village (Field 2 - North fields, middle field)",5/6/26,Wed,6:30 PM,101,Mayfield   MO,,Mayfield   KHA,,Boys,2016(U10),2,108
"Mayfield Village (Field 2 - North fields, middle field)",5/8/26,Fri,6:30 PM,14321,Mayfield   SR,,Hudson   PEIG,,Boys,2017(U09),1,108
"Mayfield Village (Field 2 - North fields, middle field)",5/10/26,Sun,11:30 AM,131,Mayfield   KHA,,Hudson   PRIN,,Boys,2016(U10),2,108
"Mayfield Village (Field 2 - North fields, middle field)",5/10/26,Sun,2:30 PM,14130,Mayfield   DW,,Independence,,Girls,2017(U09),1,108
"Mayfield Village (Field 2 - North fields, middle field)",5/17/26,Sun,11:30 AM,139,Mayfield   MO,,Brecksville Bees SA   R,,Boys,2016(U10),2,108
"Mayfield Village (Field 2 - North fields, middle field)",5/17/26,Sun,2:30 PM,14134,Mayfield   DW,,Westlake   JD,,Girls,2017(U09),1,108
"Mayfield Village (Field 2 - North fields, middle field)",5/17/26,Sun,4:00 PM,137,Mayfield   KHA,,Wooster,,Boys,2016(U10),2,108
"Mayfield Village (Field 2 - North fields, middle field)",5/17/26,Sun,5:30 PM,14330,Mayfield   SR,,Westlake,,Boys,2017(U09),1,108
"Mayfield Village (Field 2 - North fields, middle field)",5/20/26,Wed,6:30 PM,133,Mayfield   MO,,Wooster,,Boys,2016(U10),2,108
"Mayfield Village (Field 2 - North fields, middle field)",5/31/26,Sun,5:30 PM,144,Mayfield   MO,,Ashland,,Boys,2016(U10),2,108
Mayfield Village (Field 3 - North Field closest to Route 91),4/12/26,Sun,4:00 PM,7903,Mayfield   TS,,Chagrin Falls   Orng,,Girls,2015(U11),East 3,108
Mayfield Village (Field 3 - North Field closest to Route 91),4/19/26,Sun,5:30 PM,3708,Mayfield   MW,,Aurora,,Boys,2014(U12),East 2,108
Mayfield Village (Field 3 - North Field closest to Route 91),4/20/26,Mon,6:30 PM,7905,Mayfield   TS,,Orange,,Girls,2015(U11),East 3,108
Mayfield Village (Field 3 - North Field closest to Route 91),4/21/26,Tue,6:00 PM,9407,Mayfield   SS,,Bay Village   KB,,Girls,2014(U12),2,108
Mayfield Village (Field 3 - North Field closest to Route 91),4/26/26,Sun,2:30 PM,7922,Mayfield   TS,,Stow   Mar,,Girls,2015(U11),East 3,108
Mayfield Village (Field 3 - North Field closest to Route 91),4/29/26,Wed,6:30 PM,9419,Mayfield   SS,,Independence,,Girls,2014(U12),2,108
Mayfield Village (Field 3 - North Field closest to Route 91),4/30/26,Thu,6:30 PM,3715,Mayfield   MW,,Geauga Federation SC,,Boys,2014(U12),East 2,108
Mayfield Village (Field 3 - North Field closest to Route 91),5/3/26,Sun,5:30 PM,7914,Mayfield   TS,,Solon United   Gold,,Girls,2015(U11),East 3,108
Mayfield Village (Field 3 - North Field closest to Route 91),5/3/26,Sun,6:30 PM,8321,Mayfield   KHO,,Cuyahoga Falls   GL,,Girls,2015(U11),1,108
Mayfield Village (Field 3 - North Field closest to Route 91),5/4/26,Mon,6:30 PM,2205,Mayfield   RM,,Eastside Kickers,,Boys,2015(U11),East 3,108
Mayfield Village (Field 3 - North Field closest to Route 91),5/10/26,Sun,11:30 AM,2220,Mayfield   RM,,Mentor,,Boys,2015(U11),East 3,108
Mayfield Village (Field 3 - North Field closest to Route 91),5/10/26,Sun,5:30 PM,3723,Mayfield   MW,,Riverside   MN,,Boys,2014(U12),East 2,108
Mayfield Village (Field 3 - North Field closest to Route 91),5/13/26,Wed,6:30 PM,9426,Mayfield   SS,,Euclid,,Girls,2014(U12),2,108
Mayfield Village (Field 3 - North Field closest to Route 91),5/17/26,Sun,1:00 PM,9432,Mayfield   SS,,Geauga Federation SC,,Girls,2014(U12),2,108
Mayfield Village (Field 3 - North Field closest to Route 91),5/17/26,Sun,7:00 PM,8331,Mayfield   KHO,,North Ridgeville,,Girls,2015(U11),1,108
Mayfield Village (Field 3 - North Field closest to Route 91),5/18/26,Mon,6:30 PM,2201,Mayfield   RM,,Kenston,,Boys,2015(U11),East 3,108
Mayfield Village (Field 3 - North Field closest to Route 91),5/18/26,Mon,6:30 PM,8315,Mayfield   KHO,,Avon   BE,,Girls,2015(U11),1,108
Mayfield Village (Field 3 - North Field closest to Route 91),5/27/26,Wed,6:30 PM,2222,Mayfield   RM,,Solon United   Blue,,Boys,2015(U11),East 3,108
Mayfield Village (Field 3 - North Field closest to Route 91),5/31/26,Sun,11:30 AM,3732,Mayfield   MW,,North Royalton,,Boys,2014(U12),East 2,108
Mayfield Village (Field 3 - North Field closest to Route 91),5/31/26,Sun,5:00 PM,8338,Mayfield   KHO,,Green   15Bk,,Girls,2015(U11),1,108
Mayfield Village (Field 4),4/12/26,Sun,11:30 AM,9801,Mayfield   TB,,Shaker Hts.   BLK,,Girls,2013(U13),East 2,108
Mayfield Village (Field 4),5/3/26,Sun,3:00 PM,5814,Mayfield   RP14,,Geauga Federation SC,,Boys,2012(U14),East 3,108
Mayfield Village (Field 4),5/19/26,Tue,6:30 PM,5803,Mayfield   RP14,,Wickliffe,,Boys,2012(U14),East 3,108
Mayfield Village (Field 4),5/26/26,Tue,5:30 PM,6419,Mayfield   RP15,,Orange,,Boys,2011(U15),East 3,108
Medina - Blakeslee Park (Blakeslee A- up front near road),4/26/26,Sun,5:00 PM,15609,Medina   15Gr,,North Canton,,Boys,2015(U11),2 South,207
Medina - Blakeslee Park (Blakeslee A- up front near road),4/28/26,Tue,6:30 PM,13414,Westlake   DK,,Manchester,,Boys,2014(U12),2,207
Medina - Blakeslee Park (Blakeslee A- up front near road),5/3/26,Sun,11:30 AM,9018,Medina   14GR,,Green,,Girls,2014(U12),South 5,207
Medina - Blakeslee Park (Blakeslee A- up front near road),5/13/26,Wed,6:30 PM,15220,Medina   14WT,,Copley   Gold,,Girls,2014(U12),South 3,207
Medina - Blakeslee Park (Blakeslee A- up front near road),5/31/26,Sun,5:30 PM,3641,Medina   14Gr,,Green,,Boys,2014(U12),1,207
Medina - Blakeslee Park (Blakeslee B-in back to left),4/26/26,Sun,2:30 PM,9011,Medina   14GR,,Dover,,Girls,2014(U12),South 5,207
Medina - Blakeslee Park (Blakeslee B-in back to left),5/3/26,Sun,4:00 PM,4011,Medina   14Wh,,Dover,,Boys,2014(U12),South 3,207
Medina - Blakeslee Park (Blakeslee B-in back to left),5/17/26,Sun,5:30 PM,2623,Medina   15Wh,,Norton   Jksn,,Boys,2015(U11),South 3,207
Medina - Whitetail Crossing (Whitetail 1),4/23/26,Thu,7:00 PM,6213,Medina   U15G,,Bay Village   SE,,Boys,2011(U15),1,206
Medina - Whitetail Crossing (Whitetail 1),4/30/26,Thu,6:30 PM,5909,Medina   U14W,,Eagles Select   U14,,Boys,2012(U14),South 4,206
Medina - Whitetail Crossing (Whitetail 1),5/7/26,Thu,6:30 PM,4811,Medina   13Gr,,Green,,Boys,2013(U13),1,206
Medina - Whitetail Crossing (Whitetail 1),5/10/26,Sun,12:30 PM,11121,Medina   12GN,,Wadsworth,,Girls,2011(U15),3,206
Medina - Whitetail Crossing (Whitetail 1),5/14/26,Thu,6:30 PM,6229,Medina   U15G,,Brunswick   RYL,,Boys,2011(U15),1,206
Medina - Whitetail Crossing (Whitetail 1),5/16/26,Sat,1:00 PM,10510,Medina   12WT,,Geauga Federation SC,,Girls,2012(U14),3,206
Medina - Whitetail Crossing (Whitetail 1),5/31/26,Sun,11:30 AM,5917,Medina   U14W,,Buckeye,,Boys,2012(U14),South 4,206
Medina - Whitetail Crossing (Whitetail 1),5/31/26,Sun,4:00 PM,10332,Medina   13WT,,Buckeye,,Girls,2013(U13),West 4,206
Medina - Whitetail Crossing (Whitetail 1),6/2/26,Tue,6:45 PM,11116,Medina   12GN,,Geauga Federation SC,,Girls,2011(U15),3,206
Medina - Whitetail Crossing (Whitetail 2),4/21/26,Tue,6:30 PM,5905,Medina   U14W,,Perry (Stark),,Boys,2012(U14),South 4,206
Medina - Whitetail Crossing (Whitetail 2),4/28/26,Tue,6:30 PM,10515,Medina   12WT,,Cloverleaf   JF,,Girls,2012(U14),3,206
Medina - Whitetail Crossing (Whitetail 2),5/1/26,Fri,6:30 PM,15310,Medina   14GN,,North Olmsted,,Girls,2013(U13),South 2,206
Medina - Whitetail Crossing (Whitetail 2),5/6/26,Wed,6:00 PM,4818,Medina   13Gr,,Norton,,Boys,2013(U13),1,206
Medina - Whitetail Crossing (Whitetail 2),5/10/26,Sun,12:00 PM,10315,Medina   13WT,,Midview   BL,,Girls,2013(U13),West 4,206
Medina - Whitetail Crossing (Whitetail 2),5/10/26,Sun,4:00 PM,10323,Medina   13WT,,Bay Village   JK,,Girls,2013(U13),West 4,206
Medina - Whitetail Crossing (Whitetail 2),5/14/26,Thu,6:30 PM,15315,Medina   14GN,,Highland   GP3,,Girls,2013(U13),South 2,206
Medina - Whitetail Crossing (Whitetail 2),5/17/26,Sun,5:30 PM,10523,Medina   12WT,,Amherst,,Girls,2012(U14),3,206
Medina - Whitetail Crossing (Whitetail 2),5/20/26,Wed,6:30 PM,10132,Medina   13GN,,Ashland,,Girls,2013(U13),1,206
Medina - Whitetail Crossing (Whitetail 2),5/31/26,Sun,5:30 PM,10526,Medina   12WT,,Chagrin Falls,,Girls,2012(U14),3,206
Medina Huffman/Cunningham Fields (Cunningham 12 (11v11) ),4/10/26,Fri,6:30 PM,15309,Brecksville Bees SA,4,Medina   14GN,0,Girls,2013(U13),South 2,205
Medina Huffman/Cunningham Fields (Cunningham 12 (11v11) ),4/12/26,Sun,4:00 PM,11102,Medina   12GN,3,North Olmsted,2,Girls,2011(U15),3,205
Medina Huffman/Cunningham Fields (Cunningham 12 (11v11) ),4/16/26,Thu,6:00 PM,4802,Medina   13Gr,4,Chagrin Falls   Orng,3,Boys,2013(U13),1,205
Medina Huffman/Cunningham Fields (Cunningham 12 (11v11) ),4/19/26,Sun,1:00 PM,10308,Medina   13WT,5,Avon   ML,0,Girls,2013(U13),West 4,205
Medina Huffman/Cunningham Fields (Cunningham 12 (11v11) ),4/19/26,Sun,2:30 PM,10107,Medina   13GN,3,Strongsville,4,Girls,2013(U13),1,205
Medina Huffman/Cunningham Fields (Cunningham 12 (11v11) ),4/27/26,Mon,6:30 PM,6218,Medina   U15G,,Highland   KW1,,Boys,2011(U15),1,205
Medina Huffman/Cunningham Fields (Cunningham 12 (11v11) ),5/10/26,Sun,4:00 PM,5913,Medina   U14W,,Tallmadge,,Boys,2012(U14),South 4,205
Medina Huffman/Cunningham Fields (Cunningham 12 (11v11) ),5/11/26,Mon,6:30 PM,11107,Medina   12GN,,Buckeye,,Girls,2011(U15),3,205
Medina Huffman/Cunningham Fields (Cunningham 12 (11v11) ),5/13/26,Wed,6:00 PM,10126,Medina   13GN,,Bay Village   CA,,Girls,2013(U13),1,205
Medina Huffman/Cunningham Fields (Cunningham 12 (11v11) ),5/13/26,Wed,6:30 PM,4822,Medina   13Gr,,Ashland,,Boys,2013(U13),1,205
Medina Huffman/Cunningham Fields (Cunningham 12 (11v11) ),5/15/26,Fri,6:00 PM,15320,Medina   14GN,,North Royalton,,Girls,2013(U13),South 2,205
Medina Huffman/Cunningham Fields (Cunningham 12 (11v11) ),5/16/26,Sat,9:00 AM,10119,Medina   13GN,,Westlake   JD,,Girls,2013(U13),1,205
Medina Huffman/Cunningham Fields (Cunningham 12 (11v11) ),5/20/26,Wed,6:30 PM,6235,Medina   U15G,,West Geauga,,Boys,2011(U15),1,205
Medina Huffman/Cunningham Fields (Cunningham 12 (11v11) ),5/31/26,Sun,4:00 PM,15324,Medina   14GN,,Jackson,,Girls,2013(U13),South 2,205
Medina Huffman/Cunningham Fields (Cunningham 13 (9v9)),4/19/26,Sun,5:30 PM,9006,Medina   14GR,6,Cloverleaf   MVM,1,Girls,2014(U12),South 5,205
Medina Huffman/Cunningham Fields (Cunningham 13 (9v9)),4/26/26,Sun,4:00 PM,2610,Medina   15Wh,,North Canton,,Boys,2015(U11),South 3,205
Medina Huffman/Cunningham Fields (Cunningham 13 (9v9)),4/29/26,Wed,6:30 PM,15210,Medina   14WT,,Parma,,Girls,2014(U12),South 3,205
Medina Huffman/Cunningham Fields (Cunningham 13 (9v9)),5/21/26,Thu,6:30 PM,4020,Medina   14Wh,,Copley   Gold,,Boys,2014(U12),South 3,205
Medina Huffman/Cunningham Fields (Cunningham 14 (7v7)),4/12/26,Sun,11:30 AM,802,Medina   U10W,2,Copley   Gold,0,Boys,2016(U10),South 4,205
Medina Huffman/Cunningham Fields (Cunningham 14 (7v7)),4/12/26,Sun,4:00 PM,14101,Medina   17GN,0,Green,5,Girls,2017(U09),1,205
Medina Huffman/Cunningham Fields (Cunningham 14 (7v7)),4/12/26,Sun,5:30 PM,1102,Medina   U10G,4,Brunswick   RYL,2,Boys,2016(U10),1,205
Medina Huffman/Cunningham Fields (Cunningham 14 (7v7)),4/19/26,Sun,11:30 AM,14910,Medina   19GN,,Medina   17GR,,Girls,2017(U09),South 4 EN,205
Medina Huffman/Cunningham Fields (Cunningham 14 (7v7)),4/19/26,Sun,2:30 PM,12808,Medina   U8Wh,5,Manchester,0,Boys,2017(U09),South 4,205
Medina Huffman/Cunningham Fields (Cunningham 14 (7v7)),4/27/26,Mon,6:30 PM,811,Medina   U10W,,Perry (Stark),,Boys,2016(U10),South 4,205
Medina Huffman/Cunningham Fields (Cunningham 14 (7v7)),4/29/26,Wed,6:30 PM,13815,Medina   U8Go,,Highland   SR1,,Boys,2017(U09),South 5,205
Medina Huffman/Cunningham Fields (Cunningham 14 (7v7)),4/30/26,Thu,6:30 PM,14117,Medina   17GN,,Independence,,Girls,2017(U09),1,205
Medina Huffman/Cunningham Fields (Cunningham 14 (7v7)),5/1/26,Fri,6:00 PM,14315,Medina   U9Gr,,Avon   DB,,Boys,2017(U09),1,205
Medina Huffman/Cunningham Fields (Cunningham 14 (7v7)),5/10/26,Sun,10:00 AM,14326,Medina   U9Gr,,Shaker Hts.   BLK,,Boys,2017(U09),1,205
Medina Huffman/Cunningham Fields (Cunningham 14 (7v7)),5/10/26,Sun,1:30 PM,15004,Medina   16GR,,North Royalton,,Girls,2016(U10),South 3,205
Medina Huffman/Cunningham Fields (Cunningham 14 (7v7)),5/10/26,Sun,2:30 PM,13823,Medina   U8Go,,Woodridge,,Boys,2017(U09),South 5,205
Medina Huffman/Cunningham Fields (Cunningham 14 (7v7)),5/17/26,Sun,2:30 PM,14133,Medina   17GN,,Hudson   BATS,,Girls,2017(U09),1,205
Medina Huffman/Cunningham Fields (Cunningham 14 (7v7)),5/31/26,Sun,1:00 PM,13832,Medina   U8Go,,Copley,,Boys,2017(U09),South 5,205
Medina Huffman/Cunningham Fields (Cunningham 15 (7v7)),4/18/26,Sat,10:00 AM,14917,Medina   19GN,5,Brecksville Bees SA   Y,3,Girls,2017(U09),South 4 EN,205
Medina Huffman/Cunningham Fields (Cunningham 15 (7v7)),4/19/26,Sun,2:30 PM,10708,Medina   16WT,7,Green,3,Girls,2016(U10),2,205
Medina Huffman/Cunningham Fields (Cunningham 15 (7v7)),4/24/26,Fri,6:30 PM,1109,Medina   U10G,,Broadview Hts.,,Boys,2016(U10),1,205
Medina Huffman/Cunningham Fields (Cunningham 15 (7v7)),4/26/26,Sun,1:00 PM,15007,Medina   16GR,,Mustangs Jr,,Girls,2016(U10),South 3,205
Medina Huffman/Cunningham Fields (Cunningham 15 (7v7)),4/28/26,Tue,6:30 PM,12815,Medina   U8Wh,,Highland   KS1,,Boys,2017(U09),South 4,205
Medina Huffman/Cunningham Fields (Cunningham 15 (7v7)),5/3/26,Sun,2:30 PM,15012,Medina   16GR,,Highland   JM1,,Girls,2016(U10),South 3,205
Medina Huffman/Cunningham Fields (Cunningham 15 (7v7)),5/10/26,Sun,11:30 AM,10723,Medina   16WT,,Bay Village   BW,,Girls,2016(U10),2,205
Medina Huffman/Cunningham Fields (Cunningham 15 (7v7)),5/10/26,Sun,5:30 PM,12823,Medina   U8Wh,,North Royalton,,Boys,2017(U09),South 4,205
Medina Huffman/Cunningham Fields (Cunningham 15 (7v7)),5/17/26,Sun,4:00 PM,14933,Medina   19GN,,Lake Select SC,,Girls,2017(U09),South 4 EN,205
Medina Huffman/Cunningham Fields (Cunningham 15 (7v7)),5/31/26,Sun,2:30 PM,7130,Medina   16GN,,Westlake   PD,,Girls,2016(U10),1,205
Medina Huffman/Cunningham Fields (Cunningham 16 (9v9)),4/24/26,Fri,6:30 PM,3509,Medina   14Go,,Cloverleaf,,Boys,2014(U12),South 5,205
Medina Huffman/Cunningham Fields (Cunningham 16 (9v9)),4/29/26,Wed,6:30 PM,15611,Medina   15Gr,,Wadsworth,,Boys,2015(U11),2 South,205
Medina Huffman/Cunningham Fields (Cunningham 16 (9v9)),5/6/26,Wed,6:30 PM,3627,Medina   14Gr,,Avon   LS,,Boys,2014(U12),1,205
Medina Huffman/Cunningham Fields (Cunningham 16 (9v9)),5/31/26,Sun,2:30 PM,15224,Medina   14WT,,Cuyahoga Falls   MN,,Girls,2014(U12),South 3,205
Medina Huffman/Cunningham Fields (Cunningham 17 - back of park),4/28/26,Tue,6:00 PM,7112,Medina   16GN,,Brunswick   RYL,,Girls,2016(U10),1,205
Medina Huffman/Cunningham Fields (Cunningham 17 - back of park),4/28/26,Tue,6:30 PM,14918,Medina   17GR,,Copley,,Girls,2017(U09),South 4 EN,205
Medina Huffman/Cunningham Fields (Cunningham 17 - back of park),4/30/26,Thu,6:30 PM,10715,Medina   16WT,,Independence,,Girls,2016(U10),2,205
Medina Huffman/Cunningham Fields (Cunningham 17 - back of park),5/3/26,Sun,4:00 PM,818,Medina   U10W,,Wooster,,Boys,2016(U10),South 4,205
Medina Huffman/Cunningham Fields (Cunningham 17 - back of park),5/10/26,Sun,12:00 PM,11822,Medina   17WT,,Norton,,Girls,2017(U09),South 3,205
Medina Huffman/Cunningham Fields (Cunningham 17 - back of park),5/10/26,Sun,5:30 PM,14929,Medina   17GR,,Highland   AA1,,Girls,2017(U09),South 4 EN,205
Medina Huffman/Cunningham Fields (Cunningham 17 - back of park),5/31/26,Sun,11:30 AM,1136,Medina   U10G,,Shaker Hts.   BLK,,Boys,2016(U10),1,205
Medina Huffman/Cunningham Fields (Cunningham 17 - back of park),5/31/26,Sun,4:00 PM,14333,Medina   U9Gr,,Mentor   Red,,Boys,2017(U09),1,205
Medina Huffman/Cunningham Fields (Cunningham 18 (9v9) - Back of the park),4/16/26,Thu,6:30 PM,3602,Medina   14Gr,4,Lakewood   B14G,3,Boys,2014(U12),1,205
Medina Huffman/Cunningham Fields (Cunningham 18 (9v9) - Back of the park),4/22/26,Wed,6:30 PM,3612,Medina   14Gr,,Chagrin Falls   Orng,,Boys,2014(U12),1,205
Medina Huffman/Cunningham Fields (Cunningham 18 (9v9) - Back of the park),4/28/26,Tue,6:30 PM,2615,Medina   15Wh,,Highland   KW3,,Boys,2015(U11),South 3,205
Medina Huffman/Cunningham Fields (Cunningham 18 (9v9) - Back of the park),4/30/26,Thu,6:30 PM,3513,Medina   14Go,,Woodridge,,Boys,2014(U12),South 5,205
Medina Huffman/Cunningham Fields (Cunningham 18 (9v9) - Back of the park),6/7/26,Sun,2:30 PM,3526,Medina   14Go,,Tallmadge,,Boys,2014(U12),South 5,205
Medina Huffman/Cunningham Fields (Huffman 1),4/12/26,Sun,4:00 PM,14901,Medina   19GN,6,Highland   BB2,1,Girls,2017(U09),South 4 EN,205
Medina Huffman/Cunningham Fields (Huffman 1),4/19/26,Sun,1:00 PM,13808,Medina   U8Go,6,Wooster,11,Boys,2017(U09),South 5,205
Medina Huffman/Cunningham Fields (Huffman 1),4/19/26,Sun,4:00 PM,14110,Medina   17GN,5,Kenston,3,Girls,2017(U09),1,205
Medina Huffman/Cunningham Fields (Huffman 1),4/26/26,Sun,4:00 PM,14913,Medina   17GR,,Highland   BB2,,Girls,2017(U09),South 4 EN,205
Medina Huffman/Cunningham Fields (Huffman 1),4/29/26,Wed,6:30 PM,11811,Medina   17WT,,Cuyahoga Falls   SV,,Girls,2017(U09),South 3,205
Medina Huffman/Cunningham Fields (Huffman 1),5/3/26,Sun,11:30 AM,1423,Medina   U9Wh,,Cloverleaf,,Boys,2016(U10),South 5,205
Medina Huffman/Cunningham Fields (Huffman 1),5/3/26,Sun,5:30 PM,7117,Medina   16GN,,Stow   Mar,,Girls,2016(U10),1,205
Medina Huffman/Cunningham Fields (Huffman 1),5/4/26,Mon,6:30 PM,7121,Medina   16GN,,Avon   AG,,Girls,2016(U10),1,205
Medina Huffman/Cunningham Fields (Huffman 1),5/20/26,Wed,6:30 PM,15016,Medina   16GR,,Copley,,Girls,2016(U10),South 3,205
Medina Huffman/Cunningham Fields (Huffman 1),5/31/26,Sun,11:30 AM,12832,Medina   U8Wh,,Wadsworth   HIL,,Boys,2017(U09),South 4,205
Medina Huffman/Cunningham Fields (Huffman 1),5/31/26,Sun,5:30 PM,1436,Medina   U9Wh,,New Philadelphia,,Boys,2016(U10),South 5,205
Medina Huffman/Cunningham Fields (Huffman 2),4/12/26,Sun,12:00 PM,11802,Medina   17WT,4,Highland   EM4,3,Girls,2017(U09),South 3,205
Medina Huffman/Cunningham Fields (Huffman 2),4/19/26,Sun,5:30 PM,1107,Medina   U10G,6,Vermilion,3,Boys,2016(U10),1,205
Medina Huffman/Cunningham Fields (Huffman 2),4/26/26,Sun,5:30 PM,1412,Medina   U9Wh,,Broadview Hts.,,Boys,2016(U10),South 5,205
Medina Huffman/Cunningham Fields (Huffman 2),5/2/26,Sat,10:00 AM,1428,Medina   U9Wh,,North Canton   Blk,,Boys,2016(U10),South 5,205
Medina Huffman/Cunningham Fields (Huffman 2),5/3/26,Sun,2:30 PM,11818,Medina   17WT,,Manchester,,Girls,2017(U09),South 3,205
Medina Huffman/Cunningham Fields (Huffman 2),5/3/26,Sun,5:30 PM,14324,Medina   U9Gr,,Highland   NF4,,Boys,2017(U09),1,205
Medina Huffman/Cunningham Fields (Huffman 2),5/10/26,Sun,2:30 PM,822,Medina   U10W,,Cuyahoga Falls   JH10,,Boys,2016(U10),South 4,205
Medina Huffman/Cunningham Fields (Huffman 2),5/17/26,Sun,1:00 PM,14935,Medina   17GR,,New Philadelphia,,Girls,2017(U09),South 4 EN,205
Medina Huffman/Cunningham Fields (Huffman 2),5/31/26,Sun,5:00 PM,10732,Medina   16WT,,Ashland,,Girls,2016(U10),2,205
Medina Huffman/Cunningham Fields (Huffman 3),4/19/26,Sun,11:30 AM,4003,Medina   14Wh,1,Norton,3,Boys,2014(U12),South 3,205
Medina Huffman/Cunningham Fields (Huffman 3),5/10/26,Sun,11:30 AM,15616,Medina   15Gr,,Highland   DT4,,Boys,2015(U11),2 South,205
Medina Huffman/Cunningham Fields (Huffman 3),5/31/26,Sun,4:00 PM,2626,Medina   15Wh,,Lake Select SC   2015,,Boys,2015(U11),South 3,205
Medina Huffman/Cunningham Fields (Huffman 4),4/19/26,Sun,2:00 PM,15606,Medina   15Gr,3,Revere   RED,3,Boys,2015(U11),2 South,205
Medina Huffman/Cunningham Fields (Huffman 4),4/23/26,Thu,6:30 PM,4006,Medina   14Wh,,Cuyahoga Falls   JH,,Boys,2014(U12),South 3,205
Medina Huffman/Cunningham Fields (Huffman 4),4/28/26,Tue,6:30 PM,9014,Medina   14GR,,Copley   Blue,,Girls,2014(U12),South 5,205
Medina Huffman/Cunningham Fields (Huffman 4),5/3/26,Sun,5:30 PM,15215,Medina   14WT,,Perry (Stark),,Girls,2014(U12),South 3,205
Medina Huffman/Cunningham Fields (Huffman 4),5/29/26,Fri,6:30 PM,3531,Medina   14Go,,Field,,Boys,2014(U12),South 5,205
Memorial Elementary (#1 7v7),4/13/26,Mon,6:30 PM,1114,Brunswick   RYL,1,Shaker Hts.   BLK,6,Boys,2016(U10),1,253
Memorial Elementary (#1 7v7),4/14/26,Tue,6:30 PM,13704,Brunswick   JS,5,Eagles Select   2017,2,Boys,2017(U09),South 3,253
Memorial Elementary (#1 7v7),4/15/26,Wed,6:30 PM,14223,Brunswick   BD,,Avon Lake   GOLD,,Girls,2017(U09),2,253
Memorial Elementary (#1 7v7),4/19/26,Sun,1:00 PM,13805,Brunswick   MW,3,Highland   SR1,6,Boys,2017(U09),South 5,253
Memorial Elementary (#1 7v7),4/21/26,Tue,6:30 PM,13706,Brunswick   JS,,Green,,Boys,2017(U09),South 3,253
Memorial Elementary (#1 7v7),4/28/26,Tue,6:30 PM,14419,Brunswick   GE,,Kenston   Blue,,Boys,2017(U09),East 3,253
Memorial Elementary (#1 7v7),4/29/26,Wed,6:30 PM,13816,Brunswick   MW,,Buckeye,,Boys,2017(U09),South 5,253
Memorial Elementary (#1 7v7),5/3/26,Sun,10:00 AM,14217,Brunswick   TC,,Westlake   JJ,,Girls,2017(U09),2,253
Memorial Elementary (#1 7v7),5/3/26,Sun,4:00 PM,1123,Brunswick   RYL,,North Royalton,,Boys,2016(U10),1,253
Memorial Elementary (#1 7v7),5/7/26,Thu,6:30 PM,14221,Brunswick   TC,,Ashland,,Girls,2017(U09),2,253
Memorial Elementary (#1 7v7),5/8/26,Fri,6:30 PM,14407,Brunswick   GE,,Stow   Mar,,Boys,2017(U09),East 3,253
Memorial Elementary (#1 7v7),5/10/26,Sun,4:00 PM,14426,Brunswick   GE,,Riverside   CB,,Boys,2017(U09),East 3,253
Memorial Elementary (#1 7v7),5/12/26,Tue,6:30 PM,13714,Brunswick   JS,,Revere   BLUE,,Boys,2017(U09),South 3,253
Memorial Elementary (#1 7v7),5/17/26,Sun,11:30 AM,7125,Brunswick   RYL,,North Royalton,,Girls,2016(U10),1,253
Memorial Elementary (#1 7v7),5/17/26,Sun,1:00 PM,14432,Brunswick   GE,,Solon United   Blue,,Boys,2017(U09),East 3,253
Memorial Elementary (#1 7v7),5/17/26,Sun,5:30 PM,15515,Brunswick   WHT,,Olmsted Falls   Wht,,Boys,2016(U10),West 8,253
Memorial Elementary (#1 7v7),5/19/26,Tue,6:00 PM,1132,Brunswick   RYL,,Rocky River   MRN,,Boys,2016(U10),1,253
Memorial Elementary (#1 7v7),5/21/26,Thu,6:30 PM,14230,Brunswick   TC,,Avon   JK,,Girls,2017(U09),2,253
Memorial Elementary (#1 7v7),5/22/26,Fri,6:30 PM,15518,Brunswick   WHT,,Rocky River   WHT,,Boys,2016(U10),West 8,253
Memorial Elementary (#1 7v7),5/26/26,Tue,6:30 PM,1125,Brunswick   RYL,,Vermilion,,Boys,2016(U10),1,253
Memorial Elementary (#1 7v7),5/27/26,Wed,6:30 PM,14232,Brunswick   BD,,Westlake   JJ,,Girls,2017(U09),2,253
Memorial Elementary (#2 7v7),4/12/26,Sun,2:30 PM,15502,Brunswick   WHT,6,Lakewood   B16W,4,Boys,2016(U10),West 8,253
Memorial Elementary (#2 7v7),4/12/26,Sun,5:00 PM,13801,Brunswick   MW,7,Jackson,3,Boys,2017(U09),South 5,253
Memorial Elementary (#2 7v7),4/15/26,Wed,6:30 PM,7103,Brunswick   RYL,,Rocky River   MRN,,Girls,2016(U10),1,253
Memorial Elementary (#2 7v7),4/28/26,Tue,6:30 PM,15510,Brunswick   WHT,,Sandusky,,Boys,2016(U10),West 8,253
Memorial Elementary (#2 7v7),4/29/26,Wed,6:30 PM,14215,Brunswick   BD,,Brunswick   TC,,Girls,2017(U09),2,253
Memorial Elementary (#2 7v7),5/3/26,Sun,1:00 PM,13819,Brunswick   MW,,Medina   U8Go,,Boys,2017(U09),South 5,253
Memorial Elementary (#2 7v7),5/6/26,Wed,6:30 PM,14208,Brunswick   BD,,Avon   JK,,Girls,2017(U09),2,253
Memorial Elementary (#2 7v7),5/7/26,Thu,6:30 PM,7107,Brunswick   RYL,,Avon   AG,,Girls,2016(U10),1,253
Memorial Elementary (#2 7v7),5/12/26,Tue,6:30 PM,7124,Brunswick   RYL,,Stow   Mar,,Girls,2016(U10),1,253
Memorial Elementary (#2 7v7),5/17/26,Sun,11:30 AM,13727,Brunswick   JS,,Ashland   18,,Boys,2017(U09),South 3,253
Memorial Elementary (#2 7v7),5/27/26,Wed,6:00 PM,14212,Brunswick   TC,,Strongsville,,Girls,2017(U09),2,253
Memorial Pool Field (9v9),4/12/26,Sun,4:00 PM,9403,Euclid,1,Jackson,3,Girls,2014(U12),2,42
Memorial Pool Field (9v9),4/19/26,Sun,11:00 AM,9409,Euclid,5,Hudson   SHUT,4,Girls,2014(U12),2,42
Memorial Pool Field (9v9),4/26/26,Sun,2:30 PM,2710,Euclid,,Orange,,Boys,2015(U11),East 5,42
Memorial Pool Field (9v9),4/28/26,Tue,6:30 PM,9420,Euclid,,Bay Village   KB,,Girls,2014(U12),2,42
Memorial Pool Field (9v9),5/3/26,Sun,5:30 PM,2720,Euclid,,Geauga Federation SC   BLK,,Boys,2015(U11),East 5,42
Memorial Pool Field (9v9),5/17/26,Sun,2:30 PM,2728,Euclid,,Brecksville Bees SA   Y,,Boys,2015(U11),East 5,42
Memorial Pool Field (9v9),5/27/26,Wed,6:30 PM,9440,Euclid,,Twinsburg   Blue,,Girls,2014(U12),2,42
Memorial Pool Field (9v9),5/31/26,Sun,2:30 PM,2729,Euclid,,Eastside Kickers,,Boys,2015(U11),East 5,42
Meredith Park (Field 138 - 11v11),4/12/26,Sun,1:00 PM,5902,Perry (Stark),0,Buckeye,5,Boys,2012(U14),South 4,505
Meredith Park (Field 138 - 11v11),4/12/26,Sun,5:30 PM,10104,Perry (Stark),3,Avon Lake   GOLD,1,Girls,2013(U13),1,505
Meredith Park (Field 138 - 11v11),4/19/26,Sun,4:00 PM,10106,Perry (Stark),5,Rocky River   MRN,0,Girls,2013(U13),1,505
Meredith Park (Field 138 - 11v11),4/26/26,Sun,2:30 PM,5109,Perry (Stark),,Tallmadge,,Boys,2013(U13),South 3,505
Meredith Park (Field 138 - 11v11),4/28/26,Tue,6:30 PM,5910,Perry (Stark),,Tallmadge,,Boys,2012(U14),South 4,505
Meredith Park (Field 138 - 11v11),4/29/26,Wed,6:30 PM,5113,Perry (Stark),,New Philadelphia,,Boys,2013(U13),South 3,505
Meredith Park (Field 138 - 11v11),5/8/26,Fri,7:30 PM,10116,Perry (Stark),,Ashland,,Girls,2013(U13),1,505
Meredith Park (Field 138 - 11v11),5/10/26,Sun,5:00 PM,10127,Perry (Stark),,Westlake   JD,,Girls,2013(U13),1,505
Meredith Park (Field 138 - 11v11),5/17/26,Sun,2:30 PM,5126,Perry (Stark),,Lake Select SC   2013,,Boys,2013(U13),South 3,505
Meredith Park (Field 138 - 11v11),5/17/26,Sun,4:00 PM,5915,Perry (Stark),,Medina   U14W,,Boys,2012(U14),South 4,505
Meredith Park (Field 138 - 11v11),5/31/26,Sun,2:30 PM,5131,Perry (Stark),,Wooster,,Boys,2013(U13),South 3,505
Meredith Park (Field 138 - 11v11),5/31/26,Sun,5:30 PM,5918,Perry (Stark),,Eagles Select   U14,,Boys,2012(U14),South 4,505
Metzger Park (Metzger Park 12A),4/19/26,Sun,2:30 PM,3609,Louisville,0,Bay Village   GE,3,Boys,2014(U12),1,413
Metzger Park (Metzger Park 12A),4/26/26,Sun,2:30 PM,9509,Louisville,,Cloverleaf   MS,,Girls,2014(U12),South 4,413
Metzger Park (Metzger Park 12A),4/28/26,Tue,6:30 PM,3625,Louisville,,Medina   14Gr,,Boys,2014(U12),1,413
Metzger Park (Metzger Park 12A),5/3/26,Sun,1:00 PM,3630,Louisville,,Hudson   SFEW,,Boys,2014(U12),1,413
Metzger Park (Metzger Park 12A),5/6/26,Wed,6:30 PM,9513,Louisville,,Revere,,Girls,2014(U12),South 4,413
Metzger Park (Metzger Park 12A),5/17/26,Sun,2:30 PM,9526,Louisville,,Eagles Select   2014,,Girls,2014(U12),South 4,413
Metzger Park (Metzger Park 12A),5/31/26,Sun,1:00 PM,9531,Louisville,,North Royalton,,Girls,2014(U12),South 4,413
Metzger Park (Metzger Park 12A),5/31/26,Sun,2:30 PM,3644,Louisville,,NP Aurora,,Boys,2014(U12),1,413
Metzger Park (Metzger Park Field 14A),4/12/26,Sun,2:30 PM,11403,Louisville,0,Dover,1,Girls,2011(U15),5,413
Metzger Park (Metzger Park Field 14A),4/19/26,Sun,1:00 PM,11407,Louisville,,Eastlake,,Girls,2011(U15),5,413
Metzger Park (Metzger Park Field 14A),5/10/26,Sun,10:00 AM,11424,Louisville,,North Ridgeville,,Girls,2011(U15),5,413
Metzger Park (Metzger Park Field 14A),5/17/26,Sun,12:30 PM,11425,Louisville,,Cloverleaf,,Girls,2011(U15),5,413
Middlebranch Elementary School (Field 1 7v7),4/26/26,Sun,4:00 PM,12810,Eagles Select   2018,,Medina   U8Wh,,Boys,2017(U09),South 4,588
Middlebranch Elementary School (Field 1 7v7),4/28/26,Tue,6:30 PM,13715,Eagles Select   2017,,Cloverleaf,,Boys,2017(U09),South 3,588
Middlebranch Elementary School (Field 1 7v7),5/2/26,Sat,11:30 AM,6910,Eagles Select   2016,,Dover,,Girls,2016(U10),South 4,588
Middlebranch Elementary School (Field 1 7v7),5/3/26,Sun,2:30 PM,12820,Eagles Select   2018,,North Royalton,,Boys,2017(U09),South 4,588
Middlebranch Elementary School (Field 1 7v7),5/3/26,Sun,4:00 PM,6915,Eagles Select   2016,,North Canton,,Girls,2016(U10),South 4,588
Middlebranch Elementary School (Field 1 7v7),5/3/26,Sun,6:30 PM,13708,Eagles Select   2017,,Akron Inner City,,Boys,2017(U09),South 3,588
Middlebranch Elementary School (Field 1 7v7),5/4/26,Mon,6:30 PM,310,Eagles Select   2016,,Strongsville,,Boys,2016(U10),South 3,588
Middlebranch Elementary School (Field 1 7v7),5/9/26,Sat,1:00 PM,315,Eagles Select   2016,,Revere   RED,,Boys,2016(U10),South 3,588
Middlebranch Elementary School (Field 1 7v7),5/10/26,Sun,6:00 PM,13723,Eagles Select   2017,,Green,,Boys,2017(U09),South 3,588
Middlebranch Elementary School (Field 1 7v7),5/17/26,Sun,1:00 PM,320,Eagles Select   2016,,North Royalton,,Boys,2016(U10),South 3,588
Middlebranch Elementary School (Field 1 7v7),5/17/26,Sun,2:30 PM,12828,Eagles Select   2018,,Manchester,,Boys,2017(U09),South 4,588
Middlebranch Elementary School (Field 1 7v7),5/17/26,Sun,4:00 PM,6920,Eagles Select   2016,,North Royalton,,Girls,2016(U10),South 4,588
Middlebranch Elementary School (Field 1 7v7),5/20/26,Wed,6:30 PM,13732,Eagles Select   2017,,Brunswick   JS,,Boys,2017(U09),South 3,588
Middlebranch Elementary School (Field 1 7v7),5/31/26,Sun,2:30 PM,12829,Eagles Select   2018,,Highland   JC6,,Boys,2017(U09),South 4,588
Middlebranch Elementary School (Field 1 7v7),5/31/26,Sun,4:00 PM,324,Eagles Select   2016,,Highland   BB1,,Boys,2016(U10),South 3,588
Middlebranch Elementary School (Field 1 7v7),5/31/26,Sun,5:30 PM,6924,Eagles Select   2016,,Perry (Stark),,Girls,2016(U10),South 4,588
Middlebranch Elementary School (Field 2 9v9),4/12/26,Sun,2:30 PM,2901,Eagles Select   2015,4,Jackson,4,Boys,2015(U11),South 6,588
Middlebranch Elementary School (Field 2 9v9),4/19/26,Sun,1:00 PM,2910,Eagles Select   2015,6,Wadsworth,2,Boys,2015(U11),South 6,588
Middlebranch Elementary School (Field 2 9v9),4/26/26,Sun,4:00 PM,9512,Eagles Select   2014,,North Royalton,,Girls,2014(U12),South 4,588
Middlebranch Elementary School (Field 2 9v9),4/26/26,Sun,5:30 PM,3910,Eagles Select   2014,,Green,,Boys,2014(U12),South 4,588
Middlebranch Elementary School (Field 2 9v9),5/2/26,Sat,1:00 PM,2917,Eagles Select   2015,,Akron Inner City,,Boys,2015(U11),South 6,588
Middlebranch Elementary School (Field 2 9v9),5/3/26,Sun,11:30 AM,3920,Eagles Select   2014,,New Philadelphia,,Boys,2014(U12),South 4,588
Middlebranch Elementary School (Field 2 9v9),5/3/26,Sun,5:30 PM,9517,Eagles Select   2014,,New Philadelphia,,Girls,2014(U12),South 4,588
Middlebranch Elementary School (Field 2 9v9),5/11/26,Mon,6:30 PM,9521,Eagles Select   2014,,Wadsworth,,Girls,2014(U12),South 4,588
Middlebranch Elementary School (Field 2 9v9),5/17/26,Sun,1:00 PM,2933,Eagles Select   2015,,Norton,,Boys,2015(U11),South 6,588
Middlebranch Elementary School (Field 2 9v9),5/17/26,Sun,5:30 PM,3928,Eagles Select   2014,,Northwest,,Boys,2014(U12),South 4,588
Middlebranch Elementary School (Field 2 9v9),5/31/26,Sun,9:30 AM,9530,Eagles Select   2014,,Revere,,Girls,2014(U12),South 4,588
Middlebranch Elementary School (Field 2 9v9),5/31/26,Sun,5:30 PM,3929,Eagles Select   2014,,Copley   Blue,,Boys,2014(U12),South 4,588
Middlebranch Elementary School (Field 3 11v11),4/12/26,Sun,4:00 PM,5901,Eagles Select   U14,2,Tallmadge,5,Boys,2012(U14),South 4,588
Middlebranch Elementary School (Field 3 11v11),4/26/26,Sun,11:30 AM,5908,Eagles Select   U14,,Perry (Stark),,Boys,2012(U14),South 4,588
Middlebranch Elementary School (Field 3 11v11),5/10/26,Sun,1:00 PM,5914,Eagles Select   U14,,Buckeye,,Boys,2012(U14),South 4,588
Middlebranch Elementary School (Field 3 11v11),5/16/26,Sat,9:00 AM,5919,Eagles Select   U14,,Medina   U14W,,Boys,2012(U14),South 4,588
Middlebranch Elementary School (Middlebranch 7v7),4/12/26,Sun,12:00 PM,14904,Lake Select SC,0,Medina   17GR,5,Girls,2017(U09),South 4 EN,623
Middlebranch Elementary School (Middlebranch 7v7),4/22/26,Wed,6:30 PM,1407,Lake Select SC   2016,,Medina   U9Wh,,Boys,2016(U10),South 5,623
Middlebranch Elementary School (Middlebranch 7v7),4/26/26,Sun,2:30 PM,13112,Lake Select SC,,New Philadelphia,,Boys,2017(U09),South 6,623
Middlebranch Elementary School (Middlebranch 7v7),4/29/26,Wed,6:30 PM,1419,Lake Select SC   2016,,Broadview Hts.,,Boys,2016(U10),South 5,623
Middlebranch Elementary School (Middlebranch 9v9),4/25/26,Sat,6:00 PM,7607,Lake Select SC   2015,,Revere   BLUE,,Girls,2015(U11),South 3,623
Middlebranch Elementary School (Middlebranch 9v9),4/26/26,Sun,4:00 PM,2612,Lake Select SC   2015,,Broadview Hts.,,Boys,2015(U11),South 3,623
Midview High School Turf (11v11) (Midview High School),4/19/26,Sun,1:00 PM,6108,Midview,0,North Olmsted,5,Boys,2011(U15),West 3,228
Midview High School Turf (11v11) (Midview High School),4/26/26,Sun,2:30 PM,10312,Midview   BL,,Strongsville,,Girls,2013(U13),West 4,228
Midview High School Turf (11v11) (Midview High School),4/29/26,Wed,6:30 PM,10317,Midview   BL,,Buckeye,,Girls,2013(U13),West 4,228
Midview High School Turf (11v11) (Midview High School),5/3/26,Sun,4:00 PM,10320,Midview   WH,,Bay Village   JK,,Girls,2013(U13),West 4,228
Midview High School Turf (11v11) (Midview High School),5/6/26,Wed,6:30 PM,10310,Midview   WH,,Medina   13WT,,Girls,2013(U13),West 4,228
Midview High School Turf (11v11) (Midview High School),5/13/26,Wed,6:30 PM,5207,Midview,,Brunswick   RYL,,Boys,2013(U13),West 3,228
Midview High School Turf (11v11) (Midview High School),5/17/26,Sun,11:30 AM,10328,Midview   WH,,Avon   ML,,Girls,2013(U13),West 4,228
Midview High School Turf (11v11) (Midview High School),5/17/26,Sun,1:00 PM,11333,Midview,,TUSA,,Girls,2011(U15),4,228
Midview High School Turf (11v11) (Midview High School),5/29/26,Fri,7:30 PM,10321,Midview   BL,,Midview   WH,,Girls,2013(U13),West 4,228
Midview High School Turf (11v11) (Midview High School),5/31/26,Sun,11:30 AM,10330,Midview   BL,,Avon   ML,,Girls,2013(U13),West 4,228
Midview High School Turf (11v11) (Midview High School),5/31/26,Sun,1:00 PM,6132,Midview,,Parma,,Boys,2011(U15),West 3,228
Midview High School Turf (11v11) (Midview High School),5/31/26,Sun,2:30 PM,10329,Midview   WH,,North Royalton,,Girls,2013(U13),West 4,228
Midview High School Turf (11v11) (Midview High School),6/7/26,Sun,12:00 PM,5213,Midview,,Amherst,,Boys,2013(U13),West 3,228
Midview Soccer Complex (Field B),4/15/26,Wed,6:30 PM,1302,Midview,,Parma,,Boys,2016(U10),West 7,89
Midview Soccer Complex (Field B),4/26/26,Sun,2:30 PM,1208,Midview,,Bay Village   TH,,Boys,2016(U10),West 5,89
Midview Soccer Complex (Field B),4/29/26,Wed,6:30 PM,1310,Midview,,Fairview Park   MZ,,Boys,2016(U10),West 7,89
Midview Soccer Complex (Field B),5/10/26,Sun,2:30 PM,1218,Midview,,Fairview Park   RS,,Boys,2016(U10),West 5,89
Midview Soccer Complex (Field B),5/12/26,Tue,6:30 PM,1212,Midview,,Bay Village   JK,,Boys,2016(U10),West 5,89
Midview Soccer Complex (Field B),5/17/26,Sun,2:30 PM,1221,Midview,,Avon   RL,,Boys,2016(U10),West 5,89
Midview Soccer Complex (Field B),6/1/26,Mon,6:30 PM,1318,Midview,,North Olmsted   WHT,,Boys,2016(U10),West 7,89
Midview Soccer Complex (Field D),5/17/26,Sun,2:30 PM,1315,Midview,,TUSA,,Boys,2016(U10),West 7,89
Midview Soccer Complex (Field F),4/12/26,Sun,5:30 PM,11301,Midview,2,Copley,2,Girls,2011(U15),4,89
Midview Soccer Complex (Field F),4/15/26,Wed,6:30 PM,11310,Midview,,North Royalton,,Girls,2011(U15),4,89
Midview Soccer Complex (Field F),4/19/26,Sun,5:30 PM,5219,Midview,4,Port Clinton,2,Boys,2013(U13),West 3,89
Midview Soccer Complex (Field F),4/20/26,Mon,6:30 PM,5201,Midview,,Strongsville,,Boys,2013(U13),West 3,89
Midview Soccer Complex (Field F),4/28/26,Tue,6:30 PM,11317,Midview,,Westlake   RN,,Girls,2011(U15),4,89
Midview Soccer Complex (Field F),4/30/26,Thu,6:30 PM,6115,Midview,,Brecksville Bees SA,,Boys,2011(U15),West 3,89
Midview Soccer Complex (Field F),5/11/26,Mon,6:30 PM,6123,Midview,,Rocky River   MRN,,Boys,2011(U15),West 3,89
Midview Soccer Complex (Field H),4/14/26,Tue,6:30 PM,14603,Midview,,Rocky River   MRN,,Girls,2015(U11),West 2,89
Midview Soccer Complex (Field H),4/19/26,Sun,2:30 PM,3404,Midview,,Fairview Park   BO,,Boys,2014(U12),West 5,89
Midview Soccer Complex (Field H),4/21/26,Tue,6:30 PM,14608,Midview,,Firelands,,Girls,2015(U11),West 2,89
Midview Soccer Complex (Field H),4/22/26,Wed,6:30 PM,3402,Midview,,Sandusky,,Boys,2014(U12),West 5,89
Midview Soccer Complex (Field H),5/10/26,Sun,1:00 PM,3417,Midview,,North Olmsted   BLK,,Boys,2014(U12),West 5,89
Midview Soccer Complex (Field H),5/31/26,Sun,1:00 PM,14625,Midview,,Avon Lake   GOLD,,Girls,2015(U11),West 2,89
Midview Soccer Complex (Field H),5/31/26,Sun,4:00 PM,3423,Midview,,Parma,,Boys,2014(U12),West 5,89
Midview Soccer Complex (Field H),6/7/26,Sun,2:30 PM,14628,Midview,,Westlake   BL,,Girls,2015(U11),West 2,89
Muhl Fields (447),4/19/26,Sun,2:30 PM,11610,Wadsworth,,New Philadelphia,,Girls,2016(U10),South 5,210
Muhl Fields (447),4/21/26,Tue,6:30 PM,12807,Wadsworth   LID,,Eagles Select   2018,,Boys,2017(U09),South 4,210
Muhl Fields (447),4/21/26,Tue,6:30 PM,12827,Wadsworth   HIL,,Highland   JC6,,Boys,2017(U09),South 4,210
Muhl Fields (447),4/26/26,Sun,2:30 PM,309,Wadsworth,,Eagles Select   2016,,Boys,2016(U10),South 3,210
Muhl Fields (447),4/28/26,Tue,6:30 PM,12814,Wadsworth   HIL,,Eagles Select   2018,,Boys,2017(U09),South 4,210
Muhl Fields (447),4/30/26,Thu,6:30 PM,311,Wadsworth,,Revere   RED,,Boys,2016(U10),South 3,210
Muhl Fields (447),5/10/26,Sun,5:30 PM,12824,Wadsworth   LID,,Wadsworth   HIL,,Boys,2017(U09),South 4,210
Muhl Fields (447),5/13/26,Wed,6:30 PM,306,Wadsworth,,Highland   BB1,,Boys,2016(U10),South 3,210
Muhl Fields (447),5/17/26,Sun,2:30 PM,12825,Wadsworth   LID,,Medina   U8Wh,,Boys,2017(U09),South 4,210
Muhl Fields (447),5/17/26,Sun,4:00 PM,11633,Wadsworth,,Akron Inner City,,Girls,2016(U10),South 5,210
Muhl Fields (447),5/19/26,Tue,6:30 PM,12804,Wadsworth   HIL,,Medina   U8Wh,,Boys,2017(U09),South 4,210
Muhl Fields (447),5/26/26,Tue,6:30 PM,11601,Wadsworth,,Green,,Girls,2016(U10),South 5,210
Muhl Fields (447),5/28/26,Thu,6:30 PM,316,Wadsworth,,Strongsville,,Boys,2016(U10),South 3,210
Muhl Fields (447),5/31/26,Sun,1:00 PM,12803,Wadsworth   LID,,North Royalton,,Boys,2017(U09),South 4,210
Muhl Fields (447),5/31/26,Sun,4:00 PM,12806,Wadsworth   HIL,,North Royalton,,Boys,2017(U09),South 4,210
Muhl Fields (448),4/22/26,Wed,6:30 PM,3912,Wadsworth,,Highland   JC5,,Boys,2014(U12),South 4,210
Muhl Fields (448),4/26/26,Sun,1:00 PM,2913,Wadsworth,,Jackson,,Boys,2015(U11),South 6,210
Muhl Fields (448),5/3/26,Sun,12:00 PM,3917,Wadsworth,,Buckeye,,Boys,2014(U12),South 4,210
Muhl Fields (448),5/3/26,Sun,2:30 PM,15602,Wadsworth,,North Canton,,Boys,2015(U11),2 South,210
Muhl Fields (448),5/3/26,Sun,4:00 PM,13417,Wadsworth,,Westlake   DK,,Boys,2014(U12),2,210
Muhl Fields (448),5/5/26,Tue,6:30 PM,9520,Wadsworth,,Louisville,,Girls,2014(U12),South 4,210
Muhl Fields (448),5/6/26,Wed,6:30 PM,2918,Wadsworth,,Dover,,Boys,2015(U11),South 6,210
Muhl Fields (448),5/10/26,Sun,11:30 AM,3921,Wadsworth,,Eagles Select   2014,,Boys,2014(U12),South 4,210
Muhl Fields (448),5/10/26,Sun,1:00 PM,2929,Wadsworth,,Highland   CM1,,Boys,2015(U11),South 6,210
Muhl Fields (448),5/10/26,Sun,4:00 PM,15617,Wadsworth,,Ashland,,Boys,2015(U11),2 South,210
Muhl Fields (448),5/10/26,Sun,5:30 PM,13421,Wadsworth,,Manchester,,Boys,2014(U12),2,210
Muhl Fields (448),5/14/26,Thu,6:30 PM,13412,Wadsworth,,Rocky River   MRN,,Boys,2014(U12),2,210
Muhl Fields (448),5/17/26,Sun,11:30 AM,2935,Wadsworth,,Perry (Stark),,Boys,2015(U11),South 6,210
Muhl Fields (448),5/17/26,Sun,5:30 PM,15604,Wadsworth,,Highland   DT4,,Boys,2015(U11),2 South,210
Muhl Fields (448),5/20/26,Wed,6:30 PM,13411,Lake Select SC   2014,,Westlake   DK,,Boys,2014(U12),2,210
Muhl Fields (448),5/21/26,Thu,6:30 PM,9528,Wadsworth,,Revere,,Girls,2014(U12),South 4,210
Muhl Fields (448),5/31/26,Sun,11:30 AM,13430,Wadsworth,,Lake Select SC   2014,,Boys,2014(U12),2,210
Muhl Fields (448),5/31/26,Sun,1:00 PM,3930,Wadsworth,,Northwest,,Boys,2014(U12),South 4,210
Muhl Fields (448),5/31/26,Sun,2:30 PM,15623,Wadsworth,,Medina   15Gr,,Boys,2015(U11),2 South,210
Muhl Fields (448),5/31/26,Sun,4:00 PM,9529,Wadsworth,,Cloverleaf   MS,,Girls,2014(U12),South 4,210
Muhl Fields (449),4/28/26,Tue,6:30 PM,11617,Wadsworth,,Revere   BLUE,,Girls,2016(U10),South 5,210
Muhl Fields (452  ),4/19/26,Sun,2:30 PM,5106,Wadsworth,,Perry (Stark),,Boys,2013(U13),South 3,210
Muhl Fields (452  ),4/24/26,Fri,6:30 PM,11108,Wadsworth,,Lakewood   G11G,,Girls,2011(U15),3,210
Muhl Fields (452  ),4/25/26,Sat,10:30 AM,11103,Wadsworth,,Sandusky,,Girls,2011(U15),3,210
Muhl Fields (452  ),4/25/26,Sat,4:00 PM,5104,Wadsworth,,Dover,,Boys,2013(U13),South 3,210
Muhl Fields (452  ),4/26/26,Sun,2:30 PM,10012,Wadsworth,,Cuyahoga Falls   GF,,Boys,2011(U15),South 4,210
Muhl Fields (452  ),4/30/26,Thu,6:30 PM,5114,Wadsworth,,Ashland,,Boys,2013(U13),South 3,210
Muhl Fields (452  ),5/5/26,Tue,6:00 PM,10017,Wadsworth,,Massillon   Org,,Boys,2011(U15),South 4,210
Muhl Fields (452  ),5/10/26,Sun,2:30 PM,10021,Wadsworth,,Mantua,,Boys,2011(U15),South 4,210
Muhl Fields (452  ),5/17/26,Sun,2:30 PM,5127,Wadsworth,,Tallmadge,,Boys,2013(U13),South 3,210
Muhl Fields (452  ),6/1/26,Mon,6:30 PM,11128,Wadsworth,,Buckeye,,Girls,2011(U15),3,210
Nathan Hale Park (Nathan Hale Park),4/12/26,Sun,2:30 PM,5302,Parma Hts,6,Norwalk HCYSC   ML,1,Boys,2013(U13),West 5,777
Nathan Hale Park (Nathan Hale Park),4/28/26,Tue,6:30 PM,5310,Parma Hts,,Lakewood   B13G,,Boys,2013(U13),West 5,777
Nathan Hale Park (Nathan Hale Park),5/17/26,Sun,2:30 PM,5315,Parma Hts,,Elyria,,Boys,2013(U13),West 5,777
Nathan Hale Park (Nathan Hale Park),5/31/26,Sun,2:30 PM,5318,Parma Hts,,Olmsted Falls   Gold,,Boys,2013(U13),West 5,777
Newbury Field 11v11 (Newbury Field),4/12/26,Sun,10:00 AM,10805,West Geauga,3,Shaker Hts.   BLK,1,Girls,2012(U14),2,739
Newbury Field 11v11 (Newbury Field),4/12/26,Sun,1:00 PM,4404,West Geauga,2,Aurora,7,Boys,2013(U13),East 3,739
Newbury Field 11v11 (Newbury Field),4/12/26,Sun,5:30 PM,6203,West Geauga,0,Highland   KW1,2,Boys,2011(U15),1,739
Newbury Field 11v11 (Newbury Field),4/19/26,Sun,10:00 AM,6209,West Geauga,,Hudson   KNAP,,Boys,2011(U15),1,739
Newbury Field 11v11 (Newbury Field),4/19/26,Sun,11:30 AM,4406,West Geauga,,Geauga Federation SC   GRN,,Boys,2013(U13),East 3,739
Newbury Field 11v11 (Newbury Field),4/26/26,Sun,1:00 PM,10410,West Geauga,,Aurora,,Girls,2013(U13),East 3,739
Newbury Field 11v11 (Newbury Field),4/26/26,Sun,2:30 PM,9808,West Geauga,,Solon United   Gold,,Girls,2013(U13),East 2,739
Newbury Field 11v11 (Newbury Field),4/26/26,Sun,5:30 PM,10811,West Geauga,,Parma,,Girls,2012(U14),2,739
Newbury Field 11v11 (Newbury Field),4/27/26,Mon,6:30 PM,4414,West Geauga,,North Royalton,,Boys,2013(U13),East 3,739
Newbury Field 11v11 (Newbury Field),4/30/26,Thu,6:30 PM,6220,West Geauga,,Solon United   Blue,,Boys,2011(U15),1,739
Newbury Field 11v11 (Newbury Field),5/3/26,Sun,4:00 PM,10420,West Geauga,,Solon United   Blue,,Girls,2013(U13),East 3,739
Newbury Field 11v11 (Newbury Field),5/3/26,Sun,5:30 PM,10822,West Geauga,,Strongsville,,Girls,2012(U14),2,739
Newbury Field 11v11 (Newbury Field),5/6/26,Wed,6:30 PM,6013,West Geauga,,Riverside,,Boys,2012(U14),2,739
Newbury Field 11v11 (Newbury Field),5/7/26,Thu,6:30 PM,4613,West Geauga,,Hudson   HARB,,Boys,2013(U13),2,739
Newbury Field 11v11 (Newbury Field),5/10/26,Sun,10:00 AM,9818,West Geauga,,Twinsburg,,Girls,2013(U13),East 2,739
Newbury Field 11v11 (Newbury Field),5/17/26,Sun,1:00 PM,6026,West Geauga,,Kent   BW,,Boys,2012(U14),2,739
Newbury Field 11v11 (Newbury Field),5/17/26,Sun,2:30 PM,10428,West Geauga,,Eastside Kickers,,Girls,2013(U13),East 3,739
Newbury Field 11v11 (Newbury Field),5/17/26,Sun,4:00 PM,4427,West Geauga,,Solon United   Blue,,Boys,2013(U13),East 3,739
Newbury Field 11v11 (Newbury Field),5/17/26,Sun,5:30 PM,9821,West Geauga,,Shaker Hts.   BLK,,Girls,2013(U13),East 2,739
Newbury Field 11v11 (Newbury Field),5/31/26,Sun,11:30 AM,10429,West Geauga,,Hudson   GREE,,Girls,2013(U13),East 3,739
Newbury Field 11v11 (Newbury Field),5/31/26,Sun,1:00 PM,6240,West Geauga,,Revere,,Boys,2011(U15),1,739
Newbury Field 11v11 (Newbury Field),5/31/26,Sun,2:30 PM,10837,West Geauga,,Revere   RED,,Girls,2012(U14),2,739
Newbury Field 11v11 (Newbury Field),5/31/26,Sun,4:00 PM,4605,West Geauga,,Westlake   JJ,,Boys,2013(U13),2,739
Newbury Field 11v11 (Newbury Field),5/31/26,Sun,5:30 PM,6031,West Geauga,,Sandusky,,Boys,2012(U14),2,739
Newbury Field 11v11 (Newbury Field),6/7/26,Sun,10:00 AM,6009,West Geauga,,Brecksville Bees SA,,Boys,2012(U14),2,739
Newbury Field 11v11 (Newbury Field),6/7/26,Sun,1:00 PM,4628,West Geauga,,Avon Lake   GOLD,,Boys,2013(U13),2,739
Newton Park (404),4/11/26,Sat,2:00 PM,14701,Barberton,3,Revere   BLUE,5,Boys,2016(U10),South 6,577
Newton Park (404),4/26/26,Sun,2:30 PM,14708,Barberton,,Copley   Blue,,Boys,2016(U10),South 6,577
Newton Park (404),4/28/26,Tue,6:30 PM,13115,Barberton,,Lake Select SC,,Boys,2017(U09),South 6,577
Newton Park (404),5/10/26,Sun,1:00 PM,14714,Barberton,,Northwest,,Boys,2016(U10),South 6,577
Newton Park (404),5/10/26,Sun,2:30 PM,13123,Barberton,,Norton,,Boys,2017(U09),South 6,577
Newton Park (404),5/16/26,Sat,11:30 AM,13108,Barberton,,Highland   BZ1,,Boys,2017(U09),South 6,577
Newton Park (404),5/27/26,Wed,6:00 PM,14719,Barberton,,PLX United,,Boys,2016(U10),South 6,577
Newton Park (404),5/31/26,Sun,2:30 PM,13132,Barberton,,Wooster,,Boys,2017(U09),South 6,577
Nordonia High School (Stadium),4/12/26,Sun,5:00 PM,4302,Nordonia,1,Shaker Hts.   RED,5,Boys,2013(U13),East 4,129
Nordonia High School (Stadium),4/12/26,Sun,6:30 PM,10403,Nordonia,2,Solon United   Blue,4,Girls,2013(U13),East 3,129
Nordonia High School (Stadium),4/19/26,Sun,2:30 PM,10407,Nordonia,7,West Geauga,3,Girls,2013(U13),East 3,129
Nordonia High School (Stadium),5/3/26,Sun,2:30 PM,4316,Nordonia,,Stow   Gold,,Boys,2013(U13),East 4,129
Nordonia High School (Stadium),5/10/26,Sun,2:30 PM,4321,Nordonia,,Twinsburg,,Boys,2013(U13),East 4,129
Nordonia High School (Stadium),5/17/26,Sun,9:00 AM,10425,Nordonia,,Aurora,,Girls,2013(U13),East 3,129
Nordonia High School (Stadium),5/17/26,Sun,11:30 AM,13324,Nordonia,,Shaker Hts.   RED,,Boys,2011(U15),East 4,129
Nordonia High School (Stadium),5/26/26,Tue,7:00 PM,13304,Nordonia,,Aurora,,Boys,2011(U15),East 4,129
Nordonia High School (Stadium),5/31/26,Sun,2:30 PM,13327,Nordonia,,Eastlake,,Boys,2011(U15),East 4,129
Nordonia Middle School (Grass field ),4/21/26,Tue,6:30 PM,4307,Nordonia,,Mantua,,Boys,2013(U13),East 4,235
Nordonia Middle School (Grass field ),4/22/26,Wed,6:30 PM,13309,Nordonia,,Streetsboro,,Boys,2011(U15),East 4,235
Nordonia Middle School (Grass field ),4/27/26,Mon,6:30 PM,10424,Nordonia,,NP Aurora,,Girls,2013(U13),East 3,235
North Larwrence Township Park (7v7),4/12/26,Sun,11:00 AM,11602,Mustangs Jr,0,Revere   BLUE,3,Girls,2016(U10),South 5,627
North Larwrence Township Park (7v7),4/19/26,Sun,1:00 PM,15013,Mustangs Jr,6,Copley,1,Girls,2016(U10),South 3,627
North Larwrence Township Park (7v7),4/19/26,Sun,2:30 PM,11608,Mustangs Jr,5,Tallmadge,0,Girls,2016(U10),South 5,627
North Larwrence Township Park (7v7),4/21/26,Tue,6:30 PM,15005,Mustangs Jr,,Highland   JM1,,Girls,2016(U10),South 3,627
North Larwrence Township Park (7v7),4/29/26,Wed,6:30 PM,15009,Mustangs Jr,,North Royalton,,Girls,2016(U10),South 3,627
North Larwrence Township Park (7v7),5/3/26,Sun,6:00 PM,11624,Mustangs Jr,,PLX United,,Girls,2016(U10),South 5,627
North Larwrence Township Park (7v7),5/31/26,Sun,12:30 PM,15017,Mustangs Jr,,Medina   16GR,,Girls,2016(U10),South 3,627
North Larwrence Township Park (7v7),5/31/26,Sun,2:30 PM,11639,Mustangs Jr,,Wadsworth,,Girls,2016(U10),South 5,627
North Lawrence Township Park (11v11 field),4/12/26,Sun,2:30 PM,11401,Mustangs Jr,1,Eastlake,3,Girls,2011(U15),5,598
North Lawrence Township Park (11v11 field),4/19/26,Sun,2:30 PM,11405,Mustangs Jr,3,Geneva   11G,2,Girls,2011(U15),5,598
North Lawrence Township Park (11v11 field),4/26/26,Sun,1:00 PM,10009,Mustangs Jr,,Barberton,,Boys,2011(U15),South 4,598
North Lawrence Township Park (11v11 field),4/28/26,Tue,6:30 PM,10013,Mustangs Jr,,Cloverleaf,,Boys,2011(U15),South 4,598
North Lawrence Township Park (11v11 field),4/29/26,Wed,6:30 PM,11416,Mustangs Jr,,Louisville,,Girls,2011(U15),5,598
North Lawrence Township Park (11v11 field),4/30/26,Thu,6:30 PM,5012,Mustangs Jr,,Highland   CM6,,Boys,2013(U13),South 4,598
North Lawrence Township Park (11v11 field),5/3/26,Sun,2:30 PM,11419,Mustangs Jr,,Cloverleaf,,Girls,2011(U15),5,598
North Lawrence Township Park (11v11 field),5/10/26,Sun,4:00 PM,5018,Mustangs Jr,,PLX United,,Boys,2013(U13),South 4,598
North Lawrence Township Park (11v11 field),5/17/26,Sun,4:00 PM,5021,Mustangs Jr,,Barberton,,Boys,2013(U13),South 4,598
North Lawrence Township Park (11v11 field),5/17/26,Sun,5:30 PM,10026,Mustangs Jr,,Wadsworth,,Boys,2011(U15),South 4,598
North Lawrence Township Park (11v11 field),5/31/26,Sun,4:00 PM,10031,Mustangs Jr,,Cuyahoga Falls   GF,,Boys,2011(U15),South 4,598
North Lawrence Township Park (9v9),4/26/26,Sun,2:30 PM,9010,Mustangs Jr,,North Canton,,Girls,2014(U12),South 5,626
North Lawrence Township Park (9v9),4/29/26,Wed,6:30 PM,9015,Mustangs Jr,,Dover,,Girls,2014(U12),South 5,626
North Lawrence Township Park (9v9),5/17/26,Sun,2:30 PM,9023,Mustangs Jr,,Medina   14GR,,Girls,2014(U12),South 5,626
North Lawrence Township Park (9v9),5/31/26,Sun,2:30 PM,9026,Mustangs Jr,,Cloverleaf   MVM,,Girls,2014(U12),South 5,626
North Park (9v9),4/12/26,Sun,1:00 PM,3504,North Canton,2,Wooster,1,Boys,2014(U12),South 5,778
North Park (9v9),4/12/26,Sun,5:30 PM,15615,North Canton,4,Wadsworth,2,Boys,2015(U11),2 South,778
North Ridgeville High School  (North Ridgeville HS Turf ),4/12/26,Sun,2:30 PM,11404,North Ridgeville,1,Cloverleaf,0,Girls,2011(U15),5,724
North Ridgeville High School  (North Ridgeville HS Turf ),4/19/26,Sun,4:00 PM,6522,North Ridgeville,1,Green,4,Boys,2011(U15),2,724
North Ridgeville High School  (North Ridgeville HS Turf ),4/19/26,Sun,5:30 PM,11406,North Ridgeville,1,Dover,2,Girls,2011(U15),5,724
North Ridgeville High School  (North Ridgeville HS Turf ),4/26/26,Sun,10:00 AM,4512,North Ridgeville,,Bay Village   TH,,Boys,2013(U13),West 4,724
North Ridgeville High School  (North Ridgeville HS Turf ),4/26/26,Sun,2:30 PM,6515,North Ridgeville,,Westlake   GL,,Boys,2011(U15),2,724
North Ridgeville High School  (North Ridgeville HS Turf ),4/26/26,Sun,6:30 PM,10208,North Ridgeville,,Rocky River   WHT,,Girls,2013(U13),West 3,724
North Ridgeville High School  (North Ridgeville HS Turf ),5/3/26,Sun,9:00 AM,4517,North Ridgeville,,Brecksville Bees SA,,Boys,2013(U13),West 4,724
North Ridgeville High School  (North Ridgeville HS Turf ),5/3/26,Sun,2:30 PM,10212,North Ridgeville,,Independence,,Girls,2013(U13),West 3,724
North Ridgeville High School  (North Ridgeville HS Turf ),5/3/26,Sun,5:30 PM,5417,North Ridgeville,,Norwalk HCYSC   TP,,Boys,2012(U14),West 3,724
North Ridgeville High School  (North Ridgeville HS Turf ),5/10/26,Sun,1:00 PM,10218,North Ridgeville,,Olmsted Falls   Gold,,Girls,2013(U13),West 3,724
North Ridgeville High School  (North Ridgeville HS Turf ),5/10/26,Sun,4:00 PM,5421,North Ridgeville,,North Olmsted   BLK,,Boys,2012(U14),West 3,724
North Ridgeville High School  (North Ridgeville HS Turf ),5/10/26,Sun,5:30 PM,4521,North Ridgeville,,Avon Lake   MRN,,Boys,2013(U13),West 4,724
North Ridgeville High School  (North Ridgeville HS Turf ),5/16/26,Sat,1:00 PM,11414,North Ridgeville,,Eastlake,,Girls,2011(U15),5,724
North Ridgeville High School  (North Ridgeville HS Turf ),5/17/26,Sun,10:00 AM,10221,North Ridgeville,,Olmsted Falls   Blue,,Girls,2013(U13),West 3,724
North Ridgeville High School  (North Ridgeville HS Turf ),5/17/26,Sun,11:30 AM,6541,North Ridgeville,,Bay Village   GF,,Boys,2011(U15),2,724
North Ridgeville High School  (North Ridgeville HS Turf ),5/17/26,Sun,5:30 PM,11427,North Ridgeville,,Mustangs Jr,,Girls,2011(U15),5,724
North Ridgeville High School  (North Ridgeville HS Turf ),5/31/26,Sun,11:30 AM,5430,North Ridgeville,,Lakewood   B12P,,Boys,2012(U14),West 3,724
North Ridgeville High School  (North Ridgeville HS Turf ),5/31/26,Sun,4:00 PM,6546,North Ridgeville,,Akron Inner City,,Boys,2011(U15),2,724
North Ridgeville High School  (North Ridgeville HS Turf ),5/31/26,Sun,5:30 PM,4530,North Ridgeville,,Westlake   JM,,Boys,2013(U13),West 4,724
North Royalton HS Serpentini Soccer Field (Serpintini Stadium),4/12/26,Sun,4:00 PM,10301,North Royalton,1,Midview   WH,1,Girls,2013(U13),West 4,263
North Royalton HS Serpentini Soccer Field (Serpintini Stadium),4/12/26,Sun,5:30 PM,15303,North Royalton,2,Jackson,2,Girls,2013(U13),South 2,263
North Royalton HS Serpentini Soccer Field (Serpintini Stadium),5/29/26,Fri,6:30 PM,8906,North Royalton   15P,,Shaker Hts.   BLK,,Girls,2014(U12),1,263
North Royalton Memorial Park Soccer Field (Memorial Park),5/3/26,Sun,5:30 PM,4715,North Royalton,,Eastside Kickers,,Boys,2013(U13),East 5,262
North Royalton Memorial Park Soccer Field (Memorial Park),5/4/26,Mon,7:15 PM,11318,North Royalton,,Mayfield   DS,,Girls,2011(U15),4,262
North Royalton Memorial Park Soccer Field (Memorial Park),5/22/26,Fri,6:30 PM,15305,North Royalton,,Medina   14GN,,Girls,2013(U13),South 2,262
Northgate Park (7v7),4/22/26,Wed,6:30 PM,706,Avon   JD,,Avon Lake,,Boys,2016(U10),West 6,368
Northgate Park (7v7),4/30/26,Thu,6:30 PM,1211,Avon   RL,,Bay Village   TH,,Boys,2016(U10),West 5,368
Northgate Park (7v7),5/6/26,Wed,6:30 PM,14309,Avon   DB,,Highland   NF4,,Boys,2017(U09),1,368
Northwest Middle School Fields (Dr. Martin Smilek Stadium),4/12/26,Sun,1:00 PM,5503,Northwest,0,Cuyahoga Falls   BF,1,Boys,2012(U14),South 3,595
Northwest Middle School Fields (Dr. Martin Smilek Stadium),4/12/26,Sun,4:00 PM,10904,Northwest,0,Perry (Stark),1,Girls,2012(U14),4,595
Northwest Middle School Fields (Dr. Martin Smilek Stadium),4/19/26,Sun,1:00 PM,5505,Northwest,5,Manchester,1,Boys,2012(U14),South 3,595
Northwest Middle School Fields (Dr. Martin Smilek Stadium),4/19/26,Sun,4:00 PM,10906,Northwest,0,Streetsboro,3,Girls,2012(U14),4,595
Northwest Middle School Fields (Dr. Martin Smilek Stadium),4/28/26,Tue,6:30 PM,10914,Northwest,,Orange,,Girls,2012(U14),4,595
Northwest Middle School Fields (Dr. Martin Smilek Stadium),5/3/26,Sun,11:30 AM,5514,Northwest,,Highland   DG1,,Boys,2012(U14),South 3,595
Northwest Middle School Fields (Northwest Middle School Grass Field),4/12/26,Sun,2:30 PM,3902,Northwest,1,Wadsworth,6,Boys,2014(U12),South 4,595
Northwest Middle School Fields (Northwest Middle School Grass Field),4/19/26,Sun,2:30 PM,14704,Northwest,4,Barberton,2,Boys,2016(U10),South 6,595
Northwest Middle School Fields (Northwest Middle School Grass Field),4/26/26,Sun,12:00 PM,3911,Northwest,,Buckeye,,Boys,2014(U12),South 4,595
Northwest Middle School Fields (Northwest Middle School Grass Field),4/26/26,Sun,1:00 PM,14707,Northwest,,PLX United,,Boys,2016(U10),South 6,595
Northwest Middle School Fields (Northwest Middle School Grass Field),4/26/26,Sun,2:30 PM,13110,Northwest,,Barberton,,Boys,2017(U09),South 6,595
Northwest Middle School Fields (Northwest Middle School Grass Field),5/3/26,Sun,1:00 PM,14712,Northwest,,Copley   Blue,,Boys,2016(U10),South 6,595
Northwest Middle School Fields (Northwest Middle School Grass Field),5/3/26,Sun,2:30 PM,13120,Northwest,,Norton,,Boys,2017(U09),South 6,595
Northwest Middle School Fields (Northwest Middle School Grass Field),5/3/26,Sun,4:00 PM,3918,Northwest,,Highland   JC5,,Boys,2014(U12),South 4,595
Northwest Middle School Fields (Northwest Middle School Grass Field),5/9/26,Sat,11:30 AM,13128,Northwest,,Highland   BZ1,,Boys,2017(U09),South 6,595
Northwest Middle School Fields (Northwest Middle School Grass Field),5/10/26,Sun,2:30 PM,3922,Northwest,,Copley   Blue,,Boys,2014(U12),South 4,595
Northwest Middle School Fields (Northwest Middle School Grass Field),5/16/26,Sat,1:00 PM,14716,Northwest,,Revere   BLUE,,Boys,2016(U10),South 6,595
Northwest Middle School Fields (Northwest Middle School Grass Field),5/17/26,Sun,12:00 PM,10927,Northwest,,Highland   DN1,,Girls,2012(U14),4,595
Northwest Middle School Fields (Northwest Middle School Grass Field),5/26/26,Tue,6:00 PM,13129,Northwest,,North Canton,,Boys,2017(U09),South 6,595
Northwest Middle School Fields (Northwest Middle School Grass Field),6/3/26,Wed,6:00 PM,5522,Northwest,,Broadview Hts.,,Boys,2012(U14),South 3,595
Norton Stadium (Turf)  (High School Stadium Turf ),4/13/26,Mon,6:30 PM,4803,Norton,2,Kenston,2,Boys,2013(U13),1,671
Norton Stadium (Turf)  (High School Stadium Turf ),5/1/26,Fri,6:30 PM,4824,Norton,,Green,,Boys,2013(U13),1,671
Norton Stadium (Turf)  (High School Stadium Turf ),5/15/26,Fri,6:30 PM,4807,Norton,,Westlake   WV,,Boys,2013(U13),1,671
Norton Stadium (Turf)  (High School Stadium Turf ),5/18/26,Mon,6:00 PM,4825,Norton,,Olmsted Falls   Blue,,Boys,2013(U13),1,671
Oakleaf Community Park (Field 1: Bottom),4/12/26,Sun,11:30 AM,11801,Norton,6,Brecksville Bees SA   R,1,Girls,2017(U09),South 3,583
Oakleaf Community Park (Field 1: Bottom),4/26/26,Sun,2:30 PM,13109,Norton,,North Canton,,Boys,2017(U09),South 6,583
Oakleaf Community Park (Field 1: Bottom),4/26/26,Sun,6:00 PM,14314,Norton,,Hudson   PEIG,,Boys,2017(U09),1,583
Oakleaf Community Park (Field 1: Bottom),4/28/26,Tue,6:30 PM,11816,Norton,,Manchester,,Girls,2017(U09),South 3,583
Oakleaf Community Park (Field 1: Bottom),4/29/26,Wed,6:30 PM,13113,Norton,,Highland   BZ1,,Boys,2017(U09),South 6,583
Oakleaf Community Park (Field 1: Bottom),5/3/26,Sun,11:30 AM,14323,Norton,,Westlake,,Boys,2017(U09),1,583
Oakleaf Community Park (Field 1: Bottom),5/3/26,Sun,6:30 PM,11819,Norton,,Ashland,,Girls,2017(U09),South 3,583
Oakleaf Community Park (Field 1: Bottom),5/10/26,Sun,2:30 PM,14325,Norton,,Mayfield   SR,,Boys,2017(U09),1,583
Oakleaf Community Park (Field 1: Bottom),5/17/26,Sun,1:00 PM,14332,Norton,,Medina   U9Gr,,Boys,2017(U09),1,583
Oakleaf Community Park (Field 1: Bottom),5/17/26,Sun,2:30 PM,13126,Norton,,Lake Select SC,,Boys,2017(U09),South 6,583
Oakleaf Community Park (Field 1: Bottom),5/29/26,Fri,6:00 PM,11805,Norton,,Highland   EM4,,Girls,2017(U09),South 3,583
Oakleaf Community Park (Field 1: Bottom),5/31/26,Sun,2:30 PM,13131,Norton,,New Philadelphia,,Boys,2017(U09),South 6,583
Oakleaf Community Park (Field 3: Top Left),4/12/26,Sun,1:00 PM,2904,Norton,1,Wadsworth,5,Boys,2015(U11),South 6,583
Oakleaf Community Park (Field 3: Top Left),4/19/26,Sun,2:30 PM,2606,Norton   Jksn,1,Lake Select SC   2015,1,Boys,2015(U11),South 3,583
Oakleaf Community Park (Field 3: Top Left),4/19/26,Sun,4:00 PM,2906,Norton,0,Dover,4,Boys,2015(U11),South 6,583
Oakleaf Community Park (Field 3: Top Left),4/22/26,Wed,6:00 PM,7605,Norton,,Revere   RED,,Girls,2015(U11),South 3,583
Oakleaf Community Park (Field 3: Top Left),4/26/26,Sun,4:00 PM,2611,Norton   Jksn,,Highland   KW3,,Boys,2015(U11),South 3,583
Oakleaf Community Park (Field 3: Top Left),4/28/26,Tue,6:30 PM,2916,Norton,,Highland   CM1,,Boys,2015(U11),South 6,583
Oakleaf Community Park (Field 3: Top Left),4/29/26,Wed,6:30 PM,7616,Norton,,Lake Select SC   2015,,Girls,2015(U11),South 3,583
Oakleaf Community Park (Field 3: Top Left),4/30/26,Thu,6:30 PM,2614,Norton   Jksn,,Broadview Hts.,,Boys,2015(U11),South 3,583
Oakleaf Community Park (Field 3: Top Left),5/1/26,Fri,6:30 PM,4009,Norton,,Dover,,Boys,2014(U12),South 3,583
Oakleaf Community Park (Field 3: Top Left),5/3/26,Sun,1:00 PM,7619,Norton,,Jackson,,Girls,2015(U11),South 3,583
Oakleaf Community Park (Field 3: Top Left),5/3/26,Sun,4:00 PM,2618,Norton   Jksn,,North Royalton,,Boys,2015(U11),South 3,583
Oakleaf Community Park (Field 3: Top Left),5/6/26,Wed,6:30 PM,7601,Norton,,Revere   BLUE,,Girls,2015(U11),South 3,583
Oakleaf Community Park (Field 3: Top Left),5/10/26,Sun,1:00 PM,2927,Norton,,Manchester,,Boys,2015(U11),South 6,583
Oakleaf Community Park (Field 3: Top Left),5/10/26,Sun,4:00 PM,4013,Norton,,Medina   14Wh,,Boys,2014(U12),South 3,583
Oakleaf Community Park (Field 3: Top Left),5/12/26,Tue,6:30 PM,4005,Norton,,Copley   Gold,,Boys,2014(U12),South 3,583
Oakleaf Community Park (Field 3: Top Left),5/31/26,Sun,5:30 PM,4017,Norton,,Cuyahoga Falls   JH,,Boys,2014(U12),South 3,583
Oberland Park (11v11 - Field 4),4/26/26,Sun,11:30 AM,5809,Geauga Federation SC,,Chagrin Falls   Orng,,Boys,2012(U14),East 3,90
Oberland Park (11v11 - Field 4),4/26/26,Sun,2:30 PM,4409,Geauga Federation SC   GRN,,Solon United   Blue,,Boys,2013(U13),East 3,90
Oberland Park (11v11 - Field 4),4/26/26,Sun,4:00 PM,6411,Geauga Federation SC,,Madison,,Boys,2011(U15),East 3,90
Oberland Park (11v11 - Field 4),4/28/26,Tue,6:30 PM,5811,Geauga Federation SC,,Solon United   Blue,,Boys,2012(U14),East 3,90
Oberland Park (11v11 - Field 4),4/30/26,Thu,6:30 PM,4413,Geauga Federation SC   GRN,,Broadview Hts.,,Boys,2013(U13),East 3,90
Oberland Park (11v11 - Field 4),5/3/26,Sun,4:00 PM,11122,Geauga Federation SC,,Medina   12GN,,Girls,2011(U15),3,90
Oberland Park (11v11 - Field 4),5/3/26,Sun,5:30 PM,6418,Geauga Federation SC,,Hudson   NEGR,,Boys,2011(U15),East 3,90
Oberland Park (11v11 - Field 4),5/9/26,Sat,4:30 PM,10508,Geauga Federation SC,,Amherst,,Girls,2012(U14),3,90
Oberland Park (11v11 - Field 4),5/9/26,Sat,5:30 PM,6406,Geauga Federation SC,,Mayfield   RP15,,Boys,2011(U15),East 3,90
Oberland Park (11v11 - Field 4),5/10/26,Sun,4:00 PM,5816,Geauga Federation SC,,Willoughby,,Boys,2012(U14),East 3,90
Oberland Park (11v11 - Field 4),5/10/26,Sun,4:00 PM,11120,Geauga Federation SC,,Sandusky,,Girls,2011(U15),3,90
Oberland Park (11v11 - Field 4),5/17/26,Sun,12:00 PM,5806,Geauga Federation SC,,Wickliffe,,Boys,2012(U14),East 3,90
Oberland Park (11v11 - Field 4),5/17/26,Sun,1:00 PM,10503,Geauga Federation SC,,Madison,,Girls,2012(U14),3,90
Oberland Park (11v11 - Field 4),5/17/26,Sun,5:30 PM,4426,Geauga Federation SC   GRN,,Independence,,Boys,2013(U13),East 3,90
Oberland Park (11v11 - Field 4),5/28/26,Thu,6:00 PM,10528,Geauga Federation SC,,Chagrin Falls,,Girls,2012(U14),3,90
Oberland Park (11v11 - Field 4),5/30/26,Sat,1:00 PM,11101,Geauga Federation SC,,Lakewood   G11G,,Girls,2011(U15),3,90
Oberland Park (11v11 - Field 4),5/31/26,Sun,11:30 AM,10525,Geauga Federation SC,,Fairview Park,,Girls,2012(U14),3,90
Oberland Park (11v11 - Field 4),5/31/26,Sun,5:00 PM,4431,Geauga Federation SC   GRN,,Riverside   CT,,Boys,2013(U13),East 3,90
Oberland Park (11v11 - Field 4),6/4/26,Thu,6:30 PM,6414,Geauga Federation SC,,Geneva   11B,,Boys,2011(U15),East 3,90
Oberland Park (11v11 - Field 4),6/7/26,Sun,1:00 PM,11105,Geauga Federation SC,,North Olmsted,,Girls,2011(U15),3,90
Oberland Park (7-7 Field 2),4/26/26,Sun,2:30 PM,412,Geauga Federation SC,,Streetsboro,,Boys,2016(U10),East 4,90
Oberland Park (7-7 Field 2),4/30/26,Thu,6:30 PM,12917,Geauga Federation SC,,Kenston   Whit,,Boys,2017(U09),East 5,90
Oberland Park (7-7 Field 2),5/3/26,Sun,12:00 PM,7002,Geauga Federation SC,,Riverside,,Girls,2016(U10),East 4,90
Oberland Park (7-7 Field 2),5/3/26,Sun,5:00 PM,417,Geauga Federation SC,,Wickliffe,,Boys,2016(U10),East 4,90
Oberland Park (7-7 Field 2),5/10/26,Sun,11:30 AM,7017,Geauga Federation SC,,Shaker Hts.   RED,,Girls,2016(U10),East 4,90
Oberland Park (7-7 Field 2),5/10/26,Sun,1:00 PM,12633,Geauga Federation SC,,Brecksville Bees SA   Y,,Boys,2017(U09),East 4,90
Oberland Park (7-7 Field 2),5/10/26,Sun,4:00 PM,421,Geauga Federation SC,,Hudson   CORV,,Boys,2016(U10),East 4,90
Oberland Park (7-7 Field 2),5/10/26,Sun,5:00 PM,12424,Geauga Federation SC,,Hudson   KENN,,Girls,2017(U09),East 5,90
Oberland Park (7-7 Field 2),5/15/26,Fri,6:30 PM,12910,Geauga Federation SC,,Riverside   AM,,Boys,2017(U09),East 5,90
Oberland Park (7-7 Field 2),5/17/26,Sun,1:00 PM,12639,Geauga Federation SC,,Hudson   KENN,,Boys,2017(U09),East 4,90
Oberland Park (7-7 Field 2),5/17/26,Sun,4:00 PM,12933,Geauga Federation SC,,Geneva   17B,,Boys,2017(U09),East 5,90
Oberland Park (7-7 Field 2),5/17/26,Sun,4:30 PM,7004,Geauga Federation SC,,Mentor,,Girls,2016(U10),East 4,90
Oberland Park (7-7 Field 2),5/17/26,Sun,6:00 PM,12425,Geauga Federation SC,,West Geauga,,Girls,2017(U09),East 5,90
Oberland Park (7-7 Field 2),5/20/26,Wed,6:30 PM,12601,Geauga Federation SC,,Shaker Hts.   U8 B,,Boys,2017(U09),East 4,90
Oberland Park (7-7 Field 2),5/21/26,Thu,6:30 PM,12403,Geauga Federation SC,,Stow   Gray,,Girls,2017(U09),East 5,90
Oberland Park (7-7 Field 2),5/27/26,Wed,6:30 PM,12901,Geauga Federation SC,,Shaker Hts.   SILV,,Boys,2017(U09),East 5,90
Oberland Park (7-7 Field 2),5/27/26,Wed,6:30 PM,12407,Geauga Federation SC,,Shaker Hts.   WHT,,Girls,2017(U09),East 5,90
Oberland Park (7-7 Field 2),5/29/26,Fri,6:30 PM,430,Geauga Federation SC,,Euclid,,Boys,2016(U10),East 4,90
Oberland Park (7-7 Field 2),5/31/26,Sun,2:30 PM,12644,Geauga Federation SC,,North Royalton,,Boys,2017(U09),East 4,90
Oberland Park (7-7 Field 2),5/31/26,Sun,4:00 PM,7023,Geauga Federation SC,,Orange,,Girls,2016(U10),East 4,90
Oberland Park (7v7 - Field 5),4/26/26,Sun,3:00 PM,12914,Stow   Gray,,Geauga Federation SC,,Boys,2017(U09),East 5,90
Oberland Park (9v9 - Field 1),4/26/26,Sun,1:00 PM,2709,Geauga Federation SC   BLK,,Eastside Kickers,,Boys,2015(U11),East 5,90
Oberland Park (9v9 - Field 1),4/26/26,Sun,5:00 PM,9411,Geauga Federation SC,,Euclid,,Girls,2014(U12),2,90
Oberland Park (9v9 - Field 1),4/26/26,Sun,6:30 PM,3012,Geauga Federation SC   GRN,,Firelands,,Boys,2015(U11),2,90
Oberland Park (9v9 - Field 1),4/27/26,Mon,6:30 PM,3712,Geauga Federation SC,,Kent   BW,,Boys,2014(U12),East 2,90
Oberland Park (9v9 - Field 1),5/3/26,Sun,11:30 AM,9422,Geauga Federation SC,,Chagrin Falls,,Girls,2014(U12),2,90
Oberland Park (9v9 - Field 1),5/3/26,Sun,2:30 PM,3017,Geauga Federation SC   GRN,,Hudson   SATT,,Boys,2015(U11),2,90
Oberland Park (9v9 - Field 1),5/3/26,Sun,4:00 PM,3717,Geauga Federation SC,,North Royalton,,Boys,2014(U12),East 2,90
Oberland Park (9v9 - Field 1),5/9/26,Sat,11:30 AM,2713,Geauga Federation SC   BLK,,Brecksville Bees SA   Y,,Boys,2015(U11),East 5,90
Oberland Park (9v9 - Field 1),5/10/26,Sun,5:30 PM,3021,Geauga Federation SC   GRN,,Wickliffe,,Boys,2015(U11),2,90
Oberland Park (9v9 - Field 1),5/11/26,Mon,7:00 PM,3721,Geauga Federation SC,,Stow   Mar,,Boys,2014(U12),East 2,90
Oberland Park (9v9 - Field 1),5/17/26,Sun,4:00 PM,2726,Geauga Federation SC   BLK,,Madison,,Boys,2015(U11),East 5,90
Oberland Park (9v9 - Field 1),5/19/26,Tue,6:30 PM,9405,Geauga Federation SC,,Bay Village   KB,,Girls,2014(U12),2,90
Oberland Park (9v9 - Field 1),5/31/26,Sun,1:00 PM,9437,Geauga Federation SC,,Jackson,,Girls,2014(U12),2,90
Oberland Park (9v9 - Field 1),5/31/26,Sun,2:30 PM,3730,Geauga Federation SC,,Aurora,,Boys,2014(U12),East 2,90
Oberland Park (9v9 - Field 1),5/31/26,Sun,4:00 PM,2731,Geauga Federation SC   BLK,,Willoughby,,Boys,2015(U11),East 5,90
Oberland Park (9v9 - Field 1),5/31/26,Sun,5:30 PM,3030,Geauga Federation SC   GRN,,Westlake   AM,,Boys,2015(U11),2,90
Oberland Park (9v9 - Field 1),6/4/26,Thu,6:30 PM,3026,Stow   Mar,,Geauga Federation SC   GRN,,Boys,2015(U11),2,90
Olmsted Falls High School Stadium (11v11),4/12/26,Sun,5:30 PM,6502,Olmsted Falls   Blue,0,Twinsburg,3,Boys,2011(U15),2,257
Olmsted Falls High School Stadium (11v11),5/3/26,Sun,4:00 PM,5616,Olmsted Falls   Blue,,Amherst,,Boys,2012(U14),1,257
Olmsted Falls High School Stadium (11v11),5/3/26,Sun,6:30 PM,10215,Olmsted Falls   Gold,,Rocky River   WHT,,Girls,2013(U13),West 3,257
Olmsted Falls High School Stadium (11v11),5/17/26,Sun,5:30 PM,10220,Olmsted Falls   Gold,,Independence,,Girls,2013(U13),West 3,257
Olmsted Falls High School Stadium (11v11),6/7/26,Sun,1:00 PM,5319,Olmsted Falls   Gold,,Elyria,,Boys,2013(U13),West 5,257
Orange - Brady Middle School 7v7 Fields  (7v7 Field 1 B3 Top of Hill - ),4/12/26,Sun,5:00 PM,1601,Orange,,Twinsburg   Whte,,Boys,2016(U10),East 3,258
Orange - Brady Middle School 7v7 Fields  (7v7 Field 1 B3 Top of Hill - ),4/19/26,Sun,11:30 AM,7006,Orange,6,Eastside Kickers,3,Girls,2016(U10),East 4,258
Orange - Brady Middle School 7v7 Fields  (7v7 Field 1 B3 Top of Hill - ),4/19/26,Sun,1:00 PM,13207,Orange,1,Cuyahoga Falls   TG,6,Boys,2017(U09),East 6,258
Orange - Brady Middle School 7v7 Fields  (7v7 Field 1 B3 Top of Hill - ),4/19/26,Sun,4:00 PM,1605,Orange,5,North Royalton,0,Boys,2016(U10),East 3,258
Orange - Brady Middle School 7v7 Fields  (7v7 Field 1 B3 Top of Hill - ),4/26/26,Sun,1:00 PM,7009,Orange,,Riverside,,Girls,2016(U10),East 4,258
Orange - Brady Middle School 7v7 Fields  (7v7 Field 1 B3 Top of Hill - ),4/26/26,Sun,2:30 PM,11909,Orange,,Stow   Gold,,Girls,2017(U09),East 4 E,258
Orange - Brady Middle School 7v7 Fields  (7v7 Field 1 B3 Top of Hill - ),4/28/26,Tue,6:30 PM,11911,Orange,,Mentor   Gray,,Girls,2017(U09),East 4 E,258
Orange - Brady Middle School 7v7 Fields  (7v7 Field 1 B3 Top of Hill - ),4/29/26,Wed,6:30 PM,1616,Orange,,Aurora,,Boys,2016(U10),East 3,258
Orange - Brady Middle School 7v7 Fields  (7v7 Field 1 B3 Top of Hill - ),4/30/26,Thu,6:30 PM,7011,Orange,,Geauga Federation SC,,Girls,2016(U10),East 4,258
Orange - Brady Middle School 7v7 Fields  (7v7 Field 1 B3 Top of Hill - ),5/3/26,Sun,5:00 PM,1619,Orange,,Shaker Hts.   RED,,Boys,2016(U10),East 3,258
Orange - Brady Middle School 7v7 Fields  (7v7 Field 1 B3 Top of Hill - ),5/5/26,Tue,6:30 PM,13209,Orange,,Stow   Whit,,Boys,2017(U09),East 6,258
Orange - Brady Middle School 7v7 Fields  (7v7 Field 1 B3 Top of Hill - ),5/10/26,Sun,4:00 PM,7016,Orange,,Mentor,,Girls,2016(U10),East 4,258
Orange - Brady Middle School 7v7 Fields  (7v7 Field 1 B3 Top of Hill - ),5/10/26,Sun,5:30 PM,11916,Orange,,Solon United   Gold,,Girls,2017(U09),East 4 E,258
Orange - Brady Middle School 7v7 Fields  (7v7 Field 1 B3 Top of Hill - ),5/22/26,Fri,6:30 PM,11906,Orange,,Aurora,,Girls,2017(U09),East 4 E,258
Orange - Brady Middle School 7v7 Fields  (7v7 Field 1 B3 Top of Hill - ),5/31/26,Sun,5:00 PM,13236,Orange,,Twinsburg,,Boys,2017(U09),East 6,258
Orange - Brady Middle School B4 9v9 Field - Upper Left Corner  (Brady Middle School),4/17/26,Fri,6:30 PM,1708,Orange,5,Brunswick   RYL,2,Boys,2015(U11),1,264
Orange - Brady Middle School B4 9v9 Field - Upper Left Corner  (Brady Middle School),4/19/26,Sun,5:30 PM,2708,Orange,,Brecksville Bees SA   Y,,Boys,2015(U11),East 5,264
Orange - Brady Middle School B4 9v9 Field - Upper Left Corner  (Brady Middle School),4/26/26,Sun,1:00 PM,9112,Orange,,Kent   TS,,Girls,2014(U12),East 4,264
Orange - Brady Middle School B4 9v9 Field - Upper Left Corner  (Brady Middle School),4/27/26,Mon,6:30 PM,1712,Orange,,Strongsville,,Boys,2015(U11),1,264
Orange - Brady Middle School B4 9v9 Field - Upper Left Corner  (Brady Middle School),4/29/26,Wed,6:30 PM,2715,Orange,,Madison,,Boys,2015(U11),East 5,264
Orange - Brady Middle School B4 9v9 Field - Upper Left Corner  (Brady Middle School),5/1/26,Fri,6:30 PM,9113,Orange,,Geneva   14G,,Girls,2014(U12),East 4,264
Orange - Brady Middle School B4 9v9 Field - Upper Left Corner  (Brady Middle School),5/3/26,Sun,2:30 PM,7915,Orange,,Mentor,,Girls,2015(U11),East 3,264
Orange - Brady Middle School B4 9v9 Field - Upper Left Corner  (Brady Middle School),5/3/26,Sun,5:00 PM,9117,Orange,,Mentor,,Girls,2014(U12),East 4,264
Orange - Brady Middle School B4 9v9 Field - Upper Left Corner  (Brady Middle School),5/5/26,Tue,6:30 PM,7910,Orange,,Stow   Mar,,Girls,2015(U11),East 3,264
Orange - Brady Middle School B4 9v9 Field - Upper Left Corner  (Brady Middle School),5/10/26,Sun,1:00 PM,2723,Orange,,Geauga Federation SC   BLK,,Boys,2015(U11),East 5,264
Orange - Brady Middle School B4 9v9 Field - Upper Left Corner  (Brady Middle School),5/10/26,Sun,2:30 PM,1718,Orange,,Avon Lake   GOLD,,Boys,2015(U11),1,264
Orange - Brady Middle School B4 9v9 Field - Upper Left Corner  (Brady Middle School),5/10/26,Sun,4:00 PM,9119,Orange,,Kenston,,Girls,2014(U12),East 4,264
Orange - Brady Middle School B4 9v9 Field - Upper Left Corner  (Brady Middle School),5/17/26,Sun,11:30 AM,1721,Orange,,Shaker Hts.   BLK,,Boys,2015(U11),1,264
Orange - Brady Middle School B4 9v9 Field - Upper Left Corner  (Brady Middle School),5/27/26,Wed,6:30 PM,7920,Orange,,Mayfield   TS,,Girls,2015(U11),East 3,264
Orange - Brady Middle School B4 9v9 Field - Upper Left Corner  (Brady Middle School),5/31/26,Sun,1:00 PM,7924,Orange,,Chagrin Falls   Orng,,Girls,2015(U11),East 3,264
Orange - Brady Middle School B4 9v9 Field - Upper Left Corner  (Brady Middle School),5/31/26,Sun,2:30 PM,2732,Orange,,Solon United   Whit,,Boys,2015(U11),East 5,264
Orange - Chagrin Blvd Frontage  F4 11v11 (11v11),4/26/26,Sun,4:00 PM,4708,Orange,,Eastside Kickers,,Boys,2013(U13),East 5,291
Orange - Chagrin Blvd Frontage  F4 11v11 (11v11),4/26/26,Sun,6:00 PM,6410,Orange,,Euclid,,Boys,2011(U15),East 3,291
Orange - Chagrin Blvd Frontage  F4 11v11 (11v11),4/28/26,Tue,6:30 PM,4712,Orange,,Wickliffe,,Boys,2013(U13),East 5,291
Orange - Chagrin Blvd Frontage  F4 11v11 (11v11),5/4/26,Mon,6:30 PM,6415,Orange,,Madison,,Boys,2011(U15),East 3,291
Orange - Chagrin Blvd Frontage  F4 11v11 (11v11),5/9/26,Sat,6:30 PM,4718,Orange,,North Royalton,,Boys,2013(U13),East 5,291
Orange - Chagrin Blvd Frontage  F4 11v11 (11v11),5/17/26,Sun,4:30 PM,6423,Orange,,Geauga Federation SC,,Boys,2011(U15),East 3,291
Orange - Chagrin Blvd Frontage  F4 11v11 (11v11),5/17/26,Sun,6:00 PM,4721,Orange,,Shaker Hts.   WHT,,Boys,2013(U13),East 5,291
Orange - Chagrin Blvd Frontage  F4 11v11 (11v11),5/31/26,Sun,6:00 PM,6426,Orange,,Mayfield   RP15,,Boys,2011(U15),East 3,291
Orange High School Stadium  (High school football/soccer stadium),4/26/26,Sun,2:30 PM,10910,Orange,,Perry (Stark),,Girls,2012(U14),4,610
Orange High School Stadium  (High school football/soccer stadium),5/3/26,Sun,2:30 PM,10920,Orange,,Streetsboro,,Girls,2012(U14),4,610
Orange High School Stadium  (High school football/soccer stadium),5/17/26,Sun,1:00 PM,10928,Orange,,Shaker Hts.   RED,,Girls,2012(U14),4,610
Orange High School Stadium  (High school football/soccer stadium),6/2/26,Tue,6:30 PM,10929,Orange,,Highland   DN1,,Girls,2012(U14),4,610
Orchard Middle School (11v11),4/13/26,Mon,6:30 PM,4405,Solon United   Blue,0,Independence,5,Boys,2013(U13),East 3,46
Orchard Middle School (11v11),5/14/26,Thu,6:30 PM,4601,Solon United   Blue,,Parma,,Boys,2013(U13),2,46
Orchard Middle School (7v7 (South Half)),4/12/26,Sun,2:30 PM,1004,Solon United   Whit,2,West Geauga,6,Boys,2016(U10),East 5,46
Orchard Middle School (7v7 (South Half)),4/12/26,Sun,4:00 PM,12905,Solon United   U8,9,Stow   Gold,4,Boys,2017(U09),East 5,46
Orchard Middle School (7v7 (South Half)),5/20/26,Wed,6:30 PM,143,Solon United   Blue,,Mayfield   KHA,,Boys,2016(U10),2,46
Oregon Trail Park (Oregon Trail Park 7v7 #747),5/3/26,Sun,10:00 AM,12923,Stow   Gold,,Geneva   17B,,Boys,2017(U09),East 5,177
Oregon Trail Park (Oregon Trail Park 7v7 #747),5/3/26,Sun,1:00 PM,12213,Stow   Mar,,Kenston,,Girls,2017(U09),East 3,177
Oregon Trail Park (Oregon Trail Park 7v7 #747),5/3/26,Sun,2:30 PM,11915,Stow   Gold,,Mentor   Gray,,Girls,2017(U09),East 4 E,177
Oregon Trail Park (Oregon Trail Park 7v7 #747),5/3/26,Sun,5:30 PM,12925,Stow   Gray,,Shaker Hts.   SILV,,Boys,2017(U09),East 5,177
Oregon Trail Park (Oregon Trail Park 7v7 #747),5/10/26,Sun,11:30 AM,14428,Stow   Mar,,Chagrin Falls,,Boys,2017(U09),East 3,177
Oregon Trail Park (Oregon Trail Park 7v7 #747),5/10/26,Sun,1:00 PM,12930,Stow   Gray,,Kenston   Whit,,Boys,2017(U09),East 5,177
Oregon Trail Park (Oregon Trail Park 7v7 #747),5/10/26,Sun,2:30 PM,12928,Stow   Gold,,Geauga Federation SC,,Boys,2017(U09),East 5,177
Oregon Trail Park (Oregon Trail Park 7v7 #747),5/17/26,Sun,1:00 PM,12219,Stow   Mar,,NP Aurora,,Girls,2017(U09),East 3,177
Oregon Trail Park (Oregon Trail Park 7v7 #747),5/17/26,Sun,2:30 PM,11920,Stow   Gold,,Willoughby,,Girls,2017(U09),East 4 E,177
Oregon Trail Park (Oregon Trail Park 7v7 #747),5/17/26,Sun,5:30 PM,220,Stow   Gray,,Nordonia,,Boys,2016(U10),East 6,177
Oregon Trail Park (Oregon Trail Park 7v7 #747),5/29/26,Fri,6:30 PM,11910,Stow   Gold,,Solon United   Gold,,Girls,2017(U09),East 4 E,177
Oregon Trail Park (Oregon Trail Park 7v7 #747),5/30/26,Sat,2:00 PM,7204,Stow   Gold,,Hudson   SHUT,,Girls,2016(U10),East 3,177
Oregon Trail Park (Oregon Trail Park 7v7 #747),5/31/26,Sun,10:00 AM,12207,Stow   Mar,,Shaker Hts.   RED,,Girls,2017(U09),East 3,177
Oregon Trail Park (Oregon Trail Park 7v7 #747),5/31/26,Sun,11:30 AM,13234,Stow   Whit,,Cuyahoga Falls   TG,,Boys,2017(U09),East 6,177
Oregon Trail Park (Oregon Trail Park 7v7 #747),5/31/26,Sun,1:00 PM,11924,Stow   Gold,,Aurora,,Girls,2017(U09),East 4 E,177
Oregon Trail Park (Oregon Trail Park 7v7 #747),5/31/26,Sun,4:00 PM,12936,Stow   Gold,,Riverside   AM,,Boys,2017(U09),East 5,177
Oregon Trail Park (Oregon Trail Park 7v7 #747),5/31/26,Sun,5:30 PM,14436,Stow   Mar,,Broadview Hts.,,Boys,2017(U09),East 3,177
Oregon Trail Park (Oregon Trail Park 7v7 #747),6/6/26,Sat,2:00 PM,12426,Stow   Gray,,Geneva,,Girls,2017(U09),East 5,177
Oregon Trail Park (Oregon Trail Park 7v7 #747),6/7/26,Sun,1:00 PM,12912,Stow   Gold,,Wickliffe,,Boys,2017(U09),East 5,177
Oregon Trail Park (Oregon Trail Park 7v7 #747),6/7/26,Sun,2:30 PM,121,Stow   Mar,,Mayfield   MO,,Boys,2016(U10),2,177
Oregon Trail Park (Oregon Trail Park 7v7 #748),5/3/26,Sun,2:30 PM,215,Stow   Gray,,Riverside,,Boys,2016(U10),East 6,177
Oregon Trail Park (Oregon Trail Park 7v7 #748),5/3/26,Sun,5:30 PM,14423,Stow   Mar,,NP Aurora   WH,,Boys,2017(U09),East 3,177
Oregon Trail Park (Oregon Trail Park 7v7 #748),5/10/26,Sun,11:30 AM,13227,Stow   Whit,,Twinsburg,,Boys,2017(U09),East 6,177
Oregon Trail Park (Oregon Trail Park 7v7 #748),5/10/26,Sun,2:30 PM,1024,Stow   Gold,,Solon United   Whit,,Boys,2016(U10),East 5,177
Oregon Trail Park (Oregon Trail Park 7v7 #748),5/10/26,Sun,5:30 PM,12201,Stow   Mar,,North Royalton,,Girls,2017(U09),East 3,177
Oregon Trail Park (Oregon Trail Park 7v7 #748),5/15/26,Fri,6:30 PM,14412,Stow   Mar,,Kenston   Blue,,Boys,2017(U09),East 3,177
Oregon Trail Park (Oregon Trail Park 7v7 #748),5/17/26,Sun,1:00 PM,12934,Stow   Gray,,Wickliffe,,Boys,2017(U09),East 5,177
Oregon Trail Park (Oregon Trail Park 7v7 #748),5/17/26,Sun,2:30 PM,1025,Stow   Gold,,West Geauga,,Boys,2016(U10),East 5,177
Oregon Trail Park (Oregon Trail Park 7v7 #748),5/17/26,Sun,4:00 PM,7224,Stow   Gold,,Solon United   Gold,,Girls,2016(U10),East 3,177
Oregon Trail Park (Oregon Trail Park 7v7 #748),5/22/26,Fri,6:30 PM,7114,Stow   Mar,,Avon   AG,,Girls,2016(U10),1,177
Oregon Trail Park (Oregon Trail Park 7v7 #748),5/29/26,Fri,6:30 PM,13216,Stow   Whit,,Kenston   Blue,,Boys,2017(U09),East 6,177
Oregon Trail Park (Oregon Trail Park 7v7 #748),5/31/26,Sun,1:00 PM,224,Stow   Gray,,Willoughby,,Boys,2016(U10),East 6,177
Oregon Trail Park (Oregon Trail Park 7v7 #748),5/31/26,Sun,4:00 PM,7227,Stow   Gold,,Mayfield   MF,,Girls,2016(U10),East 3,177
Oregon Trail Park (Oregon Trail Park 7v7 #748),6/7/26,Sun,1:00 PM,7209,Stow   Gold,,Aurora,,Girls,2016(U10),East 3,177
Oregon Trail Park (Oregon Trail Park 7v7 #748),6/7/26,Sun,5:00 PM,210,Stow   Gray,,Shaker Hts.   GOLD,,Boys,2016(U10),East 6,177
Oregon Trail Park (Oregon Trail Park 7v7 #749),5/10/26,Sun,5:30 PM,136,Stow   Mar,,Lakewood   B16G,,Boys,2016(U10),2,177
Oregon Trail Park (Oregon Trail Park 7v7 #749),5/31/26,Sun,4:00 PM,145,Stow   Mar,,Brecksville Bees SA   R,,Boys,2016(U10),2,177
Oregon Trail Park (Oregon Trail Park 7v7 #749),5/31/26,Sun,6:30 PM,12431,Stow   Gray,,Geauga Federation SC,,Girls,2017(U09),East 5,177
Orlando Park (Orlando Park 7v7),4/12/26,Sun,2:30 PM,12902,Wickliffe,8,Kenston   Whit,3,Boys,2017(U09),East 5,40
Orlando Park (Orlando Park 7v7),4/12/26,Sun,6:00 PM,404,Wickliffe,5,Chagrin Falls   Orng,3,Boys,2016(U10),East 4,40
Orlando Park (Orlando Park 7v7),4/19/26,Sun,2:30 PM,12908,Wickliffe,7,Solon United   U8,2,Boys,2017(U09),East 5,40
Osborne Park (Osborne Park 11v11),4/12/26,Sun,1:00 PM,5801,Willoughby,1,Geauga Federation SC,0,Boys,2012(U14),East 3,81
Osborne Park (Osborne Park 11v11),4/26/26,Sun,1:00 PM,5807,Willoughby,,Mayfield   RP14,,Boys,2012(U14),East 3,81
Osborne Park (Osborne Park 11v11),5/3/26,Sun,11:30 AM,5813,Willoughby,,Wickliffe,,Boys,2012(U14),East 3,81
Osborne Park (Osborne Park 11v11),5/17/26,Sun,5:30 PM,5819,Willoughby,,Solon United   Blue,,Boys,2012(U14),East 3,81
Osborne Park (Osborne Park 7v7),4/12/26,Sun,1:00 PM,1604,Willoughby,5,Shaker Hts.   RED,1,Boys,2016(U10),East 3,81
Osborne Park (Osborne Park 7v7),4/12/26,Sun,2:30 PM,11903,Willoughby,1,Aurora,1,Girls,2017(U09),East 4 E,81
Osborne Park (Osborne Park 7v7),4/19/26,Sun,12:15 PM,1606,Willoughby,2,Twinsburg   Blue,1,Boys,2016(U10),East 3,81
Osborne Park (Osborne Park 7v7),4/23/26,Thu,6:30 PM,12623,Willoughby,,Hudson   KENN,,Boys,2017(U09),East 4,81
Osborne Park (Osborne Park 7v7),4/27/26,Mon,6:30 PM,208,Willoughby,,Riverside,,Boys,2016(U10),East 6,81
Osborne Park (Osborne Park 7v7),4/29/26,Wed,6:30 PM,212,Willoughby,,Nordonia,,Boys,2016(U10),East 6,81
Osborne Park (Osborne Park 7v7),4/30/26,Thu,6:30 PM,1614,Willoughby,,Twinsburg   Whte,,Boys,2016(U10),East 3,81
Osborne Park (Osborne Park 7v7),5/3/26,Sun,1:00 PM,12627,Willoughby,,Geauga Federation SC,,Boys,2017(U09),East 4,81
Osborne Park (Osborne Park 7v7),5/3/26,Sun,2:30 PM,11914,Willoughby,,Orange,,Girls,2017(U09),East 4 E,81
Osborne Park (Osborne Park 7v7),5/4/26,Mon,6:30 PM,11905,Willoughby,,Stow   Gold,,Girls,2017(U09),East 4 E,81
Osborne Park (Osborne Park 7v7),5/10/26,Sun,2:30 PM,218,Willoughby,,Stow   Gray,,Boys,2016(U10),East 6,81
Osborne Park (Osborne Park 7v7),5/17/26,Sun,10:00 AM,12642,Willoughby,,Brecksville Bees SA   R,,Boys,2017(U09),East 4,81
Osborne Park (Osborne Park 7v7),5/17/26,Sun,1:00 PM,221,Willoughby,,Geneva,,Boys,2016(U10),East 6,81
Osborne Park (Osborne Park 7v7),5/28/26,Thu,6:30 PM,1627,Willoughby,,Orange,,Boys,2016(U10),East 3,81
Osborne Park (Osborne Park 7v7),5/31/26,Sun,1:00 PM,12647,Willoughby,,Mentor   Gray,,Boys,2017(U09),East 4,81
Osborne Park (Osborne Park 7v7),5/31/26,Sun,2:30 PM,11922,Willoughby,,Solon United   Gold,,Girls,2017(U09),East 4 E,81
Osborne Park (Osborne Park 9v9),4/12/26,Sun,2:30 PM,2703,Willoughby,1,Geauga Federation SC   BLK,0,Boys,2015(U11),East 5,81
Osborne Park (Osborne Park 9v9),4/12/26,Sun,4:00 PM,2102,Willoughby,0,Twinsburg   Blue,2,Boys,2015(U11),East 4,81
Osborne Park (Osborne Park 9v9),4/19/26,Sun,4:00 PM,2707,Willoughby,2,Euclid,1,Boys,2015(U11),East 5,81
Osborne Park (Osborne Park 9v9),4/21/26,Tue,6:30 PM,2107,Willoughby,,Shaker Hts.   WHT,,Boys,2015(U11),East 4,81
Osborne Park (Osborne Park 9v9),5/3/26,Sun,11:30 AM,2116,Willoughby,,Aurora   GRN,,Boys,2015(U11),East 4,81
Osborne Park (Osborne Park 9v9),5/10/26,Sun,4:00 PM,2724,Willoughby,,Solon United   Whit,,Boys,2015(U11),East 5,81
Osborne Park (Osborne Park 9v9),5/10/26,Sun,5:30 PM,2121,Willoughby,,West Geauga,,Boys,2015(U11),East 4,81
Osborne Park (Osborne Park 9v9),5/17/26,Sun,4:00 PM,2725,Willoughby,,Orange,,Boys,2015(U11),East 5,81
Parkside (Field #1 - 11v11),5/10/26,Sun,6:30 PM,6533,Westlake   GL,,Eastside Kickers,,Boys,2011(U15),2,690
Parkside (Field #1 - 11v11),5/16/26,Sat,5:30 PM,5624,Westlake   MW,,Highland   AS1,,Boys,2012(U14),1,690
Parkside (Field #1 - 11v11),5/31/26,Sun,6:30 PM,10139,Westlake   JD,,Brunswick   RYL,,Girls,2013(U13),1,690
Parkside (Field #1N - 7v7),4/30/26,Thu,6:30 PM,14214,Westlake   JJ,,Ashland,,Girls,2017(U09),2,690
Parkside (Field #1S - 7v7),4/12/26,Sun,2:30 PM,13501,Westlake,7,Olmsted Falls   Blue,3,Boys,2017(U09),2,690
Parkside (Field #1S - 7v7),4/19/26,Sun,2:30 PM,11705,Westlake   GF,3,Parma,8,Girls,2017(U09),West 4,690
Parkside (Field #1S - 7v7),4/26/26,Sun,11:30 AM,7111,Westlake   PD,,Stow   Mar,,Girls,2016(U10),1,690
Parkside (Field #1S - 7v7),4/26/26,Sun,1:00 PM,14509,Westlake   NF,,Westlake   SB,,Boys,2017(U09),West 6 EV,690
Parkside (Field #1S - 7v7),4/26/26,Sun,2:30 PM,13909,Westlake   LV,,Lakewood   B17W,,Boys,2017(U09),West 6 EN,690
Parkside (Field #1S - 7v7),4/28/26,Tue,6:30 PM,11716,Westlake   GF,,Westlake   RG,,Girls,2017(U09),West 4,690
Parkside (Field #1S - 7v7),4/30/26,Thu,6:30 PM,13020,Westlake   TB,,North Olmsted   BLK,,Boys,2017(U09),West 5,690
Parkside (Field #1S - 7v7),5/1/26,Fri,6:30 PM,906,Westlake   RR,,North Ridgeville   Navy,,Boys,2016(U10),West 3,690
Parkside (Field #2N - 7v7),4/12/26,Sun,1:00 PM,7102,Westlake   PD,4,Medina   16GN,2,Girls,2016(U10),1,690
Parkside (Field #2N - 7v7),4/12/26,Sun,2:30 PM,11701,Westlake   GF,1,Rocky River   GRY,6,Girls,2017(U09),West 4,690
Parkside (Field #2N - 7v7),4/12/26,Sun,4:30 PM,14102,Westlake   JD,5,Independence,5,Girls,2017(U09),1,690
Parkside (Field #2N - 7v7),4/12/26,Sun,6:00 PM,14301,Westlake,5,Medina   U9Gr,4,Boys,2017(U09),1,690
Parkside (Field #2N - 7v7),4/16/26,Thu,6:30 PM,13903,Westlake   KM,1,Avon Lake,6,Boys,2017(U09),West 6 EN,690
Parkside (Field #2N - 7v7),4/19/26,Sun,1:00 PM,13906,Westlake   LV,1,Avon Lake,6,Boys,2017(U09),West 6 EN,690
Parkside (Field #2N - 7v7),4/19/26,Sun,2:30 PM,13505,Westlake,5,Independence,2,Boys,2017(U09),2,690
Parkside (Field #2N - 7v7),4/19/26,Sun,4:00 PM,12005,Westlake   BL,1,Avon   JS,3,Girls,2017(U09),West 5,690
Parkside (Field #2N - 7v7),4/28/26,Tue,6:30 PM,14510,Westlake   SB,,LaGrange,,Boys,2017(U09),West 6 EV,690
Parkside (Field #2N - 7v7),5/1/26,Fri,6:00 PM,14139,Westlake   JD,,Medina   17GN,,Girls,2017(U09),1,690
Parkside (Field #2N - 7v7),5/3/26,Sun,2:30 PM,11719,Westlake   GF,,Strongsville,,Girls,2017(U09),West 4,690
Parkside (Field #2N - 7v7),5/3/26,Sun,4:00 PM,7418,Westlake   NF,,Lakewood   G16G,,Girls,2016(U10),West 3,690
Parkside (Field #2N - 7v7),5/3/26,Sun,6:30 PM,14515,Westlake   SB,,Lakewood   B17B,,Boys,2017(U09),West 6 EV,690
Parkside (Field #2N - 7v7),5/7/26,Thu,6:30 PM,1521,Westlake   JL,,Columbia Station,,Boys,2016(U10),West 4,690
Parkside (Field #2N - 7v7),5/10/26,Sun,11:30 AM,13916,Westlake   LV,,Avon   DK,,Boys,2017(U09),West 6 EN,690
Parkside (Field #2N - 7v7),5/10/26,Sun,2:30 PM,11724,Westlake   RG,,Rocky River   BLK,,Girls,2017(U09),West 4,690
Parkside (Field #2N - 7v7),5/12/26,Tue,6:30 PM,14328,Westlake,,Avon   DB,,Boys,2017(U09),1,690
Parkside (Field #2N - 7v7),5/17/26,Sun,2:30 PM,11725,Westlake   RG,,Strongsville,,Girls,2017(U09),West 4,690
Parkside (Field #2N - 7v7),5/17/26,Sun,4:00 PM,13522,Westlake,,North Olmsted   ORNG,,Boys,2017(U09),2,690
Parkside (Field #2N - 7v7),5/31/26,Sun,1:00 PM,13922,Westlake   KM,,Avon   DK,,Boys,2017(U09),West 6 EN,690
Parkside (Field #2N - 7v7),5/31/26,Sun,2:30 PM,13040,Westlake   TB,,Bay Village   JK,,Boys,2017(U09),West 5,690
Parkside (Field #2S - 7v7),4/12/26,Sun,11:30 AM,7503,Westlake   BL,1,Brecksville Bees SA   Y,2,Girls,2016(U10),West 5,690
Parkside (Field #2S - 7v7),4/12/26,Sun,1:00 PM,11703,Westlake   RG,1,Avon Lake   MRN,5,Girls,2017(U09),West 4,690
Parkside (Field #2S - 7v7),4/12/26,Sun,2:30 PM,904,Westlake   RR,0,Port Clinton,2,Boys,2016(U10),West 3,690
Parkside (Field #2S - 7v7),4/12/26,Sun,4:00 PM,7402,Westlake   NF,3,Port Clinton,6,Girls,2016(U10),West 3,690
Parkside (Field #2S - 7v7),4/12/26,Sun,5:30 PM,13003,Westlake   TB,8,Fairview Park   KB,3,Boys,2017(U09),West 5,690
Parkside (Field #2S - 7v7),4/16/26,Thu,6:30 PM,12103,Westlake   JB,1,Lakewood   G17G,3,Girls,2017(U09),West 3,690
Parkside (Field #2S - 7v7),4/19/26,Sun,10:00 AM,14206,Westlake   JJ,5,Avon Lake   GOLD,3,Girls,2017(U09),2,690
Parkside (Field #2S - 7v7),4/19/26,Sun,11:30 AM,7505,Westlake   BL,4,Lakewood   G16P,5,Girls,2016(U10),West 5,690
Parkside (Field #2S - 7v7),4/19/26,Sun,1:00 PM,11707,Westlake   RG,0,Rocky River   GRY,5,Girls,2017(U09),West 4,690
Parkside (Field #2S - 7v7),4/19/26,Sun,2:30 PM,14306,Westlake,7,Mentor   Red,2,Boys,2017(U09),1,690
Parkside (Field #2S - 7v7),4/19/26,Sun,4:00 PM,13905,Westlake   KM,,Lakewood   B17W,,Boys,2017(U09),West 6 EN,690
Parkside (Field #2S - 7v7),4/19/26,Sun,5:30 PM,13009,Westlake   TB,3,Rocky River   GRY,7,Boys,2017(U09),West 5,690
Parkside (Field #2S - 7v7),4/23/26,Thu,6:30 PM,1512,Westlake   JL,,Norwalk HCYSC   CW,,Boys,2016(U10),West 4,690
Parkside (Field #2S - 7v7),4/28/26,Tue,6:30 PM,13911,Westlake   LV,,Avon Lake,,Boys,2017(U09),West 6 EN,690
Parkside (Field #2S - 7v7),5/1/26,Fri,6:30 PM,7118,Westlake   PD,,Brunswick   RYL,,Girls,2016(U10),1,690
Parkside (Field #2S - 7v7),5/3/26,Sun,1:00 PM,12019,Westlake   BL,,Rocky River   GLD,,Girls,2017(U09),West 5,690
Parkside (Field #2S - 7v7),5/3/26,Sun,2:30 PM,1517,Westlake   JL,,Bay Village   JH,,Boys,2016(U10),West 4,690
Parkside (Field #2S - 7v7),5/3/26,Sun,4:00 PM,13914,Westlake   KM,,Westlake   LV,,Boys,2017(U09),West 6 EN,690
Parkside (Field #2S - 7v7),5/3/26,Sun,6:00 PM,14124,Westlake   JD,,Amherst,,Girls,2017(U09),1,690
Parkside (Field #2S - 7v7),5/7/26,Thu,6:30 PM,12125,Westlake   JB,,Rocky River   WHT,,Girls,2017(U09),West 3,690
Parkside (Field #2S - 7v7),5/9/26,Sat,6:30 PM,7122,Westlake   PD,,Strongsville,,Girls,2016(U10),1,690
Parkside (Field #2S - 7v7),5/10/26,Sun,11:30 AM,7422,Westlake   NF,,Bay Village   EJ,,Girls,2016(U10),West 3,690
Parkside (Field #2S - 7v7),5/10/26,Sun,1:00 PM,12124,Westlake   JB,,Rocky River   MRN,,Girls,2017(U09),West 3,690
Parkside (Field #2S - 7v7),5/10/26,Sun,2:30 PM,14516,Westlake   NF,,LaGrange,,Boys,2017(U09),West 6 EV,690
Parkside (Field #2S - 7v7),5/10/26,Sun,4:00 PM,13520,Westlake,,Revere   RED,,Boys,2017(U09),2,690
Parkside (Field #2S - 7v7),5/12/26,Tue,6:30 PM,7411,Westlake   NF,,North Olmsted,,Girls,2016(U10),West 3,690
Parkside (Field #2S - 7v7),5/16/26,Sat,4:00 PM,14108,Westlake   JD,,Shaker Hts.   BLK,,Girls,2017(U09),1,690
Parkside (Field #2S - 7v7),5/17/26,Sun,11:30 AM,14524,Westlake   SB,,Fairview Park   BP,,Boys,2017(U09),West 6 EV,690
Parkside (Field #2S - 7v7),5/17/26,Sun,2:30 PM,927,Westlake   RR,,Independence,,Boys,2016(U10),West 3,690
Parkside (Field #2S - 7v7),5/17/26,Sun,4:00 PM,14227,Westlake   JJ,,Fairview Park,,Girls,2017(U09),2,690
Parkside (Field #2S - 7v7),5/17/26,Sun,5:30 PM,14520,Westlake   SB,,Avon Lake,,Boys,2017(U09),West 6 EV,690
Parkside (Field #2S - 7v7),5/31/26,Sun,1:00 PM,7522,Westlake   BL,,Rocky River   WHT,,Girls,2016(U10),West 5,690
Parkside (Field #2S - 7v7),5/31/26,Sun,2:30 PM,1530,Westlake   JL,,Bay Village   DY,,Boys,2016(U10),West 4,690
Parkside (Field #2S - 7v7),6/1/26,Mon,6:30 PM,12001,Westlake   BL,,Lakewood   G17P,,Girls,2017(U09),West 5,690
Parkside (Field #2S - 7v7),6/4/26,Thu,6:30 PM,12016,Westlake   BL,,North Olmsted,,Girls,2017(U09),West 5,690
Parkside (Field #2S - 7v7),6/7/26,Sun,5:00 PM,14335,Westlake,,Shaker Hts.   BLK,,Boys,2017(U09),1,690
Parma Community Middle School (Parma Community Middle School),4/12/26,Sun,1:00 PM,15201,Parma,2,Highland   BD1,2,Girls,2014(U12),South 3,516
Parma Community Middle School (Parma Community Middle School),4/12/26,Sun,2:30 PM,8601,Parma,2,Bay Village   AC,1,Girls,2015(U11),West 3,516
Parma Community Middle School (Parma Community Middle School),4/19/26,Sun,4:00 PM,3406,Parma,2,Lakewood   B14W,4,Boys,2014(U12),West 5,516
Parma Community Middle School (Parma Community Middle School),4/20/26,Mon,6:30 PM,7306,Parma   IRV,,Fairview Park,,Girls,2016(U10),West 4,516
Perry High School  (Football Stadium - Turf),5/13/26,Wed,6:30 PM,10923,Perry (Stark),,Streetsboro,,Girls,2012(U14),4,503
Pleasant Valley (9v9) (NP 9v9),4/19/26,Sun,4:00 PM,9506,New Philadelphia,5,Louisville,0,Girls,2014(U12),South 4,575
Pleasant Valley (9v9) (NP 9v9),4/19/26,Sun,5:30 PM,2005,New Philadelphia,7,Tallmadge,2,Boys,2015(U11),South 4,575
Pleasant Valley (9v9) (NP 9v9),4/26/26,Sun,2:30 PM,3909,New Philadelphia,,Copley   Blue,,Boys,2014(U12),South 4,575
Pleasant Valley (9v9) (NP 9v9),4/29/26,Wed,6:30 PM,3913,New Philadelphia,,Northwest,,Boys,2014(U12),South 4,575
Pleasant Valley (9v9) (NP 9v9),4/30/26,Thu,6:30 PM,9514,New Philadelphia,,Wadsworth,,Girls,2014(U12),South 4,575
Pleasant Valley (9v9) (NP 9v9),5/9/26,Sat,5:30 PM,2003,New Philadelphia,,Strongsville,,Boys,2015(U11),South 4,575
Pleasant Valley (9v9) (NP 9v9),5/17/26,Sun,1:00 PM,9527,New Philadelphia,,Cloverleaf   MS,,Girls,2014(U12),South 4,575
Pleasant Valley (9v9) (NP 9v9),5/17/26,Sun,2:30 PM,3926,New Philadelphia,,Wadsworth,,Boys,2014(U12),South 4,575
Pleasant Valley (9v9) (NP 9v9),5/31/26,Sun,11:30 AM,3931,New Philadelphia,,Highland   JC5,,Boys,2014(U12),South 4,575
Pleasant Valley (9v9) (NP 9v9),5/31/26,Sun,2:30 PM,9504,New Philadelphia,,Buckeye,,Girls,2014(U12),South 4,575
Pleasant Valley (9v9) (NP 9v9),5/31/26,Sun,4:00 PM,2022,New Philadelphia,,Brecksville Bees SA   R,,Boys,2015(U11),South 4,575
Portage Lakes Career Center Fields (101),4/12/26,Sun,2:30 PM,10702,Green,10,Independence,5,Girls,2016(U10),2,439
Portage Lakes Career Center Fields (101),4/19/26,Sun,2:30 PM,14107,Green,3,Cuyahoga Falls   TC,2,Girls,2017(U09),1,439
Portage Lakes Career Center Fields (101),4/22/26,Wed,6:30 PM,11607,Green,,Rootstown,,Girls,2016(U10),South 5,439
Portage Lakes Career Center Fields (101),4/26/26,Sun,1:00 PM,810,Green,,Tallmadge,,Boys,2016(U10),South 4,439
Portage Lakes Career Center Fields (101),4/26/26,Sun,2:30 PM,13709,Green,,Ashland   18,,Boys,2017(U09),South 3,439
Portage Lakes Career Center Fields (101),4/28/26,Tue,6:30 PM,13713,Green,,Akron Inner City,,Boys,2017(U09),South 3,439
Portage Lakes Career Center Fields (101),4/30/26,Thu,6:30 PM,11619,Green,,Mustangs Jr,,Girls,2016(U10),South 5,439
Portage Lakes Career Center Fields (101),5/1/26,Fri,6:30 PM,10711,Green,,Ashland,,Girls,2016(U10),2,439
Portage Lakes Career Center Fields (101),5/3/26,Sun,1:00 PM,10718,Green,,Brecksville Bees SA   R,,Girls,2016(U10),2,439
Portage Lakes Career Center Fields (101),5/3/26,Sun,2:30 PM,820,Green,,Akron Inner City,,Boys,2016(U10),South 4,439
Portage Lakes Career Center Fields (101),5/7/26,Thu,6:00 PM,14119,Green,,Westlake   JD,,Girls,2017(U09),1,439
Portage Lakes Career Center Fields (101),5/10/26,Sun,2:30 PM,14126,Green,,Amherst,,Girls,2017(U09),1,439
Portage Lakes Career Center Fields (101),5/10/26,Sun,4:00 PM,10722,Green,,Shaker Hts.   BLK,,Girls,2016(U10),2,439
Portage Lakes Career Center Fields (101),5/17/26,Sun,11:30 AM,11632,Green,,Tallmadge,,Girls,2016(U10),South 5,439
Portage Lakes Career Center Fields (101),5/17/26,Sun,2:30 PM,13726,Green,,Cloverleaf,,Boys,2017(U09),South 3,439
Portage Lakes Career Center Fields (101),5/17/26,Sun,6:00 PM,14132,Green,,Shaker Hts.   BLK,,Girls,2017(U09),1,439
Portage Lakes Career Center Fields (101),5/31/26,Sun,2:30 PM,13731,Green,,Ashland,,Boys,2017(U09),South 3,439
Portage Lakes Career Center Fields (101),6/3/26,Wed,6:30 PM,829,Green,,Cuyahoga Falls   JH10,,Boys,2016(U10),South 4,439
Portage Lakes Career Center Fields (102),5/10/26,Sun,4:00 PM,11626,Green,,PLX United,,Girls,2016(U10),South 5,439
Portage Lakes Career Center Fields (102),5/17/26,Sun,11:30 AM,828,Green,,Medina   U10W,,Boys,2016(U10),South 4,439
Porter Fields (Field #1 - 9v9),4/12/26,Sun,1:00 PM,3803,Westlake   DS,2,Lakewood   B14P,7,Boys,2014(U12),West 3,246
Porter Fields (Field #1 - 9v9),4/12/26,Sun,4:00 PM,4102,Westlake   JJ,2,Amherst   JH,3,Boys,2014(U12),West 4,246
Porter Fields (Field #1 - 9v9),4/12/26,Sun,5:30 PM,2503,Westlake   ZA,1,Olmsted Falls   Gold,5,Boys,2015(U11),West 4,246
Porter Fields (Field #1 - 9v9),4/15/26,Wed,6:30 PM,13404,Westlake   DK,2,Strongsville,2,Boys,2014(U12),2,246
Porter Fields (Field #1 - 9v9),4/19/26,Sun,1:00 PM,9301,Westlake   CG,3,Lakewood   G14G,1,Girls,2014(U12),West 3,246
Porter Fields (Field #1 - 9v9),4/19/26,Sun,5:30 PM,2507,Westlake   ZA,2,Amherst,5,Boys,2015(U11),West 4,246
Porter Fields (Field #1 - 9v9),4/23/26,Thu,6:30 PM,8907,Westlake   DK,,Shaker Hts.   BLK,,Girls,2014(U12),1,246
Porter Fields (Field #1 - 9v9),4/26/26,Sun,11:30 AM,14807,Westlake,,Avon   BK2,,Boys,2014(U12),West 6,246
Porter Fields (Field #1 - 9v9),4/26/26,Sun,1:00 PM,14612,Westlake   BL,,Avon Lake   GOLD,,Girls,2015(U11),West 2,246
Porter Fields (Field #1 - 9v9),4/26/26,Sun,4:00 PM,9308,Westlake   CG,,Avon Lake,,Girls,2014(U12),West 3,246
Porter Fields (Field #1 - 9v9),4/27/26,Mon,6:30 PM,3011,Westlake   AM,,Hudson   SATT,,Boys,2015(U11),2,246
Porter Fields (Field #1 - 9v9),4/30/26,Thu,6:30 PM,14613,Westlake   BL,,Rocky River   MRN,,Girls,2015(U11),West 2,246
Porter Fields (Field #1 - 9v9),5/2/26,Sat,11:00 AM,3022,Westlake   AM,,Aurora   BLK,,Boys,2015(U11),2,246
Porter Fields (Field #1 - 9v9),5/3/26,Sun,11:30 AM,14813,Westlake,,Rocky River   GRY,,Boys,2014(U12),West 6,246
Porter Fields (Field #1 - 9v9),5/3/26,Sun,1:00 PM,4116,Westlake   JJ,,Avon   BK1,,Boys,2014(U12),West 4,246
Porter Fields (Field #1 - 9v9),5/3/26,Sun,2:30 PM,14617,Westlake   BL,,Midview,,Girls,2015(U11),West 2,246
Porter Fields (Field #1 - 9v9),5/3/26,Sun,4:00 PM,8916,Westlake   DK,,Brunswick   RYL,,Girls,2014(U12),1,246
Porter Fields (Field #1 - 9v9),5/3/26,Sun,5:30 PM,3018,Westlake   AM,,Firelands,,Boys,2015(U11),2,246
Porter Fields (Field #1 - 9v9),5/5/26,Tue,6:30 PM,3002,Westlake   AM,,Geauga Federation SC   GRN,,Boys,2015(U11),2,246
Porter Fields (Field #1 - 9v9),5/8/26,Fri,6:30 PM,8921,Westlake   DK,,Hudson   BEZD,,Girls,2014(U12),1,246
Porter Fields (Field #1 - 9v9),5/10/26,Sun,10:00 AM,3832,Westlake   DS,,Fairview Park   AM,,Boys,2014(U12),West 3,246
Porter Fields (Field #1 - 9v9),5/10/26,Sun,11:30 AM,4121,Westlake   JJ,,Avon Lake   MRN,,Boys,2014(U12),West 4,246
Porter Fields (Field #1 - 9v9),5/10/26,Sun,1:00 PM,14619,Westlake   BL,,Columbia Station,,Girls,2015(U11),West 2,246
Porter Fields (Field #1 - 9v9),5/10/26,Sun,5:30 PM,2524,Westlake   ZA,,Bay Village   MH,,Boys,2015(U11),West 4,246
Porter Fields (Field #1 - 9v9),5/14/26,Thu,6:30 PM,13406,Westlake   DK,,North Olmsted   ORNG,,Boys,2014(U12),2,246
Porter Fields (Field #1 - 9v9),5/14/26,Thu,6:30 PM,3836,Westlake   DS,,Independence,,Boys,2014(U12),West 3,246
Porter Fields (Field #1 - 9v9),5/17/26,Sun,11:30 AM,13427,Westlake   DK,,Revere   RED,,Boys,2014(U12),2,246
Porter Fields (Field #1 - 9v9),5/17/26,Sun,5:30 PM,14819,Westlake,,Olmsted Falls   Gold,,Boys,2014(U12),West 6,246
Porter Fields (Field #1 - 9v9),5/18/26,Mon,6:00 PM,2525,Westlake   ZA,,Amherst   BC,,Boys,2015(U11),West 4,246
Porter Fields (Field #1 - 9v9),5/27/26,Wed,6:30 PM,8902,Westlake   DK,,North Royalton   14P,,Girls,2014(U12),1,246
Porter Fields (Field #1 - 9v9),6/4/26,Thu,6:30 PM,9314,Westlake   CG,,LaGrange,,Girls,2014(U12),West 3,246
Porter Fields (Field #1 - 9v9),6/7/26,Sun,2:30 PM,9319,Westlake   CG,,Port Clinton,,Girls,2014(U12),West 3,246
Porter Fields (Field #2 - 11v11),4/12/26,Sun,2:30 PM,6501,Westlake   GL,5,Sandusky,1,Boys,2011(U15),2,246
Porter Fields (Field #2 - 11v11),4/12/26,Sun,6:30 PM,10102,Westlake   JD,0,Hudson   CARP,2,Girls,2013(U13),1,246
Porter Fields (Field #2 - 11v11),4/17/26,Fri,6:30 PM,4511,Westlake   JM,4,Brecksville Bees SA,0,Boys,2013(U13),West 4,246
Porter Fields (Field #2 - 11v11),4/19/26,Sun,11:30 AM,4606,Westlake   JJ,3,Hudson   HARB,1,Boys,2013(U13),2,246
Porter Fields (Field #2 - 11v11),4/19/26,Sun,4:00 PM,5604,Westlake   MW,1,Olmsted Falls   Blue,4,Boys,2012(U14),1,246
Porter Fields (Field #2 - 11v11),4/21/26,Tue,5:30 PM,4502,Westlake   JM,,North Ridgeville,,Boys,2013(U13),West 4,246
Porter Fields (Field #2 - 11v11),4/26/26,Sun,11:30 AM,11315,Westlake   RN,,TUSA,,Girls,2011(U15),4,246
Porter Fields (Field #2 - 11v11),4/26/26,Sun,6:30 PM,4616,Westlake   JJ,,Bay Village   BW,,Boys,2013(U13),2,246
Porter Fields (Field #2 - 11v11),4/27/26,Mon,5:30 PM,4810,Westlake   WV,,Olmsted Falls   Blue,,Boys,2013(U13),1,246
Porter Fields (Field #2 - 11v11),4/29/26,Wed,6:30 PM,4621,Westlake   JJ,,Stow   Mar,,Boys,2013(U13),2,246
Porter Fields (Field #2 - 11v11),5/3/26,Sun,11:30 AM,4518,Westlake   JM,,Bay Village   TH,,Boys,2013(U13),West 4,246
Porter Fields (Field #2 - 11v11),5/5/26,Tue,6:30 PM,5609,Westlake   MW,,Twinsburg   Blue,,Boys,2012(U14),1,246
Porter Fields (Field #2 - 11v11),5/6/26,Wed,6:00 PM,10124,Westlake   JD,,Bay Village   CA,,Girls,2013(U13),1,246
Porter Fields (Field #2 - 11v11),5/10/26,Sun,6:30 PM,4522,Westlake   JM,,Brunswick   WHT,,Boys,2013(U13),West 4,246
Porter Fields (Field #2 - 11v11),5/15/26,Fri,6:30 PM,10108,Westlake   JD,,Ashland,,Girls,2013(U13),1,246
Porter Fields (Field #2 - 11v11),5/16/26,Sat,6:00 PM,4829,Westlake   WV,,Ashland,,Boys,2013(U13),1,246
Porter Fields (Field #2 - 11v11),5/17/26,Sun,6:30 PM,6539,Westlake   GL,,Shaker Hts.   BLK,,Boys,2011(U15),2,246
Porter Fields (Field #2 - 11v11),5/19/26,Tue,6:00 PM,4828,Westlake   WV,,Medina   13Gr,,Boys,2013(U13),1,246
Porter Fields (Field #2 - 11v11),5/29/26,Fri,6:30 PM,11321,Westlake   RN,,North Royalton,,Girls,2011(U15),4,246
Porter Fields (Field #2 - 11v11),5/31/26,Sun,11:30 AM,6544,Westlake   GL,,Twinsburg,,Boys,2011(U15),2,246
Porter Fields (Field #2 - 11v11),5/31/26,Sun,4:00 PM,5627,Westlake   MW,,Lakewood   B12G,,Boys,2012(U14),1,246
Porter Fields (Field #2 - 11v11),5/31/26,Sun,5:30 PM,11338,Westlake   RN,,Copley,,Girls,2011(U15),4,246
Porter Fields (Field #2 - 11v11),6/1/26,Mon,6:30 PM,11331,Westlake   RN,,Eastside Kickers,,Girls,2011(U15),4,246
Porter Fields (Field #2 - 11v11),6/7/26,Sun,1:00 PM,4820,Westlake   WV,,Kenston,,Boys,2013(U13),1,246
Porter Fields (Field #2 - 11v11),6/7/26,Sun,4:00 PM,4626,Westlake   JJ,,Akron Inner City,,Boys,2013(U13),2,246
Revere High School (Revere High School),4/12/26,Sun,3:00 PM,6004,Revere,2,Mayfield   MA,5,Boys,2012(U14),2,154
Revere High School (Revere High School),4/12/26,Sun,4:30 PM,10803,Parma,5,Revere   RED,2,Girls,2012(U14),2,154
Revere High School (Revere High School),4/12/26,Sun,6:00 PM,10603,Revere   BLUE,0,Green,5,Girls,2012(U14),5,154
Revere High School (Revere High School),4/19/26,Sun,1:00 PM,10605,Revere   BLUE,1,Cuyahoga Falls   EK,4,Girls,2012(U14),5,154
Revere High School (Revere High School),4/19/26,Sun,6:00 PM,6006,Revere,3,West Geauga,6,Boys,2012(U14),2,154
Revere High School (Revere High School),5/3/26,Sun,2:30 PM,10614,Revere   BLUE,,North Canton,,Girls,2012(U14),5,154
Revere High School (Revere High School),5/10/26,Sun,2:30 PM,10830,Revere   RED,,Ashland,,Girls,2012(U14),2,154
Revere High School (Revere High School),5/17/26,Sun,2:30 PM,6027,Revere,,Brecksville Bees SA,,Boys,2012(U14),2,154
Revere High School (Revere High School),5/17/26,Sun,6:30 PM,10834,Revere   RED,,Chippewa,,Girls,2012(U14),2,154
Richfield Woods Park (Richfield Woods Park Field # 1 (Closest to Pond)),4/12/26,Sun,11:30 AM,302,Revere   RED,5,Eagles Select   2016,1,Boys,2016(U10),South 3,175
Richfield Woods Park (Richfield Woods Park Field # 1 (Closest to Pond)),4/18/26,Sat,2:00 PM,14703,Revere   BLUE,5,PLX United,0,Boys,2016(U10),South 6,175
Richfield Woods Park (Richfield Woods Park Field # 1 (Closest to Pond)),4/19/26,Sun,11:00 AM,304,Revere   RED,4,Strongsville,9,Boys,2016(U10),South 3,175
Richfield Woods Park (Richfield Woods Park Field # 1 (Closest to Pond)),4/21/26,Tue,6:00 PM,14706,Revere   BLUE,,Northwest,,Boys,2016(U10),South 6,175
Richfield Woods Park (Richfield Woods Park Field # 1 (Closest to Pond)),4/25/26,Sat,1:00 PM,6916,Revere   RED,,Dover,,Girls,2016(U10),South 4,175
Richfield Woods Park (Richfield Woods Park Field # 1 (Closest to Pond)),4/26/26,Sun,2:30 PM,11809,Revere,,Norton,,Girls,2017(U09),South 3,175
Richfield Woods Park (Richfield Woods Park Field # 1 (Closest to Pond)),4/26/26,Sun,6:30 PM,13710,Revere   BLUE,,Eagles Select   2017,,Boys,2017(U09),South 3,175
Richfield Woods Park (Richfield Woods Park Field # 1 (Closest to Pond)),4/28/26,Tue,6:30 PM,11813,Revere,,Medina   17WT,,Girls,2017(U09),South 3,175
Richfield Woods Park (Richfield Woods Park Field # 1 (Closest to Pond)),4/29/26,Wed,6:30 PM,6911,Revere   RED,,North Canton,,Girls,2016(U10),South 4,175
Richfield Woods Park (Richfield Woods Park Field # 1 (Closest to Pond)),5/3/26,Sun,11:00 AM,11621,Revere   BLUE,,New Philadelphia,,Girls,2016(U10),South 5,175
Richfield Woods Park (Richfield Woods Park Field # 1 (Closest to Pond)),5/3/26,Sun,2:30 PM,13720,Revere   BLUE,,Green,,Boys,2017(U09),South 3,175
Richfield Woods Park (Richfield Woods Park Field # 1 (Closest to Pond)),5/3/26,Sun,4:00 PM,14711,Revere   BLUE,,Barberton,,Boys,2016(U10),South 6,175
Richfield Woods Park (Richfield Woods Park Field # 1 (Closest to Pond)),5/13/26,Wed,6:30 PM,317,Revere   RED,,North Royalton,,Boys,2016(U10),South 3,175
Richfield Woods Park (Richfield Woods Park Field # 1 (Closest to Pond)),5/17/26,Sun,1:00 PM,13524,Revere   RED,,Strongsville,,Boys,2017(U09),2,175
Richfield Woods Park (Richfield Woods Park Field # 1 (Closest to Pond)),5/17/26,Sun,2:30 PM,11826,Revere,,Highland   EM4,,Girls,2017(U09),South 3,175
Richfield Woods Park (Richfield Woods Park Field # 1 (Closest to Pond)),5/17/26,Sun,4:00 PM,13728,Revere   BLUE,,Akron Inner City,,Boys,2017(U09),South 3,175
Richfield Woods Park (Richfield Woods Park Field # 1 (Closest to Pond)),5/22/26,Fri,6:30 PM,13504,Revere   RED,,North Olmsted   ORNG,,Boys,2017(U09),2,175
Richfield Woods Park (Richfield Woods Park Field # 1 (Closest to Pond)),5/26/26,Tue,6:30 PM,13527,Revere   RED,,Olmsted Falls   Blue,,Boys,2017(U09),2,175
Richfield Woods Park (Richfield Woods Park Field # 1 (Closest to Pond)),5/27/26,Wed,6:30 PM,14720,Revere   BLUE,,Copley   Blue,,Boys,2016(U10),South 6,175
Richfield Woods Park (Richfield Woods Park Field # 1 (Closest to Pond)),5/28/26,Thu,6:30 PM,13509,Revere   RED,,Independence,,Boys,2017(U09),2,175
Richfield Woods Park (Richfield Woods Park Field # 1 (Closest to Pond)),5/31/26,Sun,11:30 AM,323,Revere   RED,,Wadsworth,,Boys,2016(U10),South 3,175
Richfield Woods Park (Richfield Woods Park Field # 1 (Closest to Pond)),5/31/26,Sun,2:30 PM,11831,Revere,,Manchester,,Girls,2017(U09),South 3,175
Richfield Woods Park (Richfield Woods Park Field # 1 (Closest to Pond)),5/31/26,Sun,5:30 PM,13729,Revere   BLUE,,Ashland   18,,Boys,2017(U09),South 3,175
Richfield Woods Park (Richfield Woods Park Field # 2 (Middle Field)),4/18/26,Sat,3:00 PM,6906,Revere   RED,5,Perry (Stark),0,Girls,2016(U10),South 4,175
Richfield Woods Park (Richfield Woods Park Field # 2 (Middle Field)),4/21/26,Tue,6:30 PM,6909,Revere   RED,,Eagles Select   2016,,Girls,2016(U10),South 4,175
Richfield Woods Park (Richfield Woods Park Field # 2 (Middle Field)),4/26/26,Sun,4:00 PM,11615,Revere   BLUE,,Akron Inner City,,Girls,2016(U10),South 5,175
Richfield Woods Park (Richfield Woods Park Field # 2 (Middle Field)),5/17/26,Sun,2:30 PM,11631,Revere   BLUE,,Rootstown,,Girls,2016(U10),South 5,175
Richfield Woods Park (Richfield Woods Park Field # 2 (Middle Field)),5/31/26,Sun,5:30 PM,11638,Revere   BLUE,,Green,,Girls,2016(U10),South 5,175
Richfield Woods Park (Richfield Woods Park Field # 3 (Closest to Woods)),4/12/26,Sun,1:00 PM,9502,Revere,3,Eagles Select   2014,0,Girls,2014(U12),South 4,175
Richfield Woods Park (Richfield Woods Park Field # 3 (Closest to Woods)),4/12/26,Sun,4:00 PM,13401,Revere   RED,4,Manchester,3,Boys,2014(U12),2,175
Richfield Woods Park (Richfield Woods Park Field # 3 (Closest to Woods)),4/19/26,Sun,6:00 PM,2806,Revere   BLUE,2,North Canton,2,Boys,2015(U11),South 5,175
Richfield Woods Park (Richfield Woods Park Field # 3 (Closest to Woods)),4/26/26,Sun,2:30 PM,7610,Revere   BLUE,,Jackson,,Girls,2015(U11),South 3,175
Richfield Woods Park (Richfield Woods Park Field # 3 (Closest to Woods)),5/3/26,Sun,2:30 PM,7620,Revere   BLUE,,Ashland,,Girls,2015(U11),South 3,175
Richfield Woods Park (Richfield Woods Park Field # 3 (Closest to Woods)),5/13/26,Wed,6:30 PM,7617,Revere   RED,,Field,,Girls,2015(U11),South 3,175
Richfield Woods Park (Richfield Woods Park Field # 3 (Closest to Woods)),5/18/26,Mon,6:00 PM,7628,Revere   BLUE,,Perry (Stark),,Girls,2015(U11),South 3,175
Richfield Woods Park (Richfield Woods Park Field # 3 (Closest to Woods)),5/20/26,Wed,6:30 PM,7612,Revere   RED,,Lake Select SC   2015,,Girls,2015(U11),South 3,175
Richfield Woods Park (Richfield Woods Park Field # 3 (Closest to Woods)),5/27/26,Wed,6:30 PM,7629,Revere   BLUE,,Norton,,Girls,2015(U11),South 3,175
Richfield Woods Park (Richfield Woods Park Field # 3 (Closest to Woods)),6/1/26,Mon,6:30 PM,7630,Revere   RED,,Perry (Stark),,Girls,2015(U11),South 3,175
Richfield Woods Park (Richfield Woods Park Field # 3 (Closest to Woods)),6/7/26,Sun,2:00 PM,7621,Revere   RED,,Revere   BLUE,,Girls,2015(U11),South 3,175
River Road Park (River Road Park 2),4/26/26,Sun,1:00 PM,12915,Kenston   Whit,,Geneva   17B,,Boys,2017(U09),East 5,617
River Road Park (River Road Park 2),4/26/26,Sun,4:00 PM,13215,Kenston   Whit,,Orange,,Boys,2017(U09),East 6,617
River Road Park (River Road Park 2),5/3/26,Sun,2:30 PM,12921,Kenston   Whit,,Riverside   AM,,Boys,2017(U09),East 5,617
River Road Park (River Road Park 2),5/3/26,Sun,5:30 PM,1618,Kenston,,Aurora,,Boys,2016(U10),East 3,617
River Road Park (River Road Park 2),5/7/26,Thu,6:30 PM,12212,Kenston,,Shaker Hts.   RED,,Girls,2017(U09),East 3,617
River Road Park (River Road Park 2),5/10/26,Sun,9:30 AM,13228,Kenston   Blue,,Orange,,Boys,2017(U09),East 6,617
River Road Park (River Road Park 2),5/10/26,Sun,6:00 PM,14129,Kenston,,Shaker Hts.   BLK,,Girls,2017(U09),1,617
River Road Park (River Road Park 2),5/15/26,Fri,6:30 PM,13201,Kenston   Blue,,Kenston   Whit,,Boys,2017(U09),East 6,617
River Road Park (River Road Park 2),5/17/26,Sun,5:00 PM,12931,Kenston   Whit,,Stow   Gold,,Boys,2017(U09),East 5,617
River Road Park (River Road Park 2),5/31/26,Sun,11:30 AM,14439,Kenston   Blue,,Chagrin Falls,,Boys,2017(U09),East 3,617
River Road Park (River Road Park 2),5/31/26,Sun,4:00 PM,13233,Kenston   Whit,,Eastside Kickers,,Boys,2017(U09),East 6,617
River Road Park (River Road Park 9v9 West),4/19/26,Sun,4:00 PM,2206,Kenston,2,Hudson   SHUT,3,Boys,2015(U11),East 3,617
River Road Park (River Road Park 9v9 West),4/20/26,Mon,7:00 PM,3312,Kenston,,North Royalton,,Boys,2014(U12),East 4,617
River Road Park (River Road Park 9v9 West),4/22/26,Wed,6:30 PM,8909,Kenston,,North Royalton   14P,,Girls,2014(U12),1,617
River Road Park (River Road Park 9v9 West),4/26/26,Sun,1:00 PM,15110,Kenston,,Twinsburg   Whte,,Girls,2015(U11),East 2,617
River Road Park (River Road Park 9v9 West),4/26/26,Sun,4:00 PM,2211,Kenston,,Solon United   Blue,,Boys,2015(U11),East 3,617
River Road Park (River Road Park 9v9 West),4/26/26,Sun,5:30 PM,9110,Kenston,,Mentor,,Girls,2014(U12),East 4,617
River Road Park (River Road Park 9v9 West),4/28/26,Tue,7:00 PM,3319,Kenston,,Streetsboro,,Boys,2014(U12),East 4,617
River Road Park (River Road Park 9v9 West),4/30/26,Thu,6:30 PM,2214,Kenston,,Mayfield   RM,,Boys,2015(U11),East 3,617
River Road Park (River Road Park 9v9 West),5/3/26,Sun,10:30 AM,3321,Kenston,,Shaker Hts.   WHT,,Boys,2014(U12),East 4,617
River Road Park (River Road Park 9v9 West),5/3/26,Sun,2:30 PM,15120,Kenston,,North Royalton,,Girls,2015(U11),East 2,617
River Road Park (River Road Park 9v9 West),5/3/26,Sun,5:30 PM,2218,Kenston,,Mentor,,Boys,2015(U11),East 3,617
River Road Park (River Road Park 9v9 West),5/6/26,Wed,6:30 PM,9115,Kenston,,Madison,,Girls,2014(U12),East 4,617
River Road Park (River Road Park 9v9 West),5/11/26,Mon,6:00 PM,9126,Kenston,,Orange,,Girls,2014(U12),East 4,617
River Road Park (River Road Park 9v9 West),5/15/26,Fri,6:30 PM,8904,Kenston,,Westlake   DK,,Girls,2014(U12),1,617
River Road Park (River Road Park 9v9 West),5/17/26,Sun,11:30 AM,15128,Kenston,,Twinsburg   Blue,,Girls,2015(U11),East 2,617
River Road Park (River Road Park 9v9 West),5/17/26,Sun,1:00 PM,9123,Kenston,,Shaker Hts.   SILV,,Girls,2014(U12),East 4,617
River Road Park (River Road Park 9v9 West),5/17/26,Sun,2:30 PM,8924,Kenston,,Hudson   BEZD,,Girls,2014(U12),1,617
River Road Park (River Road Park 9v9 West),5/17/26,Sun,5:30 PM,3330,Kenston,,Shaker Hts.   RED,,Boys,2014(U12),East 4,617
River Road Park (River Road Park 9v9 West),5/31/26,Sun,2:30 PM,8927,Kenston,,North Royalton   15P,,Girls,2014(U12),1,617
River Road Park (River Road Park 9v9 West),6/1/26,Mon,6:00 PM,15129,Kenston,,NP Aurora,,Girls,2015(U11),East 2,617
River Road Park (River Road Park East 1),4/12/26,Sun,4:00 PM,1602,Kenston,6,North Royalton,3,Boys,2016(U10),East 3,617
River Road Park (River Road Park East 1),4/19/26,Sun,11:30 AM,14408,Kenston   Blue,1,Solon United   Blue,2,Boys,2017(U09),East 3,617
River Road Park (River Road Park East 1),4/19/26,Sun,6:00 PM,13206,Kenston   Blue,3,Eastside Kickers,4,Boys,2017(U09),East 6,617
River Road Park (River Road Park East 1),4/26/26,Sun,11:30 AM,14113,Kenston,,Green,,Girls,2017(U09),1,617
River Road Park (River Road Park East 1),4/26/26,Sun,2:30 PM,12208,Kenston,,NP Aurora,,Girls,2017(U09),East 3,617
River Road Park (River Road Park East 1),4/26/26,Sun,5:30 PM,1611,Kenston,,Willoughby,,Boys,2016(U10),East 3,617
River Road Park (River Road Park East 1),4/29/26,Wed,6:30 PM,14118,Kenston,,Mayfield   DW,,Girls,2017(U09),1,617
River Road Park (River Road Park East 1),5/3/26,Sun,1:00 PM,13224,Kenston   Whit,,Stow   Whit,,Boys,2017(U09),East 6,617
River Road Park (River Road Park East 1),5/3/26,Sun,4:30 PM,14424,Kenston   Blue,,Riverside   CB,,Boys,2017(U09),East 3,617
River Road Park (River Road Park East 1),5/10/26,Sun,5:30 PM,1622,Kenston,,Orange,,Boys,2016(U10),East 3,617
River Road Park (River Road Park East 1),5/14/26,Thu,6:30 PM,12218,Kenston,,Chagrin Falls,,Girls,2017(U09),East 3,617
River Road Park (River Road Park East 1),5/17/26,Sun,4:30 PM,12221,Kenston,,North Royalton,,Girls,2017(U09),East 3,617
River Road Park (River Road Park East 1),5/18/26,Mon,6:15 PM,14135,Kenston,,Amherst,,Girls,2017(U09),1,617
River Road Park (River Road Park East 1),5/21/26,Thu,6:30 PM,14402,Kenston   Blue,,Hudson   SATT,,Boys,2017(U09),East 3,617
River Road Park (River Road Park East 1),5/26/26,Tue,6:30 PM,13235,Kenston   Blue,,Cuyahoga Falls   JH9,,Boys,2017(U09),East 6,617
River Road Park (River Road Park East 1),5/31/26,Sun,1:00 PM,12938,Kenston   Whit,,Shaker Hts.   SILV,,Boys,2017(U09),East 5,617
Riverside HS Stadium - turf field (Stadium turf field 11v11),4/12/26,Sun,2:30 PM,4403,Riverside   CT,1,Geauga Federation SC   GRN,1,Boys,2013(U13),East 3,602
Riverside High School - grass field 11v11 (Varsity Grass (11v11)),4/19/26,Sun,2:30 PM,4306,Riverside   NS,3,Mantua,0,Boys,2013(U13),East 4,383
Riverside High School - grass field 11v11 (Varsity Grass (11v11)),4/19/26,Sun,4:00 PM,4407,Riverside   CT,2,North Royalton,4,Boys,2013(U13),East 3,383
Riverside High School - grass field 11v11 (Varsity Grass (11v11)),4/26/26,Sun,1:00 PM,6011,Riverside,,Revere,,Boys,2012(U14),2,383
Riverside High School - grass field 11v11 (Varsity Grass (11v11)),4/26/26,Sun,2:30 PM,4311,Riverside   NS,,Nordonia,,Boys,2013(U13),East 4,383
Riverside High School - grass field 11v11 (Varsity Grass (11v11)),5/3/26,Sun,1:00 PM,6018,Riverside,,Sandusky,,Boys,2012(U14),2,383
Riverside High School - grass field 11v11 (Varsity Grass (11v11)),5/10/26,Sun,2:30 PM,4424,Riverside   CT,,West Geauga,,Boys,2013(U13),East 3,383
Riverside High School - grass field 11v11 (Varsity Grass (11v11)),5/10/26,Sun,4:00 PM,6022,Riverside,,Brecksville Bees SA,,Boys,2012(U14),2,383
Riverside High School - grass field 11v11 (Varsity Grass (11v11)),5/10/26,Sun,5:30 PM,4318,Riverside   NS,,Kent   BW,,Boys,2013(U13),East 4,383
Riverside High School - grass field 11v11 (Varsity Grass (11v11)),5/17/26,Sun,1:00 PM,4425,Riverside   CT,,Aurora,,Boys,2013(U13),East 3,383
Riverside High School - grass field 11v11 (Varsity Grass (11v11)),5/19/26,Tue,6:30 PM,4314,Riverside   NS,,Stow   Gold,,Boys,2013(U13),East 4,383
Riverside High School - grass field 11v11 (Varsity Grass (11v11)),5/20/26,Wed,6:30 PM,6002,Riverside,,Kent   BW,,Boys,2012(U14),2,383
Riverview Elementary (7v7),4/12/26,Sun,10:00 AM,14403,Riverside   CB,0,Shaker Hts.   RED,5,Boys,2017(U09),East 3,15
Riverview Elementary (7v7),4/12/26,Sun,1:00 PM,202,Riverside,5,Stow   Gray,0,Boys,2016(U10),East 6,15
Riverview Elementary (7v7),4/12/26,Sun,2:30 PM,7015,Riverside,1,Geauga Federation SC,2,Girls,2016(U10),East 4,15
Riverview Elementary (7v7),4/19/26,Sun,1:00 PM,14409,Riverside   CB,6,Hudson   SATT,6,Boys,2017(U09),East 3,15
Riverview Elementary (7v7),4/19/26,Sun,4:00 PM,204,Riverside,2,Shaker Hts.   GOLD,3,Boys,2016(U10),East 6,15
Riverview Elementary (7v7),4/26/26,Sun,10:00 AM,12913,Riverside   AM,,Shaker Hts.   SILV,,Boys,2017(U09),East 5,15
Riverview Elementary (7v7),4/28/26,Tue,6:30 PM,12918,Riverside   AM,,Stow   Gray,,Boys,2017(U09),East 5,15
Riverview Elementary (7v7),4/29/26,Wed,6:30 PM,14420,Riverside   CB,,Stow   Mar,,Boys,2017(U09),East 3,15
Riverview Elementary (7v7),4/30/26,Thu,6:30 PM,7010,Riverside,,Mentor,,Girls,2016(U10),East 4,15
Riverview Elementary (7v7),5/10/26,Sun,1:00 PM,217,Riverside,,Nordonia,,Boys,2016(U10),East 6,15
Riverview Elementary (7v7),5/10/26,Sun,2:30 PM,12929,Riverside   AM,,Solon United   U8,,Boys,2017(U09),East 5,15
Riverview Elementary (7v7),5/17/26,Sun,1:00 PM,7020,Riverside,,Shaker Hts.   RED,,Girls,2016(U10),East 4,15
Riverview Elementary (7v7),5/17/26,Sun,2:30 PM,12935,Riverside   AM,,Eastside Kickers,,Boys,2017(U09),East 5,15
Riverview Elementary (7v7),5/31/26,Sun,2:30 PM,14440,Riverside   CB,,NP Aurora   WH,,Boys,2017(U09),East 3,15
Riverview Elementary (7v7),5/31/26,Sun,4:00 PM,7024,Riverside,,Eastside Kickers,,Girls,2016(U10),East 4,15
Riverview Elementary (7v7),5/31/26,Sun,5:30 PM,223,Riverside,,Geneva,,Boys,2016(U10),East 6,15
Riverview Elementary (9v9),4/12/26,Sun,11:30 AM,3101,Riverside   JJ,1,Solon United   Whit,3,Boys,2014(U12),East 3,15
Riverview Elementary (9v9),4/12/26,Sun,4:00 PM,8102,Riverside,3,West Geauga,0,Girls,2015(U11),East 4,15
Riverview Elementary (9v9),4/12/26,Sun,5:30 PM,3105,Riverside   KC,4,Chagrin Falls   Blck,1,Boys,2014(U12),East 3,15
Riverview Elementary (9v9),4/19/26,Sun,10:00 AM,3110,Riverside   JJ,2,Wickliffe,2,Boys,2014(U12),East 3,15
Riverview Elementary (9v9),4/19/26,Sun,11:30 AM,8104,Riverside,0,Chagrin Falls,1,Girls,2015(U11),East 4,15
Riverview Elementary (9v9),4/19/26,Sun,6:30 PM,2106,Riverside   BH,3,Shaker Hts.   WHT,3,Boys,2015(U11),East 4,15
Riverview Elementary (9v9),4/26/26,Sun,11:30 AM,3709,Riverside   MN,,Brecksville Bees SA   R,,Boys,2014(U12),East 2,15
Riverview Elementary (9v9),4/26/26,Sun,1:00 PM,2111,Riverside   BH,,Willoughby,,Boys,2015(U11),East 4,15
Riverview Elementary (9v9),4/26/26,Sun,4:00 PM,3111,Riverside   KC,,Kent   ER,,Boys,2014(U12),East 3,15
Riverview Elementary (9v9),4/29/26,Wed,6:30 PM,3117,Riverside   JJ,,Geneva   14B,,Boys,2014(U12),East 3,15
Riverview Elementary (9v9),5/3/26,Sun,11:00 AM,3122,Riverside   KC,,Riverside   JJ,,Boys,2014(U12),East 3,15
Riverview Elementary (9v9),5/3/26,Sun,1:00 PM,2118,Riverside   BH,,Twinsburg   Whte,,Boys,2015(U11),East 4,15
Riverview Elementary (9v9),5/6/26,Wed,6:30 PM,3713,Riverside   MN,,Aurora,,Boys,2014(U12),East 2,15
Riverview Elementary (9v9),5/10/26,Sun,4:00 PM,8117,Riverside,,Shaker Hts.   RED,,Girls,2015(U11),East 4,15
Riverview Elementary (9v9),5/15/26,Fri,6:30 PM,2114,Riverside   BH,,Aurora   GRN,,Boys,2015(U11),East 4,15
Riverview Elementary (9v9),5/17/26,Sun,11:30 AM,3726,Riverside   MN,,Geauga Federation SC,,Boys,2014(U12),East 2,15
Riverview Elementary (9v9),5/17/26,Sun,4:00 PM,3133,Riverside   JJ,,Mentor,,Boys,2014(U12),East 3,15
Riverview Elementary (9v9),5/31/26,Sun,4:00 PM,8123,Riverside,,Hudson   SCHA,,Girls,2015(U11),East 4,15
Riverview Elementary (9v9),5/31/26,Sun,5:30 PM,3137,Riverside   KC,,Twinsburg,,Boys,2014(U12),East 3,15
Riverview Elementary (9v9),6/5/26,Fri,6:00 PM,3731,Riverside   MN,,Kent   BW,,Boys,2014(U12),East 2,15
Rocky River High School (RRHS),5/3/26,Sun,5:00 PM,10125,Rocky River   MRN,,Medina   13GN,,Girls,2013(U13),1,3
Rocky River High School (RRHS),5/10/26,Sun,1:00 PM,10217,Rocky River   WHT,,Independence,,Girls,2013(U13),West 3,3
Rocky River High School (RRHS),5/10/26,Sun,2:30 PM,10130,Rocky River   MRN,,Hudson   CARP,,Girls,2013(U13),1,3
Rocky River High School (RRHS),5/17/26,Sun,2:30 PM,5220,Rocky River   MRN,,Brunswick   RYL,,Boys,2013(U13),West 3,3
Rocky River High School (RRHS),5/31/26,Sun,11:30 AM,11340,Rocky River,,TUSA,,Girls,2011(U15),4,3
Rocky River High School (RRHS),5/31/26,Sun,2:30 PM,5224,Rocky River   MRN,,Amherst,,Boys,2013(U13),West 3,3
Rocky River High School (RRHS),5/31/26,Sun,4:00 PM,6131,Rocky River   MRN,,Lakewood   B11G,,Boys,2011(U15),West 3,3
Rocky River Middle School (RRMS),4/19/26,Sun,2:30 PM,10204,Rocky River   WHT,,Fairview Park,,Girls,2013(U13),West 3,4
Rocky River Middle School (RRMS),4/20/26,Mon,6:30 PM,6109,Rocky River   MRN,,Buckeye,,Boys,2011(U15),West 3,4
Rocky River Middle School (RRMS),4/28/26,Tue,6:30 PM,11320,Rocky River,,Eastside Kickers,,Girls,2011(U15),4,4
Rocky River Middle School (RRMS),4/29/26,Wed,6:30 PM,5210,Rocky River   MRN,,Midview,,Boys,2013(U13),West 3,4
Rocky River Middle School (RRMS),4/30/26,Thu,6:30 PM,6113,Rocky River   MRN,,North Olmsted,,Boys,2011(U15),West 3,4
Rocky River Middle School (RRMS),5/13/26,Wed,6:30 PM,10223,Rocky River   WHT,,Olmsted Falls   Blue,,Girls,2013(U13),West 3,4
Rocky River Middle School (RRMS),5/15/26,Fri,6:30 PM,5215,Rocky River   MRN,,Port Clinton,,Boys,2013(U13),West 3,4
Rocky River Middle School (RRMS),5/16/26,Sat,10:00 AM,6126,Rocky River   MRN,,Brecksville Bees SA,,Boys,2011(U15),West 3,4
Rocky River Middle School (RRMS),5/17/26,Sun,9:00 AM,10134,Rocky River   MRN,,Westlake   JD,,Girls,2013(U13),1,4
Rocky River Middle School (RRMS),5/27/26,Wed,6:30 PM,11303,Rocky River,,Mayfield   DS,,Girls,2011(U15),4,4
Rocky River Middle School (RRMS),5/29/26,Fri,6:30 PM,10114,Rocky River   MRN,,Brunswick   RYL,,Girls,2013(U13),1,4
Rocky River Middle School (RRMS),5/29/26,Fri,6:30 PM,10202,Rocky River   WHT,,Olmsted Falls   Gold,,Girls,2013(U13),West 3,4
Rocky River Middle School (RRMS),6/5/26,Fri,6:00 PM,11309,Rocky River,,Westlake   RN,,Girls,2011(U15),4,4
Rootstown Community Park - Gracie Fields (#1),4/26/26,Sun,2:30 PM,11612,Rootstown,,Mustangs Jr,,Girls,2016(U10),South 5,651
Rootstown Community Park - Gracie Fields (#1),5/3/26,Sun,2:30 PM,11623,Rootstown,,Akron Inner City,,Girls,2016(U10),South 5,651
Rootstown Community Park - Gracie Fields (#1),5/12/26,Tue,6:00 PM,11628,Rootstown,,Wadsworth,,Girls,2016(U10),South 5,651
Rootstown Community Park - Gracie Fields (#1),5/31/26,Sun,2:30 PM,11636,Rootstown,,New Philadelphia,,Girls,2016(U10),South 5,651
Rootstown Community Park - Gracie Fields (#4),4/26/26,Sun,10:00 AM,3314,Rootstown,,Shaker Hts.   WHT,,Boys,2014(U12),East 4,651
Rootstown Community Park - Gracie Fields (#4),5/10/26,Sun,1:00 PM,3325,Rootstown,,Kenston,,Boys,2014(U12),East 4,651
Rootstown Community Park - Gracie Fields (#4),5/16/26,Sat,10:00 AM,3323,Rootstown,,Shaker Hts.   RED,,Boys,2014(U12),East 4,651
Rootstown Community Park - Gracie Fields (#4),5/27/26,Wed,6:00 PM,3332,Rootstown,,Streetsboro,,Boys,2014(U12),East 4,651
Rootstown Community Park - Gracie Fields (#6),4/12/26,Sun,2:30 PM,5502,Rootstown,1,Manchester,0,Boys,2012(U14),South 3,651
Rootstown Community Park - Gracie Fields (#6),5/10/26,Sun,4:00 PM,5517,Rootstown,,Northwest,,Boys,2012(U14),South 3,651
Rootstown Community Park - Gracie Fields (#6),5/14/26,Thu,6:30 PM,5504,Rootstown,,Broadview Hts.,,Boys,2012(U14),South 3,651
Rootstown Community Park - Gracie Fields (#6),5/30/26,Sat,5:00 PM,5523,Rootstown,,Highland   DG1,,Boys,2012(U14),South 3,651
Roxbury Field (11v11),4/19/26,Sun,4:00 PM,5804,Solon United   Blue,6,Willoughby,1,Boys,2012(U14),East 3,540
Roxbury Field (11v11),4/22/26,Wed,6:30 PM,9817,Solon United   Gold,,Field,,Girls,2013(U13),East 2,540
Roxbury Field (11v11),4/27/26,Mon,6:30 PM,4622,Solon United   Blue,,West Geauga,,Boys,2013(U13),2,540
Roxbury Field (11v11),4/29/26,Wed,6:30 PM,10413,Solon United   Blue,,Eastside Kickers,,Girls,2013(U13),East 3,540
Roxbury Field (11v11),5/3/26,Sun,1:00 PM,5715,Solon United   Whit,,Mentor,,Boys,2012(U14),East 4,540
Roxbury Field (11v11),5/3/26,Sun,2:30 PM,4419,Solon United   Blue,,Aurora,,Boys,2013(U13),East 3,540
Roxbury Field (11v11),5/4/26,Mon,6:30 PM,4416,Solon United   Blue,,Riverside   CT,,Boys,2013(U13),East 3,540
Roxbury Field (11v11),5/6/26,Wed,6:00 PM,5817,Solon United   Blue,,Mayfield   RP14,,Boys,2012(U14),East 3,540
Roxbury Field (11v11),5/13/26,Wed,6:30 PM,5710,Solon United   Whit,,NP Aurora,,Boys,2012(U14),East 4,540
Roxbury Field (11v11),5/17/26,Sun,1:00 PM,5720,Solon United   Whit,,Copley,,Boys,2012(U14),East 4,540
Roxbury Field (11v11),5/17/26,Sun,2:30 PM,10426,Solon United   Blue,,Stow   Mar,,Girls,2013(U13),East 3,540
Roxbury Field (11v11),5/18/26,Mon,6:30 PM,9804,Solon United   Gold,,Mayfield   TB,,Girls,2013(U13),East 2,540
Roxbury Field (11v11),5/20/26,Wed,6:30 PM,4617,Solon United   Blue,,Avon Lake   GOLD,,Boys,2013(U13),2,540
Roxbury Field (11v11),5/31/26,Sun,10:00 AM,9802,Solon United   Gold,,Twinsburg,,Girls,2013(U13),East 2,540
Roxbury Field (11v11),5/31/26,Sun,11:30 AM,5823,Solon United   Blue,,Geauga Federation SC,,Boys,2012(U14),East 3,540
Roxbury Field (11v11),5/31/26,Sun,1:00 PM,10431,Solon United   Blue,,Nordonia,,Girls,2013(U13),East 3,540
Roxbury Field (11v11),5/31/26,Sun,2:30 PM,9823,Solon United   Gold,,Shaker Hts.   BLK,,Girls,2013(U13),East 2,540
Roxbury Field (11v11),5/31/26,Sun,4:00 PM,5724,Solon United   Whit,,Geneva,,Boys,2012(U14),East 4,540
Roxbury Field (11v11),6/1/26,Mon,6:30 PM,4631,Solon United   Blue,,Westlake   JJ,,Boys,2013(U13),2,540
Roxbury Field (7v7 South),4/17/26,Fri,6:15 PM,103,Solon United   Blue,5,Stow   Mar,4,Boys,2016(U10),2,540
Roxbury Field (7v7 South),4/19/26,Sun,5:30 PM,1006,Solon United   Whit,1,Geneva   16B,5,Boys,2016(U10),East 5,540
Roxbury Field (7v7 South),4/24/26,Fri,6:30 PM,116,Solon United   Blue,,Strongsville,,Boys,2016(U10),2,540
Roxbury Field (7v7 South),4/26/26,Sun,12:00 PM,12615,Solon United   Whit,,Geauga Federation SC,,Boys,2017(U09),East 4,540
Roxbury Field (7v7 South),4/26/26,Sun,4:00 PM,12911,Solon United   U8,,Eastside Kickers,,Boys,2017(U09),East 5,540
Roxbury Field (7v7 South),5/27/26,Wed,6:30 PM,134,Solon United   Blue,,Bay Village   BK,,Boys,2016(U10),2,540
Schady Rd Soccer Complex (11v11-1),4/12/26,Sun,11:30 AM,5602,Olmsted Falls   Blue,0,Twinsburg   Blue,2,Boys,2012(U14),1,12
Schady Rd Soccer Complex (11v11-1),4/12/26,Sun,4:00 PM,5301,Olmsted Falls   Gold,6,Lakewood   B13G,2,Boys,2013(U13),West 5,12
Schady Rd Soccer Complex (11v11-1),4/14/26,Tue,6:30 PM,6512,Olmsted Falls   Blue,3,North Ridgeville,2,Boys,2011(U15),2,12
Schady Rd Soccer Complex (11v11-1),4/19/26,Sun,1:00 PM,15406,Olmsted Falls   Blue,5,Brunswick   RYL,0,Girls,2012(U14),West 4,12
Schady Rd Soccer Complex (11v11-1),4/22/26,Wed,6:30 PM,4808,Olmsted Falls   Blue,,Medina   13Gr,,Boys,2013(U13),1,12
Schady Rd Soccer Complex (11v11-1),4/23/26,Thu,6:30 PM,10206,Olmsted Falls   Blue,,North Ridgeville,,Girls,2013(U13),West 3,12
Schady Rd Soccer Complex (11v11-1),4/26/26,Sun,11:30 AM,15409,Olmsted Falls   Blue,,Sandusky,,Girls,2012(U14),West 4,12
Schady Rd Soccer Complex (11v11-1),4/26/26,Sun,1:00 PM,5308,Olmsted Falls   Gold,,Parma Hts,,Boys,2013(U13),West 5,12
Schady Rd Soccer Complex (11v11-1),4/26/26,Sun,6:30 PM,6518,Akron Inner City,,Olmsted Falls   Blue,,Boys,2011(U15),2,12
Schady Rd Soccer Complex (11v11-1),4/28/26,Tue,6:30 PM,10210,Olmsted Falls   Gold,,Fairview Park,,Girls,2013(U13),West 3,12
Schady Rd Soccer Complex (11v11-1),4/30/26,Thu,6:30 PM,10211,Olmsted Falls   Blue,,Rocky River   WHT,,Girls,2013(U13),West 3,12
Schady Rd Soccer Complex (11v11-1),5/10/26,Sun,11:30 AM,15416,Olmsted Falls   Blue,,Port Clinton,,Girls,2012(U14),West 4,12
Schady Rd Soccer Complex (11v11-1),5/10/26,Sun,1:00 PM,5314,Olmsted Falls   Gold,,Norwalk HCYSC   ML,,Boys,2013(U13),West 5,12
Schady Rd Soccer Complex (11v11-1),5/10/26,Sun,4:00 PM,10216,Olmsted Falls   Blue,,Fairview Park,,Girls,2013(U13),West 3,12
Schady Rd Soccer Complex (11v11-1),5/15/26,Fri,6:30 PM,5621,Olmsted Falls   Blue,,Highland   AS1,,Boys,2012(U14),1,12
Schady Rd Soccer Complex (11v11-1),5/21/26,Thu,6:30 PM,10209,Olmsted Falls   Blue,,Olmsted Falls   Gold,,Girls,2013(U13),West 3,12
Schady Rd Soccer Complex (11v11-1),5/29/26,Fri,6:30 PM,4823,Olmsted Falls   Blue,,Kenston,,Boys,2013(U13),1,12
Schady Rd Soccer Complex (11v11-1),5/31/26,Sun,11:30 AM,10224,Olmsted Falls   Gold,,North Ridgeville,,Girls,2013(U13),West 3,12
Schady Rd Soccer Complex (11v11-1),5/31/26,Sun,4:00 PM,4832,Olmsted Falls   Blue,,Green,,Boys,2013(U13),1,12
Schady Rd Soccer Complex (11v11-1),5/31/26,Sun,5:30 PM,6548,Olmsted Falls   Blue,,Eastside Kickers,,Boys,2011(U15),2,12
Schady Rd Soccer Complex (11v11-2),4/23/26,Thu,6:30 PM,5607,Olmsted Falls   Blue,,Strongsville,,Boys,2012(U14),1,12
Schady Rd Soccer Complex (11v11-2),4/29/26,Wed,6:30 PM,4815,Olmsted Falls   Blue,,Chagrin Falls   Orng,,Boys,2013(U13),1,12
Schady Rd Soccer Complex (11v11-2),4/30/26,Thu,6:30 PM,6519,Olmsted Falls   Blue,,Sandusky,,Boys,2011(U15),2,12
Schady Rd Soccer Complex (11v11-2),5/7/26,Thu,6:30 PM,15411,Olmsted Falls   Blue,,Vermilion,,Girls,2012(U14),West 4,12
Schady Rd Soccer Complex (7v7-1),4/15/26,Wed,6:30 PM,902,Olmsted Falls   Blue,,North Olmsted   ORNG,,Boys,2016(U10),West 3,12
Schady Rd Soccer Complex (7v7-1),4/16/26,Thu,5:30 PM,12102,Olmsted Falls   Blue,,Avon   JE,,Girls,2017(U09),West 3,12
Schady Rd Soccer Complex (7v7-1),4/26/26,Sun,11:30 AM,911,Olmsted Falls   Blue,,Westlake   RR,,Boys,2016(U10),West 3,12
Schady Rd Soccer Complex (7v7-1),4/26/26,Sun,4:00 PM,14009,Olmsted Falls   Gold,,Amherst,,Boys,2017(U09),West 4,12
Schady Rd Soccer Complex (7v7-1),4/28/26,Tue,6:30 PM,15509,Olmsted Falls   Wht,,Rocky River   WHT,,Boys,2016(U10),West 8,12
Schady Rd Soccer Complex (7v7-1),4/29/26,Wed,6:30 PM,14013,Olmsted Falls   Gold,,Rocky River   WHT,,Boys,2017(U09),West 4,12
Schady Rd Soccer Complex (7v7-1),4/30/26,Thu,6:30 PM,1513,Olmsted Falls,,Bay Village   DY,,Boys,2016(U10),West 4,12
Schady Rd Soccer Complex (7v7-1),5/3/26,Sun,4:00 PM,918,Olmsted Falls   Blue,,Avon Lake,,Boys,2016(U10),West 3,12
Schady Rd Soccer Complex (7v7-1),5/3/26,Sun,5:30 PM,13518,Olmsted Falls   Blue,,Revere   RED,,Boys,2017(U09),2,12
Schady Rd Soccer Complex (7v7-1),5/10/26,Sun,11:30 AM,15513,Olmsted Falls   Wht,,Sandusky,,Boys,2016(U10),West 8,12
Schady Rd Soccer Complex (7v7-1),5/10/26,Sun,1:00 PM,922,Olmsted Falls   Blue,,Independence,,Boys,2016(U10),West 3,12
Schady Rd Soccer Complex (7v7-1),5/17/26,Sun,1:00 PM,1526,Olmsted Falls,,Westlake   JL,,Boys,2016(U10),West 4,12
Schady Rd Soccer Complex (7v7-1),5/19/26,Tue,6:30 PM,6702,Olmsted Falls   Gold,,North Olmsted,,Girls,2016(U10),West 6,12
Schady Rd Soccer Complex (7v7-1),5/21/26,Thu,5:30 PM,14031,Olmsted Falls   Gold,,Bay Village   SE,,Boys,2017(U09),West 4,12
Schady Rd Soccer Complex (7v7-1),5/31/26,Sun,1:00 PM,1531,Olmsted Falls,,Norwalk HCYSC   CW,,Boys,2016(U10),West 4,12
Schady Rd Soccer Complex (7v7-1),5/31/26,Sun,5:30 PM,15517,Olmsted Falls   Wht,,Lakewood   B16W,,Boys,2016(U10),West 8,12
Schady Rd Soccer Complex (7v7-2),4/19/26,Sun,2:30 PM,6704,Olmsted Falls   Gold,3,Avon   JD,7,Girls,2016(U10),West 6,12
Schady Rd Soccer Complex (7v7-2),4/21/26,Tue,6:30 PM,15505,Olmsted Falls   Wht,,Brunswick   WHT,,Boys,2016(U10),West 8,12
Schady Rd Soccer Complex (7v7-2),4/26/26,Sun,10:00 AM,10710,Olmsted Falls   Blue,,Medina   16WT,,Girls,2016(U10),2,12
Schady Rd Soccer Complex (7v7-2),4/26/26,Sun,11:30 AM,1509,Olmsted Falls,,North Olmsted   BLK,,Boys,2016(U10),West 4,12
Schady Rd Soccer Complex (7v7-2),4/26/26,Sun,4:00 PM,13511,Olmsted Falls   Blue,,North Olmsted   ORNG,,Boys,2017(U09),2,12
Schady Rd Soccer Complex (7v7-2),4/26/26,Sun,5:30 PM,12111,Olmsted Falls   Blue,,Rocky River   MRN,,Girls,2017(U09),West 3,12
Schady Rd Soccer Complex (7v7-2),4/28/26,Tue,6:30 PM,13514,Olmsted Falls   Blue,,Westlake,,Boys,2017(U09),2,12
Schady Rd Soccer Complex (7v7-2),5/3/26,Sun,11:30 AM,10720,Olmsted Falls   Blue,,Bay Village   BW,,Girls,2016(U10),2,12
Schady Rd Soccer Complex (7v7-2),5/3/26,Sun,2:30 PM,12118,Olmsted Falls   Blue,,Westlake   JB,,Girls,2017(U09),West 3,12
Schady Rd Soccer Complex (7v7-2),5/10/26,Sun,11:30 AM,12122,Olmsted Falls   Blue,,North Ridgeville,,Girls,2017(U09),West 3,12
Schady Rd Soccer Complex (7v7-2),5/10/26,Sun,4:00 PM,6717,Olmsted Falls   Gold,,Rocky River   GRY,,Girls,2016(U10),West 6,12
Schady Rd Soccer Complex (7v7-2),5/12/26,Tue,6:30 PM,13506,Olmsted Falls   Blue,,Avon Lake,,Boys,2017(U09),2,12
Schady Rd Soccer Complex (7v7-2),5/13/26,Wed,5:30 PM,14026,Olmsted Falls   Gold,,Avon Lake,,Boys,2017(U09),West 4,12
Schady Rd Soccer Complex (7v7-2),5/19/26,Tue,6:30 PM,10728,Olmsted Falls   Blue,,Green,,Girls,2016(U10),2,12
Schady Rd Soccer Complex (7v7-2),5/31/26,Sun,1:00 PM,10729,Olmsted Falls   Blue,,Shaker Hts.   BLK,,Girls,2016(U10),2,12
Schady Rd Soccer Complex (7v7-2),5/31/26,Sun,4:00 PM,6723,Olmsted Falls   Gold,,Avon   DT,,Girls,2016(U10),West 6,12
Schady Rd Soccer Complex (9v9-1),4/12/26,Sun,5:30 PM,3804,Olmsted Falls   Blue,3,North Ridgeville   Navy,7,Boys,2014(U12),West 3,12
Schady Rd Soccer Complex (9v9-1),4/19/26,Sun,4:00 PM,14804,Olmsted Falls   Gold,,Westlake,,Boys,2014(U12),West 6,12
Schady Rd Soccer Complex (9v9-1),4/19/26,Sun,5:30 PM,3807,Olmsted Falls   Blue,,Amherst   CS,,Boys,2014(U12),West 3,12
Schady Rd Soccer Complex (9v9-1),4/23/26,Thu,6:30 PM,2509,Olmsted Falls   Gold,,Fairview Park,,Boys,2015(U11),West 4,12
Schady Rd Soccer Complex (9v9-1),4/26/26,Sun,1:00 PM,1812,Olmsted Falls   Blue,,North Olmsted,,Boys,2015(U11),West 3,12
Schady Rd Soccer Complex (9v9-1),4/26/26,Sun,5:30 PM,3818,Olmsted Falls   Blue,,Bay Village   JS,,Boys,2014(U12),West 3,12
Schady Rd Soccer Complex (9v9-1),4/29/26,Wed,6:30 PM,1813,Olmsted Falls   Blue,,Norwalk HCYSC,,Boys,2015(U11),West 3,12
Schady Rd Soccer Complex (9v9-1),5/3/26,Sun,5:30 PM,1817,Olmsted Falls   Blue,,Columbia Station,,Boys,2015(U11),West 3,12
Schady Rd Soccer Complex (9v9-1),5/8/26,Fri,6:30 PM,1819,Olmsted Falls   Blue,,Avon,,Boys,2015(U11),West 3,12
Schady Rd Soccer Complex (9v9-1),5/10/26,Sun,5:30 PM,14817,Olmsted Falls   Gold,,Avon   BK2,,Boys,2014(U12),West 6,12
Schady Rd Soccer Complex (9v9-1),5/17/26,Sun,11:30 AM,2526,Olmsted Falls   Gold,,Bay Village   KD,,Boys,2015(U11),West 4,12
Schady Rd Soccer Complex (9v9-1),5/26/26,Tue,6:30 PM,14802,Olmsted Falls   Gold,,Oberlin,,Boys,2014(U12),West 6,12
Schady Rd Soccer Complex (9v9-1),5/28/26,Thu,6:30 PM,3833,Olmsted Falls   Blue,,LaGrange,,Boys,2014(U12),West 3,12
Schady Rd Soccer Complex (9v9-1),5/31/26,Sun,1:00 PM,14823,Olmsted Falls   Gold,,Lakewood   B14B,,Boys,2014(U12),West 6,12
Schady Rd Soccer Complex (9v9-1),5/31/26,Sun,5:30 PM,2531,Olmsted Falls   Gold,,Westlake   ZA,,Boys,2015(U11),West 4,12
Schady Rd Soccer Complex (9v9-2),4/15/26,Wed,6:30 PM,14602,Olmsted Falls   Blue,,Columbia Station,,Girls,2015(U11),West 2,12
Schady Rd Soccer Complex (9v9-2),4/22/26,Wed,6:30 PM,14607,Olmsted Falls   Blue,,Westlake   BL,,Girls,2015(U11),West 2,12
Schady Rd Soccer Complex (9v9-2),4/26/26,Sun,11:30 AM,8509,Olmsted Falls   Gold,,Avon Lake   MRN,,Girls,2015(U11),West 4,12
Schady Rd Soccer Complex (9v9-2),4/26/26,Sun,5:30 PM,8808,Olmsted Falls   Blue,,Ashland,,Girls,2014(U12),West 4,12
Schady Rd Soccer Complex (9v9-2),4/27/26,Mon,6:30 PM,2513,Olmsted Falls   Gold,,Rocky River   MRN,,Boys,2015(U11),West 4,12
Schady Rd Soccer Complex (9v9-2),4/28/26,Tue,6:30 PM,8511,Olmsted Falls   Gold,,Fairview Park,,Girls,2015(U11),West 4,12
Schady Rd Soccer Complex (9v9-2),5/3/26,Sun,2:30 PM,14616,Olmsted Falls   Blue,,Avon Lake   GOLD,,Girls,2015(U11),West 2,12
Schady Rd Soccer Complex (9v9-2),5/6/26,Wed,6:30 PM,8814,Olmsted Falls   Blue,,Rocky River   MRN,,Girls,2014(U12),West 4,12
Schady Rd Soccer Complex (9v9-2),5/11/26,Mon,6:00 PM,8516,Olmsted Falls   Gold,,Amherst,,Girls,2015(U11),West 4,12
Schady Rd Soccer Complex (9v9-2),5/12/26,Tue,6:30 PM,8506,Olmsted Falls   Gold,,TUSA,,Girls,2015(U11),West 4,12
Schady Rd Soccer Complex (9v9-2),5/13/26,Wed,6:30 PM,14621,Olmsted Falls   Blue,,Midview,,Girls,2015(U11),West 2,12
Schady Rd Soccer Complex (9v9-2),5/20/26,Wed,6:30 PM,8801,Olmsted Falls   Blue,,Bay Village   DC,,Girls,2014(U12),West 4,12
Schady Rd Soccer Complex (9v9-2),6/1/26,Mon,6:30 PM,8819,Olmsted Falls   Blue,,Brecksville Bees SA,,Girls,2014(U12),West 4,12
Schwartz Road Park (#10 - 7v7),4/26/26,Sun,11:30 AM,6707,Avon   JD,,Rocky River   GRY,,Girls,2016(U10),West 6,330
Schwartz Road Park (#10 - 7v7),4/26/26,Sun,1:00 PM,1209,Avon   RL,,Fairview Park   RS,,Boys,2016(U10),West 5,330
Schwartz Road Park (#10 - 7v7),4/26/26,Sun,4:00 PM,6709,Avon   DT,,North Olmsted,,Girls,2016(U10),West 6,330
Schwartz Road Park (#10 - 7v7),4/26/26,Sun,5:30 PM,7110,Avon   AG,,North Royalton,,Girls,2016(U10),1,330
Schwartz Road Park (#10 - 7v7),5/1/26,Fri,6:30 PM,1113,Avon   PK,,NP Aurora   GR,,Boys,2016(U10),1,330
Schwartz Road Park (#10 - 7v7),5/3/26,Sun,1:00 PM,1122,Avon   PK,,Medina   U10G,,Boys,2016(U10),1,330
Schwartz Road Park (#10 - 7v7),5/3/26,Sun,2:30 PM,711,Avon   JD,,Sandusky,,Boys,2016(U10),West 6,330
Schwartz Road Park (#10 - 7v7),5/3/26,Sun,4:00 PM,6713,Avon   JD,,Parma   CRE,,Girls,2016(U10),West 6,330
Schwartz Road Park (#10 - 7v7),5/3/26,Sun,5:30 PM,7420,Avon   DFH,,Sandusky,,Girls,2016(U10),West 3,330
Schwartz Road Park (#10 - 7v7),5/8/26,Fri,6:30 PM,7120,Avon   AG,,Rocky River   MRN,,Girls,2016(U10),1,330
Schwartz Road Park (#10 - 7v7),5/10/26,Sun,2:30 PM,6716,Avon   DT,,Avon   JD,,Girls,2016(U10),West 6,330
Schwartz Road Park (#10 - 7v7),5/17/26,Sun,1:00 PM,7428,Avon   DFH,,Westlake   NF,,Girls,2016(U10),West 3,330
Schwartz Road Park (#10 - 7v7),5/17/26,Sun,2:30 PM,7128,Avon   AG,,Westlake   PD,,Girls,2016(U10),1,330
Schwartz Road Park (#10 - 7v7),5/31/26,Sun,2:30 PM,12130,Avon   JE,,Olmsted Falls   Blue,,Girls,2017(U09),West 3,330
Schwartz Road Park (#10 - 7v7),6/7/26,Sun,10:00 AM,6711,Avon   DT,,Olmsted Falls   Gold,,Girls,2016(U10),West 6,330
Schwartz Road Park (#11 - 7v7),4/26/26,Sun,1:00 PM,12714,Avon   TN,,Fairview Park   AP,,Boys,2017(U09),West 3,330
Schwartz Road Park (#11 - 7v7),4/26/26,Sun,2:30 PM,7410,Avon   DFH,,Amherst,,Girls,2016(U10),West 3,330
Schwartz Road Park (#11 - 7v7),5/3/26,Sun,1:00 PM,12117,Avon   JE,,Rocky River   MRN,,Girls,2017(U09),West 3,330
Schwartz Road Park (#12 - 7v7),4/19/26,Sun,5:30 PM,14307,Avon   DB,7,Mayfield   SR,2,Boys,2017(U09),1,330
Schwartz Road Park (#12 - 7v7),5/10/26,Sun,6:30 PM,713,North Ridgeville   Gold,,Avon   JD,,Boys,2016(U10),West 6,330
Schwartz Road Park (#13 - 11V11),5/3/26,Sun,11:30 AM,10318,Avon   ML,,Strongsville,,Girls,2013(U13),West 4,330
Schwartz Road Park (#13 - 11V11),5/3/26,Sun,5:30 PM,6120,Avon   LG,,Rocky River   MRN,,Boys,2011(U15),West 3,330
Schwartz Road Park (#13 - 11V11),5/8/26,Fri,6:30 PM,10311,Avon   ML,,Buckeye,,Girls,2013(U13),West 4,330
Schwartz Road Park (#13 - 11V11),5/10/26,Sun,2:30 PM,10322,Avon   ML,,North Royalton,,Girls,2013(U13),West 4,330
Schwartz Road Park (#13 - 11V11),5/10/26,Sun,5:30 PM,4523,Avon   JF,,Sandusky,,Boys,2013(U13),West 4,330
Schwartz Road Park (#13 - 11V11),5/17/26,Sun,4:00 PM,6128,Avon   LG,,North Olmsted,,Boys,2011(U15),West 3,330
Schwartz Road Park (#13 - 11V11),5/29/26,Fri,6:30 PM,6129,Avon   LG,,Buckeye,,Boys,2011(U15),West 3,330
Schwartz Road Park (#13 - 11V11),5/31/26,Sun,11:30 AM,4532,Avon   JF,,Brecksville Bees SA,,Boys,2013(U13),West 4,330
Schwartz Road Park (#13 - 11V11),6/3/26,Wed,6:30 PM,4515,Avon   JF,,North Ridgeville,,Boys,2013(U13),West 4,330
Schwartz Road Park (#13 - 11V11),6/6/26,Sat,6:30 PM,4508,Avon   JF,,Westlake   JM,,Boys,2013(U13),West 4,330
Schwartz Road Park (#13 - 11V11),6/7/26,Sun,1:30 PM,10302,Avon   ML,,Midview   BL,,Girls,2013(U13),West 4,330
Schwartz Road Park (#14 - 11V11),5/8/26,Fri,6:30 PM,6110,Avon   LG,,Midview,,Boys,2011(U15),West 3,330
Schwartz Road Park (#3 - 9v9),4/12/26,Sun,5:30 PM,4101,Avon   BK1,4,TUSA,8,Boys,2014(U12),West 4,330
Schwartz Road Park (#3 - 9v9),4/19/26,Sun,10:00 AM,3610,Avon   LS,1,Shaker Hts.   BLK,2,Boys,2014(U12),1,330
Schwartz Road Park (#3 - 9v9),4/19/26,Sun,4:00 PM,4105,Avon   BK1,2,Amherst   JH,4,Boys,2014(U12),West 4,330
Schwartz Road Park (#3 - 9v9),4/19/26,Sun,6:30 PM,14805,Avon   BK2,4,Oberlin,4,Boys,2014(U12),West 6,330
Schwartz Road Park (#3 - 9v9),4/24/26,Fri,6:30 PM,8306,Avon   BE,,North Olmsted,,Girls,2015(U11),1,330
Schwartz Road Park (#3 - 9v9),4/24/26,Fri,7:00 PM,8316,Avon   BE,,Brunswick   RYL,,Girls,2015(U11),1,330
Schwartz Road Park (#3 - 9v9),4/26/26,Sun,1:00 PM,1810,Avon,,Columbia Station,,Boys,2015(U11),West 3,330
Schwartz Road Park (#3 - 9v9),5/1/26,Fri,6:30 PM,1815,Avon,,Avon Lake,,Boys,2015(U11),West 3,330
Schwartz Road Park (#3 - 9v9),5/1/26,Fri,6:30 PM,8707,Avon   TF,,Brunswick   WHT,,Girls,2014(U12),West 5,330
Schwartz Road Park (#3 - 9v9),5/3/26,Sun,2:30 PM,8615,Avon   DT,,Strongsville,,Girls,2015(U11),West 3,330
Schwartz Road Park (#3 - 9v9),5/3/26,Sun,4:00 PM,14814,Avon   BK2,,Lakewood   B14B,,Boys,2014(U12),West 6,330
Schwartz Road Park (#3 - 9v9),5/3/26,Sun,6:00 PM,8712,Avon   TF,,North Olmsted,,Girls,2014(U12),West 5,330
Schwartz Road Park (#3 - 9v9),5/10/26,Sun,2:30 PM,4120,Avon   BK1,,Rocky River   WHT,,Boys,2014(U12),West 4,330
Schwartz Road Park (#3 - 9v9),5/10/26,Sun,4:00 PM,3635,Avon   LS,,Hudson   SFEW,,Boys,2014(U12),1,330
Schwartz Road Park (#3 - 9v9),5/15/26,Fri,6:30 PM,14803,Avon   BK2,,Rocky River   GRY,,Boys,2014(U12),West 6,330
Schwartz Road Park (#3 - 9v9),5/17/26,Sun,11:30 AM,8620,Avon   DT,,Vermilion,,Girls,2015(U11),West 3,330
Schwartz Road Park (#3 - 9v9),5/17/26,Sun,1:00 PM,8716,Avon   TF,,Lakewood   G14P,,Girls,2014(U12),West 5,330
Schwartz Road Park (#3 - 9v9),5/17/26,Sun,4:00 PM,1823,Avon,,Sandusky,,Boys,2015(U11),West 3,330
Schwartz Road Park (#3 - 9v9),5/17/26,Sun,6:30 PM,4122,Avon   BK1,,Westlake   JJ,,Boys,2014(U12),West 4,330
Schwartz Road Park (#3 - 9v9),5/22/26,Fri,7:00 PM,8304,Avon   BE,,Cuyahoga Falls   GL,,Girls,2015(U11),1,330
Schwartz Road Park (#3 - 9v9),5/30/26,Sat,11:00 AM,3615,Avon   LS,,Louisville,,Boys,2014(U12),1,330
Schwartz Road Park (#3 - 9v9),5/31/26,Sun,1:00 PM,8624,Avon   DT,,Rocky River   WHT,,Girls,2015(U11),West 3,330
Schwartz Road Park (#3 - 9v9),5/31/26,Sun,2:30 PM,1826,Avon,,Olmsted Falls   Blue,,Boys,2015(U11),West 3,330
Schwartz Road Park (#3 - 9v9),6/2/26,Tue,6:30 PM,8610,Avon   DT,,Parma,,Girls,2015(U11),West 3,330
Schwartz Road Park (#4 - 9V9),5/16/26,Sat,10:00 AM,8704,Avon   TF,,Amherst,,Girls,2014(U12),West 5,330
Schwartz Road Park (#4 - 9V9),5/17/26,Sun,5:30 PM,8327,Avon   BE,,Hudson   PEIG,,Girls,2015(U11),1,330
Schwartz Road Park (#4 - 9V9),5/17/26,Sun,6:30 PM,3640,Avon   LS,,Chagrin Falls   Orng,,Boys,2014(U12),1,330
Schwartz Road Park (#4 - 9V9),5/31/26,Sun,2:30 PM,14822,Avon   BK2,,Westlake,,Boys,2014(U12),West 6,330
Schwartz Road Park (#9 - 7v7),4/12/26,Sun,11:30 AM,14302,Avon   DB,6,Norton,1,Boys,2017(U09),1,330
Schwartz Road Park (#9 - 7v7),4/12/26,Sun,1:00 PM,13901,Avon   DK,6,Westlake   LV,1,Boys,2017(U09),West 6 EN,330
Schwartz Road Park (#9 - 7v7),4/12/26,Sun,2:30 PM,12004,Avon   BB,3,Rocky River   GLD,5,Girls,2017(U09),West 5,330
Schwartz Road Park (#9 - 7v7),4/12/26,Sun,4:00 PM,14202,Avon   JK,5,Brunswick   TC,0,Girls,2017(U09),2,330
Schwartz Road Park (#9 - 7v7),4/19/26,Sun,11:30 AM,1206,Avon   RL,8,Midview,3,Boys,2016(U10),West 5,330
Schwartz Road Park (#9 - 7v7),4/19/26,Sun,2:30 PM,12006,Avon   BB,2,Avon Lake   WHT,6,Girls,2017(U09),West 5,330
Schwartz Road Park (#9 - 7v7),4/19/26,Sun,4:00 PM,703,Avon   JD,5,North Ridgeville   Gold,7,Boys,2016(U10),West 6,330
Schwartz Road Park (#9 - 7v7),4/19/26,Sun,5:30 PM,6706,Avon   DT,2,Parma   CRE,7,Girls,2016(U10),West 6,330
Schwartz Road Park (#9 - 7v7),4/24/26,Fri,6:30 PM,6701,Avon   JD,,Avon   DT,,Girls,2016(U10),West 6,330
Schwartz Road Park (#9 - 7v7),4/26/26,Sun,11:30 AM,13907,Avon   DK,,Westlake   KM,,Boys,2017(U09),West 6 EN,330
Schwartz Road Park (#9 - 7v7),4/26/26,Sun,1:00 PM,12112,Avon   JE,,Westlake   JB,,Girls,2017(U09),West 3,330
Schwartz Road Park (#9 - 7v7),4/26/26,Sun,2:30 PM,12012,Avon   JS,,North Olmsted,,Girls,2017(U09),West 5,330
Schwartz Road Park (#9 - 7v7),4/26/26,Sun,5:30 PM,14211,Avon   JK,,Westlake   JJ,,Girls,2017(U09),2,330
Schwartz Road Park (#9 - 7v7),4/28/26,Tue,6:30 PM,12014,Avon   BB,,Lakewood   G17P,,Girls,2017(U09),West 5,330
Schwartz Road Park (#9 - 7v7),5/3/26,Sun,11:30 AM,13913,Avon   DK,,Avon Lake,,Boys,2017(U09),West 6 EN,330
Schwartz Road Park (#9 - 7v7),5/3/26,Sun,1:00 PM,14218,Avon   JK,,Strongsville,,Girls,2017(U09),2,330
Schwartz Road Park (#9 - 7v7),5/3/26,Sun,2:30 PM,12017,Avon   JS,,Avon   BB,,Girls,2017(U09),West 5,330
Schwartz Road Park (#9 - 7v7),5/3/26,Sun,4:00 PM,12725,Avon   TN,,Avon Lake,,Boys,2017(U09),West 3,330
Schwartz Road Park (#9 - 7v7),5/3/26,Sun,4:00 PM,14222,Avon   JK,,Fairview Park,,Girls,2017(U09),2,330
Schwartz Road Park (#9 - 7v7),5/10/26,Sun,1:00 PM,12121,Avon   JE,,Bay Village   JW,,Girls,2017(U09),West 3,330
Schwartz Road Park (#9 - 7v7),5/10/26,Sun,2:30 PM,12021,Avon   JS,,Lakewood   G17P,,Girls,2017(U09),West 5,330
Schwartz Road Park (#9 - 7v7),5/10/26,Sun,4:00 PM,12730,Avon   TN,,Rocky River   BLK,,Boys,2017(U09),West 3,330
Schwartz Road Park (#9 - 7v7),5/10/26,Sun,5:30 PM,1216,Avon   RL,,Sandusky,,Boys,2016(U10),West 5,330
Schwartz Road Park (#9 - 7v7),5/15/26,Fri,6:30 PM,6719,Avon   JD,,Olmsted Falls   Gold,,Girls,2016(U10),West 6,330
Schwartz Road Park (#9 - 7v7),5/17/26,Sun,11:30 AM,1131,Avon   PK,,Broadview Hts.,,Boys,2016(U10),1,330
Schwartz Road Park (#9 - 7v7),5/17/26,Sun,1:00 PM,12734,Avon   TN,,Bay Village   DS,,Boys,2017(U09),West 3,330
Schwartz Road Park (#9 - 7v7),5/17/26,Sun,2:30 PM,12027,Avon   BB,,Westlake   BL,,Girls,2017(U09),West 5,330
Schwartz Road Park (#9 - 7v7),5/17/26,Sun,4:00 PM,13919,Avon   DK,,Avon Lake,,Boys,2017(U09),West 6 EN,330
Schwartz Road Park (#9 - 7v7),5/29/26,Fri,6:30 PM,7429,Avon   DFH,,Bay Village   EJ,,Girls,2016(U10),West 3,330
Schwartz Road Park (#9 - 7v7),5/31/26,Sun,2:30 PM,12030,Avon   JS,,Avon Lake   BLK,,Girls,2017(U09),West 5,330
Schwartz Road Park (#9 - 7v7),6/5/26,Fri,6:30 PM,1120,Avon   PK,,Brunswick   RYL,,Boys,2016(U10),1,330
Schwartz Road Park (#9 - 7v7),6/6/26,Sat,2:00 PM,720,Avon   JD,,LaGrange,,Boys,2016(U10),West 6,330
Schwartz Road Park (#9 - 7v7),6/6/26,Sat,4:00 PM,14336,Avon   DB,,Hudson   PEIG,,Boys,2017(U09),1,330
Schwartz Road Park (#9 - 7v7),6/7/26,Sun,11:30 AM,7129,Avon   AG,,Strongsville,,Girls,2016(U10),1,330
Settler's Park (Field 1 7v7),5/21/26,Thu,6:30 PM,13226,Kenston   Whit,,Cuyahoga Falls   JH9,,Boys,2017(U09),East 6,616
Shaker Heights High School (Stadium Turf Field),4/12/26,Sun,1:00 PM,6504,Shaker Hts.   BLK,2,North Ridgeville,3,Boys,2011(U15),2,426
Shaker Heights High School (Stadium Turf Field),4/12/26,Sun,2:30 PM,10902,Shaker Hts.   RED,2,Wickliffe,4,Girls,2012(U14),4,426
Shaker Heights High School (Stadium Turf Field),4/12/26,Sun,4:00 PM,13303,Shaker Hts.   RED,5,Nordonia,2,Boys,2011(U15),East 4,426
Shaker Heights High School (Stadium Turf Field),5/17/26,Sun,1:00 PM,4639,Shaker Hts.   BLK,,Westlake   JJ,,Boys,2013(U13),2,426
Shaker Heights High School (Stadium Turf Field),5/17/26,Sun,4:00 PM,6028,Shaker Hts.   BLK,,Riverside,,Boys,2012(U14),2,426
Shaker Heights Main Library (Main Library Field),4/26/26,Sun,11:30 AM,9809,Shaker Hts.   BLK,,Twinsburg,,Girls,2013(U13),East 2,316
Shaker Heights Main Library (Main Library Field),4/26/26,Sun,1:00 PM,4619,Shaker Hts.   BLK,,West Geauga,,Boys,2013(U13),2,316
Shaker Heights Main Library (Main Library Field),4/26/26,Sun,2:30 PM,4310,Shaker Hts.   RED,,Twinsburg,,Boys,2013(U13),East 4,316
Shaker Heights Main Library (Main Library Field),4/26/26,Sun,5:30 PM,4709,Shaker Hts.   WHT,,North Royalton,,Boys,2013(U13),East 5,316
Shaker Heights Main Library (Main Library Field),4/28/26,Tue,6:30 PM,4315,Shaker Hts.   RED,,Nordonia,,Boys,2013(U13),East 4,316
Shaker Heights Main Library (Main Library Field),5/1/26,Fri,6:30 PM,10828,Shaker Hts.   BLK,,Strongsville,,Girls,2012(U14),2,316
Shaker Heights Main Library (Main Library Field),5/2/26,Sat,3:00 PM,4711,Shaker Hts.   WHT,,Eastside Kickers,,Boys,2013(U13),East 5,316
Shaker Heights Main Library (Main Library Field),5/3/26,Sun,2:30 PM,6020,Shaker Hts.   BLK,,West Geauga,,Boys,2012(U14),2,316
Shaker Heights Main Library (Main Library Field),5/3/26,Sun,4:00 PM,10918,Shaker Hts.   RED,,Kent   TH,,Girls,2012(U14),4,316
Shaker Heights Main Library (Main Library Field),5/10/26,Sun,12:30 PM,6535,Shaker Hts.   BLK,,Bay Village   GF,,Boys,2011(U15),2,316
Shaker Heights Main Library (Main Library Field),5/10/26,Sun,2:30 PM,9816,Shaker Hts.   BLK,,Mayfield   TB,,Girls,2013(U13),East 2,316
Shaker Heights Main Library (Main Library Field),5/17/26,Sun,10:00 AM,4323,Shaker Hts.   RED,,Riverside   NS,,Boys,2013(U13),East 4,316
Shaker Heights Main Library (Main Library Field),5/22/26,Fri,6:30 PM,6529,Shaker Hts.   BLK,,Akron Inner City,,Boys,2011(U15),2,316
Shaker Heights Main Library (Main Library Field),5/27/26,Wed,6:30 PM,10812,Shaker Hts.   BLK,,Chippewa,,Girls,2012(U14),2,316
Shaker Heights Main Library (Main Library Field),5/31/26,Sun,9:00 AM,6029,Shaker Hts.   BLK,,Brecksville Bees SA,,Boys,2012(U14),2,316
Shaker Heights Main Library (Main Library Field),5/31/26,Sun,11:30 AM,10836,Shaker Hts.   BLK,,Twinsburg,,Girls,2012(U14),2,316
Shaker Heights Main Library (Main Library Field),5/31/26,Sun,2:30 PM,4326,Shaker Hts.   RED,,Mantua,,Boys,2013(U13),East 4,316
Shaker Heights Main Library (Main Library Field),5/31/26,Sun,5:30 PM,13325,Shaker Hts.   RED,,Kenston,,Boys,2011(U15),East 4,316
Shaker Heights Main Library (Main Library Field),6/1/26,Mon,6:30 PM,10823,Shaker Hts.   BLK,,Bay Village   DR,,Girls,2012(U14),2,316
Shaker Heights Main Library (Main Library Field),6/7/26,Sun,2:30 PM,13328,Shaker Hts.   RED,,Eastside Kickers,,Boys,2011(U15),East 4,316
Shaker Heights Middle School (Lower Field (east end of school building)),4/16/26,Thu,6:30 PM,6510,Shaker Hts.   BLK,1,Green,6,Boys,2011(U15),2,487
Shaker Heights Middle School (Lower Field (east end of school building)),4/17/26,Fri,6:30 PM,4608,Shaker Hts.   BLK,1,Bay Village   BW,2,Boys,2013(U13),2,487
Shaker Heights Middle School (Lower Field (east end of school building)),4/19/26,Sun,1:00 PM,4706,Shaker Hts.   WHT,4,Orange,2,Boys,2013(U13),East 5,487
Shaker Heights Middle School (Lower Field (east end of school building)),4/19/26,Sun,5:30 PM,9806,Shaker Hts.   BLK,6,West Geauga,3,Girls,2013(U13),East 2,487
Shaker Heights Middle School (Lower Field (east end of school building)),4/23/26,Thu,6:30 PM,13308,Shaker Hts.   RED,,Eastlake,,Boys,2011(U15),East 4,487
Shaker Heights Middle School (Lower Field (east end of school building)),4/26/26,Sun,4:00 PM,10911,Shaker Hts.   RED,,Northwest,,Girls,2012(U14),4,487
Shaker Heights Middle School (Lower Field (east end of school building)),4/30/26,Thu,6:30 PM,9811,Shaker Hts.   BLK,,Solon United   Gold,,Girls,2013(U13),East 2,487
Shaker Heights Middle School (Lower Field (east end of school building)),5/10/26,Sun,11:30 AM,10922,Shaker Hts.   RED,,Highland   DN1,,Girls,2012(U14),4,487
Shaker Heights Middle School (Lower Field (east end of school building)),5/10/26,Sun,1:30 PM,4716,Shaker Hts.   WHT,,Hudson   HARW,,Boys,2013(U13),East 5,487
Shaker Heights Middle School (Lower Field (east end of school building)),5/21/26,Thu,6:30 PM,6010,Shaker Hts.   BLK,,Mayfield   MA,,Boys,2012(U14),2,487
Shaker Heights Middle School (Lower Field (east end of school building)),5/26/26,Tue,6:30 PM,4642,Shaker Hts.   BLK,,Avon Lake   GOLD,,Boys,2013(U13),2,487
Shaker Heights Middle School (Median Field (across Shaker Blvd from the school)),4/12/26,Sun,12:30 PM,2203,Shaker Hts.   RED,6,Mentor,2,Boys,2015(U11),East 3,487
Shaker Heights Middle School (Median Field (across Shaker Blvd from the school)),4/12/26,Sun,2:00 PM,3605,Shaker Hts.   BLK,1,Hudson   SFEB,3,Boys,2014(U12),1,487
Shaker Heights Middle School (Median Field (across Shaker Blvd from the school)),4/19/26,Sun,11:30 AM,3306,Shaker Hts.   RED,,North Royalton,,Boys,2014(U12),East 4,487
Shaker Heights Middle School (Median Field (across Shaker Blvd from the school)),4/19/26,Sun,1:00 PM,3308,Shaker Hts.   WHT,4,Hudson   SHUT,4,Boys,2014(U12),East 4,487
Shaker Heights Middle School (Median Field (across Shaker Blvd from the school)),4/19/26,Sun,2:30 PM,9106,Shaker Hts.   SILV,2,Orange,3,Girls,2014(U12),East 4,487
Shaker Heights Middle School (Median Field (across Shaker Blvd from the school)),4/19/26,Sun,5:30 PM,1706,Shaker Hts.   BLK,4,Orange,1,Boys,2015(U11),1,487
Shaker Heights Middle School (Median Field (across Shaker Blvd from the school)),4/20/26,Mon,6:30 PM,15106,Shaker Hts.   BLK,,North Royalton,,Girls,2015(U11),East 2,487
Shaker Heights Middle School (Median Field (across Shaker Blvd from the school)),4/22/26,Wed,6:30 PM,3613,Shaker Hts.   BLK,,NP Aurora,,Boys,2014(U12),1,487
Shaker Heights Middle School (Median Field (across Shaker Blvd from the school)),4/23/26,Thu,6:30 PM,2208,Shaker Hts.   RED,,Kenston,,Boys,2015(U11),East 3,487
Shaker Heights Middle School (Median Field (across Shaker Blvd from the school)),4/26/26,Sun,11:30 AM,8912,Shaker Hts.   BLK,,Brunswick   RYL,,Girls,2014(U12),1,487
Shaker Heights Middle School (Median Field (across Shaker Blvd from the school)),4/26/26,Sun,1:00 PM,1910,Shaker Hts.   SILV,,Mantua,,Boys,2015(U11),East 6,487
Shaker Heights Middle School (Median Field (across Shaker Blvd from the school)),4/26/26,Sun,2:30 PM,1709,Shaker Hts.   BLK,,Avon Lake   GOLD,,Boys,2015(U11),1,487
Shaker Heights Middle School (Median Field (across Shaker Blvd from the school)),4/26/26,Sun,4:00 PM,2112,Shaker Hts.   WHT,,Aurora   GRN,,Boys,2015(U11),East 4,487
Shaker Heights Middle School (Median Field (across Shaker Blvd from the school)),4/26/26,Sun,5:30 PM,9111,Shaker Hts.   SILV,,Madison,,Girls,2014(U12),East 4,487
Shaker Heights Middle School (Median Field (across Shaker Blvd from the school)),4/26/26,Sun,7:00 PM,9224,Shaker Hts.   WHT,,Twinsburg   Whte,,Girls,2014(U12),East 3,487
Shaker Heights Middle School (Median Field (across Shaker Blvd from the school)),4/27/26,Mon,6:30 PM,9114,Shaker Hts.   SILV,,Kent   TS,,Girls,2014(U12),East 4,487
Shaker Heights Middle School (Median Field (across Shaker Blvd from the school)),4/28/26,Tue,6:30 PM,15114,Shaker Hts.   BLK,,Kenston,,Girls,2015(U11),East 2,487
Shaker Heights Middle School (Median Field (across Shaker Blvd from the school)),4/29/26,Wed,6:30 PM,3317,Shaker Hts.   WHT,,Shaker Hts.   RED,,Boys,2014(U12),East 4,487
Shaker Heights Middle School (Median Field (across Shaker Blvd from the school)),4/30/26,Thu,6:30 PM,8913,Shaker Hts.   BLK,,Kenston,,Girls,2014(U12),1,487
Shaker Heights Middle School (Median Field (across Shaker Blvd from the school)),5/1/26,Fri,6:30 PM,9210,Shaker Hts.   WHT,,Strongsville,,Girls,2014(U12),East 3,487
Shaker Heights Middle School (Median Field (across Shaker Blvd from the school)),5/3/26,Sun,4:00 PM,3628,Shaker Hts.   BLK,,Bay Village   GE,,Boys,2014(U12),1,487
Shaker Heights Middle School (Median Field (across Shaker Blvd from the school)),5/3/26,Sun,5:30 PM,2117,Shaker Hts.   WHT,,West Geauga,,Boys,2015(U11),East 4,487
Shaker Heights Middle School (Median Field (across Shaker Blvd from the school)),5/12/26,Tue,6:30 PM,8103,Shaker Hts.   RED,,Nordonia,,Girls,2015(U11),East 4,487
Shaker Heights Middle School (Median Field (across Shaker Blvd from the school)),5/13/26,Wed,6:30 PM,8919,Shaker Hts.   BLK,,North Royalton   14P,,Girls,2014(U12),1,487
Shaker Heights Middle School (Median Field (across Shaker Blvd from the school)),5/17/26,Sun,4:00 PM,3637,Shaker Hts.   BLK,,Louisville,,Boys,2014(U12),1,487
Shaker Heights Middle School (Median Field (across Shaker Blvd from the school)),5/17/26,Sun,5:30 PM,9435,Shaker Hts.   RED,,Euclid,,Girls,2014(U12),2,487
Shaker Heights Middle School (Median Field (across Shaker Blvd from the school)),5/31/26,Sun,4:00 PM,8122,Shaker Hts.   RED,,Chagrin Falls,,Girls,2015(U11),East 4,487
Shaker Heights Middle School (Median Field (across Shaker Blvd from the school)),5/31/26,Sun,6:45 PM,1926,Shaker Hts.   SILV,,Hudson   SFER,,Boys,2015(U11),East 6,487
Shaker Heights Middle School (Median Field (across Shaker Blvd from the school)),6/4/26,Thu,6:30 PM,9418,Shaker Hts.   RED,,Jackson,,Girls,2014(U12),2,487
Sharon Community Park (Field 1: 11v11 - Front Field),4/16/26,Thu,6:30 PM,15302,Highland   GP3,0,Medina   14GN,5,Girls,2013(U13),South 2,199
Sharon Community Park (Field 1: 11v11 - Front Field),4/19/26,Sun,4:00 PM,10905,Highland   DN1,,Wickliffe,,Girls,2012(U14),4,199
Sharon Community Park (Field 1: 11v11 - Front Field),4/20/26,Mon,6:30 PM,5603,Highland   AS1,,Westlake   MW,,Boys,2012(U14),1,199
Sharon Community Park (Field 1: 11v11 - Front Field),4/26/26,Sun,1:00 PM,11208,Highland   JK2,,Strongsville,,Girls,2011(U15),1,199
Sharon Community Park (Field 1: 11v11 - Front Field),4/28/26,Tue,6:30 PM,11212,Highland   JK2,,Stow   Mar,,Girls,2011(U15),1,199
Sharon Community Park (Field 1: 11v11 - Front Field),4/30/26,Thu,6:30 PM,10916,Highland   DN1,,Kent   TH,,Girls,2012(U14),4,199
Sharon Community Park (Field 1: 11v11 - Front Field),5/2/26,Sat,4:00 PM,10901,Highland   DN1,,Orange,,Girls,2012(U14),4,199
Sharon Community Park (Field 1: 11v11 - Front Field),5/4/26,Mon,6:45 PM,6225,Highland   KW1,,Bay Village   SE,,Boys,2011(U15),1,199
Sharon Community Park (Field 1: 11v11 - Front Field),5/8/26,Fri,6:30 PM,11221,Highland   JK2,,Jackson,,Girls,2011(U15),1,199
Sharon Community Park (Field 1: 11v11 - Front Field),5/10/26,Sun,2:30 PM,5516,Highland   DG1,,Broadview Hts.,,Boys,2012(U14),South 3,199
Sharon Community Park (Field 1: 11v11 - Front Field),5/10/26,Sun,5:30 PM,15317,Highland   GP3,,North Royalton,,Girls,2013(U13),South 2,199
Sharon Community Park (Field 1: 11v11 - Front Field),5/11/26,Mon,6:30 PM,11218,Highland   JK2,,Brunswick   RYL,,Girls,2011(U15),1,199
Sharon Community Park (Field 1: 11v11 - Front Field),5/13/26,Wed,6:30 PM,15304,Highland   GP3,,North Olmsted,,Girls,2013(U13),South 2,199
Sharon Community Park (Field 1: 11v11 - Front Field),5/15/26,Fri,6:30 PM,5506,Highland   DG1,,Cuyahoga Falls   BF,,Boys,2012(U14),South 3,199
Sharon Community Park (Field 1: 11v11 - Front Field),5/17/26,Sun,5:30 PM,6234,Highland   KW1,,Cuyahoga Falls   RH,,Boys,2011(U15),1,199
Sharon Community Park (Field 1: 11v11 - Front Field),5/19/26,Tue,6:30 PM,5511,Highland   DG1,,Rootstown,,Boys,2012(U14),South 3,199
Sharon Community Park (Field 1: 11v11 - Front Field),5/20/26,Wed,6:30 PM,6214,Highland   KW1,,Strongsville,,Boys,2011(U15),1,199
Sharon Community Park (Field 1: 11v11 - Front Field),5/21/26,Thu,6:30 PM,5003,Highland   CM6,,Mustangs Jr,,Boys,2013(U13),South 4,199
Sharon Community Park (Field 1: 11v11 - Front Field),5/26/26,Tue,7:00 PM,5608,Highland   AS1,,Lakewood   B12G,,Boys,2012(U14),1,199
Sharon Community Park (Field 1: 11v11 - Front Field),5/27/26,Wed,6:30 PM,6230,Highland   KW1,,Hudson   KNAP,,Boys,2011(U15),1,199
Sharon Community Park (Field 1: 11v11 - Front Field),6/7/26,Sun,2:30 PM,5628,Highland   AS1,,Strongsville,,Boys,2012(U14),1,199
Sharon Community Park (Field 2: 9v9 - Middle Field),4/19/26,Sun,2:30 PM,7805,Highland   BM3,,Manchester,,Girls,2015(U11),South 4,199
Sharon Community Park (Field 2: 9v9 - Middle Field),4/19/26,Sun,4:00 PM,3907,Highland   JC5,,Eagles Select   2014,,Boys,2014(U12),South 4,199
Sharon Community Park (Field 2: 9v9 - Middle Field),4/19/26,Sun,5:30 PM,15619,Highland   DT4,,Wadsworth,,Boys,2015(U11),2 South,199
Sharon Community Park (Field 2: 9v9 - Middle Field),4/21/26,Tue,6:30 PM,2607,Highland   KW3,,Lake Select SC   2015,,Boys,2015(U11),South 3,199
Sharon Community Park (Field 2: 9v9 - Middle Field),4/22/26,Wed,6:30 PM,1707,Highland   NF1,,Strongsville,,Boys,2015(U11),1,199
Sharon Community Park (Field 2: 9v9 - Middle Field),4/26/26,Sun,1:00 PM,2911,Highland   CM1,,Perry (Stark),,Boys,2015(U11),South 6,199
Sharon Community Park (Field 2: 9v9 - Middle Field),5/3/26,Sun,11:30 AM,7814,Highland   BM3,,Buckeye,,Girls,2015(U11),South 4,199
Sharon Community Park (Field 2: 9v9 - Middle Field),5/3/26,Sun,2:30 PM,1713,Highland   NF1,,Orange,,Boys,2015(U11),1,199
Sharon Community Park (Field 2: 9v9 - Middle Field),5/3/26,Sun,4:00 PM,2922,Highland   CM1,,Eagles Select   2015,,Boys,2015(U11),South 6,199
Sharon Community Park (Field 2: 9v9 - Middle Field),5/3/26,Sun,5:30 PM,15613,Highland   DT4,,Revere   RED,,Boys,2015(U11),2 South,199
Sharon Community Park (Field 2: 9v9 - Middle Field),5/3/26,Sun,7:00 PM,2616,Highland   KW3,,Broadview Hts.,,Boys,2015(U11),South 3,199
Sharon Community Park (Field 2: 9v9 - Middle Field),5/5/26,Tue,6:30 PM,15209,Highland   BD1,,Medina   14WT,,Girls,2014(U12),South 3,199
Sharon Community Park (Field 2: 9v9 - Middle Field),5/6/26,Wed,6:30 PM,2602,Highland   KW3,,Medina   15Wh,,Boys,2015(U11),South 3,199
Sharon Community Park (Field 2: 9v9 - Middle Field),5/9/26,Sat,3:00 PM,15103,Highland   EM4,,North Royalton,,Girls,2015(U11),East 2,199
Sharon Community Park (Field 2: 9v9 - Middle Field),5/10/26,Sun,10:00 AM,2621,Highland   KW3,,North Canton,,Boys,2015(U11),South 3,199
Sharon Community Park (Field 2: 9v9 - Middle Field),5/10/26,Sun,1:00 PM,15124,Highland   EM4,,Shaker Hts.   BLK,,Girls,2015(U11),East 2,199
Sharon Community Park (Field 2: 9v9 - Middle Field),5/10/26,Sun,5:30 PM,15216,Highland   BD1,,Parma,,Girls,2014(U12),South 3,199
Sharon Community Park (Field 2: 9v9 - Middle Field),5/11/26,Mon,6:30 PM,3924,Highland   JC5,,Buckeye,,Boys,2014(U12),South 4,199
Sharon Community Park (Field 2: 9v9 - Middle Field),5/12/26,Tue,6:30 PM,1701,Highland   NF1,,Shaker Hts.   BLK,,Boys,2015(U11),1,199
Sharon Community Park (Field 2: 9v9 - Middle Field),5/13/26,Wed,6:30 PM,15601,Highland   DT4,,Medina   15Gr,,Boys,2015(U11),2 South,199
Sharon Community Park (Field 2: 9v9 - Middle Field),5/14/26,Thu,6:30 PM,15607,Highland   DT4,,Ashland,,Boys,2015(U11),2 South,199
Sharon Community Park (Field 2: 9v9 - Middle Field),5/15/26,Fri,6:30 PM,15211,Highland   BD1,,Perry (Stark),,Girls,2014(U12),South 3,199
Sharon Community Park (Field 2: 9v9 - Middle Field),5/16/26,Sat,12:00 PM,15107,Highland   EM4,,Kenston,,Girls,2015(U11),East 2,199
Sharon Community Park (Field 2: 9v9 - Middle Field),5/16/26,Sat,4:00 PM,3903,Highland   JC5,,New Philadelphia,,Boys,2014(U12),South 4,199
Sharon Community Park (Field 2: 9v9 - Middle Field),5/17/26,Sun,2:30 PM,3925,Highland   JC5,,Green,,Boys,2014(U12),South 4,199
Sharon Community Park (Field 2: 9v9 - Middle Field),5/17/26,Sun,5:30 PM,15125,Highland   EM4,,Twinsburg   Whte,,Girls,2015(U11),East 2,199
Sharon Community Park (Field 2: 9v9 - Middle Field),5/18/26,Mon,6:30 PM,2905,Highland   CM1,,Barberton,,Boys,2015(U11),South 6,199
Sharon Community Park (Field 2: 9v9 - Middle Field),5/20/26,Wed,6:30 PM,1719,Highland   NF1,,Brunswick   RYL,,Boys,2015(U11),1,199
Sharon Community Park (Field 2: 9v9 - Middle Field),5/28/26,Thu,6:30 PM,7803,Highland   BM3,,Dover,,Girls,2015(U11),South 4,199
Sharon Community Park (Field 2: 9v9 - Middle Field),5/31/26,Sun,1:00 PM,7822,Highland   BM3,,Brecksville Bees SA   Y,,Girls,2015(U11),South 4,199
Sharon Community Park (Field 2: 9v9 - Middle Field),5/31/26,Sun,2:30 PM,2937,Highland   CM1,,Dover,,Boys,2015(U11),South 6,199
Sharon Community Park (Field 2: 9v9 - Middle Field),6/3/26,Wed,6:30 PM,15206,Highland   BD1,,Cuyahoga Falls   MN,,Girls,2014(U12),South 3,199
Shelburne Field (Corner of North Park and Shelburne),4/12/26,Sun,10:00 AM,15104,Shaker Hts.   BLK,5,Twinsburg   Whte,2,Girls,2015(U11),East 2,317
Shelburne Field (Corner of North Park and Shelburne),4/12/26,Sun,11:30 AM,3301,Shaker Hts.   RED,6,Streetsboro,1,Boys,2014(U12),East 4,317
Shelburne Field (Corner of North Park and Shelburne),4/12/26,Sun,1:00 PM,3303,Shaker Hts.   WHT,4,North Royalton,2,Boys,2014(U12),East 4,317
Shelburne Field (Corner of North Park and Shelburne),4/19/26,Sun,2:30 PM,8105,Shaker Hts.   RED,,West Geauga,,Girls,2015(U11),East 4,317
Shelburne Field (Corner of North Park and Shelburne),4/25/26,Sat,3:00 PM,3310,Shaker Hts.   WHT,,Streetsboro,,Boys,2014(U12),East 4,317
Shelburne Field (Corner of North Park and Shelburne),4/26/26,Sun,2:30 PM,9413,Shaker Hts.   RED,,Mayfield   SS,,Girls,2014(U12),2,317
Shelburne Field (Corner of North Park and Shelburne),4/28/26,Tue,6:30 PM,1711,Shaker Hts.   BLK,,Brunswick   RYL,,Boys,2015(U11),1,317
Shelburne Field (Corner of North Park and Shelburne),4/30/26,Thu,6:30 PM,2113,Shaker Hts.   WHT,,Twinsburg   Whte,,Boys,2015(U11),East 4,317
Shelburne Field (Corner of North Park and Shelburne),5/1/26,Fri,6:30 PM,1915,Shaker Hts.   SILV,,Chagrin Falls   Blck,,Boys,2015(U11),East 6,317
Shelburne Field (Corner of North Park and Shelburne),5/3/26,Sun,1:00 PM,8917,Shaker Hts.   BLK,,Hudson   BEZD,,Girls,2014(U12),1,317
Shelburne Field (Corner of North Park and Shelburne),5/3/26,Sun,2:30 PM,9215,Shaker Hts.   WHT,,Wickliffe,,Girls,2014(U12),East 3,317
Shelburne Field (Corner of North Park and Shelburne),5/3/26,Sun,4:00 PM,8114,Shaker Hts.   RED,,Hudson   SCHA,,Girls,2015(U11),East 4,317
Shelburne Field (Corner of North Park and Shelburne),5/3/26,Sun,5:30 PM,9118,Shaker Hts.   SILV,,Geneva   14G,,Girls,2014(U12),East 4,317
Shelburne Field (Corner of North Park and Shelburne),5/9/26,Sat,10:00 AM,3328,Shaker Hts.   RED,,Eastside Kickers,,Boys,2014(U12),East 4,317
Shelburne Field (Corner of North Park and Shelburne),5/10/26,Sun,2:30 PM,2119,Shaker Hts.   WHT,,Twinsburg   Blue,,Boys,2015(U11),East 4,317
Shelburne Field (Corner of North Park and Shelburne),5/10/26,Sun,5:30 PM,9429,Shaker Hts.   RED,,Geauga Federation SC,,Girls,2014(U12),2,317
Shelburne Field (Corner of North Park and Shelburne),5/17/26,Sun,11:30 AM,9220,Shaker Hts.   WHT,,Streetsboro,,Girls,2014(U12),East 3,317
Shelburne Field (Corner of North Park and Shelburne),5/17/26,Sun,1:00 PM,15127,Shaker Hts.   BLK,,NP Aurora,,Girls,2015(U11),East 2,317
Shelburne Field (Corner of North Park and Shelburne),5/19/26,Tue,6:30 PM,1716,Shaker Hts.   BLK,,Highland   NF1,,Boys,2015(U11),1,317
Shelburne Field (Corner of North Park and Shelburne),5/30/26,Sat,4:30 PM,2228,Shaker Hts.   RED,,Hudson   SHUT,,Boys,2015(U11),East 3,317
Shelburne Field (Corner of North Park and Shelburne),5/31/26,Sun,11:30 AM,3335,Shaker Hts.   RED,,Hudson   SHUT,,Boys,2014(U12),East 4,317
Shelburne Field (Corner of North Park and Shelburne),5/31/26,Sun,1:00 PM,2225,Shaker Hts.   RED,,Mayfield   RM,,Boys,2015(U11),East 3,317
Shelburne Field (Corner of North Park and Shelburne),6/7/26,Sun,2:30 PM,1923,Shaker Hts.   SILV,,Kent   GD,,Boys,2015(U11),East 6,317
Shore Field (11v11 primary),4/12/26,Sun,1:00 PM,6403,Euclid,4,Hudson   NEGR,4,Boys,2011(U15),East 3,43
Shore Field (11v11 primary),5/16/26,Sat,5:30 PM,6428,Euclid,,Mayfield   RP15,,Boys,2011(U15),East 3,43
Shore Field (11v11 primary),5/21/26,Thu,6:30 PM,6408,Euclid,,Geauga Federation SC,,Boys,2011(U15),East 3,43
Shore Field (11v11 primary),5/31/26,Sun,1:00 PM,6425,Euclid,,Geneva   11B,,Boys,2011(U15),East 3,43
Silver Springs Park (Silver Springs Park 11v11/9v9 (Field 1 Close to Road)),5/1/26,Fri,6:30 PM,4301,Stow   Gold,,Riverside   NS,,Boys,2013(U13),East 4,176
Silver Springs Park (Silver Springs Park 11v11/9v9 (Field 1 Close to Road)),5/2/26,Sat,4:00 PM,4604,Stow   Mar,,Shaker Hts.   BLK,,Boys,2013(U13),2,176
Silver Springs Park (Silver Springs Park 11v11/9v9 (Field 1 Close to Road)),5/3/26,Sun,11:30 AM,6315,Stow   Gold,,Manchester,,Boys,2011(U15),South 3,176
Silver Springs Park (Silver Springs Park 11v11/9v9 (Field 1 Close to Road)),5/3/26,Sun,1:00 PM,7913,Stow   Mar,,Chagrin Falls   Orng,,Girls,2015(U11),East 3,176
Silver Springs Park (Silver Springs Park 11v11/9v9 (Field 1 Close to Road)),5/3/26,Sun,5:30 PM,3720,Stow   Mar,,Riverside   MN,,Boys,2014(U12),East 2,176
Silver Springs Park (Silver Springs Park 11v11/9v9 (Field 1 Close to Road)),5/4/26,Mon,6:30 PM,6527,Stow   Mar,,Westlake   GL,,Boys,2011(U15),2,176
Silver Springs Park (Silver Springs Park 11v11/9v9 (Field 1 Close to Road)),5/5/26,Tue,6:30 PM,2820,Stow   Gold,,North Canton,,Boys,2015(U11),South 5,176
Silver Springs Park (Silver Springs Park 11v11/9v9 (Field 1 Close to Road)),5/8/26,Fri,6:30 PM,4607,Stow   Mar,,Solon United   Blue,,Boys,2013(U13),2,176
Silver Springs Park (Silver Springs Park 11v11/9v9 (Field 1 Close to Road)),5/10/26,Sun,4:00 PM,7901,Stow   Mar,,Solon United   Gold,,Girls,2015(U11),East 3,176
Silver Springs Park (Silver Springs Park 11v11/9v9 (Field 1 Close to Road)),5/10/26,Sun,5:30 PM,10421,Stow   Mar,,West Geauga,,Girls,2013(U13),East 3,176
Silver Springs Park (Silver Springs Park 11v11/9v9 (Field 1 Close to Road)),5/12/26,Tue,6:30 PM,3013,Stow   Mar,,Westlake   AM,,Boys,2015(U11),2,176
Silver Springs Park (Silver Springs Park 11v11/9v9 (Field 1 Close to Road)),5/13/26,Wed,6:30 PM,6310,Stow   Gold,,Green,,Boys,2011(U15),South 3,176
Silver Springs Park (Silver Springs Park 11v11/9v9 (Field 1 Close to Road)),5/14/26,Thu,6:30 PM,6523,Stow   Mar,,Shaker Hts.   BLK,,Boys,2011(U15),2,176
Silver Springs Park (Silver Springs Park 11v11/9v9 (Field 1 Close to Road)),5/15/26,Fri,6:30 PM,4305,Stow   Gold,,Shaker Hts.   RED,,Boys,2013(U13),East 4,176
Silver Springs Park (Silver Springs Park 11v11/9v9 (Field 1 Close to Road)),5/15/26,Fri,6:30 PM,11214,Stow   Mar,,Jackson,,Girls,2011(U15),1,176
Silver Springs Park (Silver Springs Park 11v11/9v9 (Field 1 Close to Road)),5/16/26,Sat,4:00 PM,2829,Stow   Gold,,Cloverleaf,,Boys,2015(U11),South 5,176
Silver Springs Park (Silver Springs Park 11v11/9v9 (Field 1 Close to Road)),5/17/26,Sun,10:00 AM,3728,Stow   Mar,,Aurora,,Boys,2014(U12),East 2,176
Silver Springs Park (Silver Springs Park 11v11/9v9 (Field 1 Close to Road)),5/17/26,Sun,11:30 AM,7919,Stow   Mar,,Mentor,,Girls,2015(U11),East 3,176
Silver Springs Park (Silver Springs Park 11v11/9v9 (Field 1 Close to Road)),5/17/26,Sun,2:30 PM,2828,Stow   Gold,,Brunswick   WHT,,Boys,2015(U11),South 5,176
Silver Springs Park (Silver Springs Park 11v11/9v9 (Field 1 Close to Road)),5/17/26,Sun,4:00 PM,6320,Stow   Gold,,Lake Select SC   U15,,Boys,2011(U15),South 3,176
Silver Springs Park (Silver Springs Park 11v11/9v9 (Field 1 Close to Road)),5/17/26,Sun,5:30 PM,4322,Stow   Gold,,Nordonia,,Boys,2013(U13),East 4,176
Silver Springs Park (Silver Springs Park 11v11/9v9 (Field 1 Close to Road)),5/17/26,Sun,7:00 PM,6542,Stow   Mar,,Olmsted Falls   Blue,,Boys,2011(U15),2,176
Silver Springs Park (Silver Springs Park 11v11/9v9 (Field 1 Close to Road)),5/21/26,Thu,6:30 PM,2810,Stow   Gold,,Perry (Stark),,Boys,2015(U11),South 5,176
Silver Springs Park (Silver Springs Park 11v11/9v9 (Field 1 Close to Road)),5/22/26,Fri,6:30 PM,10430,Stow   Mar,,Eastside Kickers,,Girls,2013(U13),East 3,176
Silver Springs Park (Silver Springs Park 11v11/9v9 (Field 1 Close to Road)),5/27/26,Wed,6:30 PM,6547,Stow   Mar,,Bay Village   GF,,Boys,2011(U15),2,176
Silver Springs Park (Silver Springs Park 11v11/9v9 (Field 1 Close to Road)),5/28/26,Thu,6:30 PM,4633,Stow   Mar,,West Geauga,,Boys,2013(U13),2,176
Silver Springs Park (Silver Springs Park 11v11/9v9 (Field 1 Close to Road)),5/29/26,Fri,6:30 PM,11222,Stow   Mar,,Hudson   BOWM,,Girls,2011(U15),1,176
Silver Springs Park (Silver Springs Park 11v11/9v9 (Field 1 Close to Road)),5/31/26,Sun,11:30 AM,3009,Stow   Mar,,Aurora   BLK,,Boys,2015(U11),2,176
Silver Springs Park (Silver Springs Park 11v11/9v9 (Field 1 Close to Road)),5/31/26,Sun,1:00 PM,3031,Stow   Mar,,Firelands,,Boys,2015(U11),2,176
Silver Springs Park (Silver Springs Park 11v11/9v9 (Field 1 Close to Road)),5/31/26,Sun,2:30 PM,7907,Stow   Mar,,Mayfield   TS,,Girls,2015(U11),East 3,176
Silver Springs Park (Silver Springs Park 11v11/9v9 (Field 1 Close to Road)),5/31/26,Sun,4:00 PM,3729,Stow   Mar,,Brecksville Bees SA   R,,Boys,2014(U12),East 2,176
Silver Springs Park (Silver Springs Park 11v11/9v9 (Field 1 Close to Road)),5/31/26,Sun,5:30 PM,6324,Stow   Gold,,Ashland,,Boys,2011(U15),South 3,176
Silver Springs Park (Silver Springs Park 11v11/9v9 (Field 1 Close to Road)),6/1/26,Mon,6:30 PM,10412,Stow   Mar,,Nordonia,,Girls,2013(U13),East 3,176
Silver Springs Park (Silver Springs Park 11v11/9v9 (Field 1 Close to Road)),6/2/26,Tue,6:30 PM,4618,Stow   Mar,,Mentor,,Boys,2013(U13),2,176
Silver Springs Park (Silver Springs Park 11v11/9v9 (Field 1 Close to Road)),6/4/26,Thu,6:30 PM,10417,Stow   Mar,,NP Aurora,,Girls,2013(U13),East 3,176
Silver Springs Park (Silver Springs Park 11v11/9v9 (Field 1 Close to Road)),6/5/26,Fri,6:30 PM,11203,Stow   Mar,,Highland   JK2,,Girls,2011(U15),1,176
Silver Springs Park (Silver Springs Park 11v11/9v9 (Field 1 Close to Road)),6/6/26,Sat,5:00 PM,4320,Stow   Gold,,Kent   BW,,Boys,2013(U13),East 4,176
Silver Springs Park (Silver Springs Park 11v11/9v9 (Field 1 Close to Road)),6/7/26,Sun,11:00 AM,3710,Stow   Mar,,Mayfield   MW,,Boys,2014(U12),East 2,176
Sofios Park (Field #6  7v7),4/12/26,Sun,1:00 PM,1503,Norwalk HCYSC   CW,7,Olmsted Falls,2,Boys,2016(U10),West 4,323
Sofios Park (Field #6  7v7),4/12/26,Sun,2:30 PM,12703,Norwalk HCYSC   CW,,Avon   TN,,Boys,2017(U09),West 3,323
Sofios Park (Field #6  7v7),4/12/26,Sun,4:00 PM,7502,Norwalk HCYSC   MW,1,Lakewood   G16P,3,Girls,2016(U10),West 5,323
Sofios Park (Field #6  7v7),4/19/26,Sun,2:30 PM,12709,Norwalk HCYSC   CW,,Rocky River   BLK,,Boys,2017(U09),West 3,323
Sofios Park (Field #6  7v7),4/19/26,Sun,4:00 PM,1507,Norwalk HCYSC   CW,3,Columbia Station,1,Boys,2016(U10),West 4,323
Sofios Park (Field #6  7v7),4/19/26,Sun,4:00 PM,7504,Norwalk HCYSC   MW,1,Rocky River   WHT,3,Girls,2016(U10),West 5,323
Sofios Park (Field #6  7v7),4/28/26,Tue,6:30 PM,12720,Norwalk HCYSC   CW,,Lakewood   B17G,,Boys,2017(U09),West 3,323
Sofios Park (Field #6  7v7),5/10/26,Sun,1:00 PM,7517,Norwalk HCYSC   MW,,Westlake   BL,,Girls,2016(U10),West 5,323
Sofios Park (Field #6  7v7),5/10/26,Sun,2:30 PM,1524,Norwalk HCYSC   CW,,Bay Village   JH,,Boys,2016(U10),West 4,323
Sofios Park (Field #6  7v7),5/17/26,Sun,5:30 PM,1525,Norwalk HCYSC   CW,,LaGrange,,Boys,2016(U10),West 4,323
Sofios Park (Field #6  7v7),5/31/26,Sun,2:30 PM,12740,Norwalk HCYSC   CW,,Amherst,,Boys,2017(U09),West 3,323
Sofios Park (Field #6  7v7),5/31/26,Sun,2:30 PM,7523,Norwalk HCYSC   MW,,North Ridgeville,,Girls,2016(U10),West 5,323
Sofios Park (Field #7 9v9),4/12/26,Sun,11:30 AM,2301,Norwalk HCYSC   ML,6,LaGrange,6,Boys,2015(U11),West 5,323
Sofios Park (Field #7 9v9),4/19/26,Sun,11:30 AM,1804,Norwalk HCYSC,5,Avon Lake,5,Boys,2015(U11),West 3,323
Sofios Park (Field #7 9v9),4/21/26,Tue,6:30 PM,1809,Norwalk HCYSC,,Avon,,Boys,2015(U11),West 3,323
Sofios Park (Field #7 9v9),4/26/26,Sun,2:30 PM,2307,Norwalk HCYSC   ML,,TUSA,,Boys,2015(U11),West 5,323
Sofios Park (Field #7 9v9),5/3/26,Sun,2:30 PM,2313,Norwalk HCYSC   ML,,Parma,,Boys,2015(U11),West 5,323
Sofios Park (Field #7 9v9),5/14/26,Thu,6:30 PM,1827,Norwalk HCYSC,,Sandusky,,Boys,2015(U11),West 3,323
Sofios Park (Field #7 9v9),5/17/26,Sun,1:00 PM,1824,Norwalk HCYSC,,Columbia Station,,Boys,2015(U11),West 3,323
Sofios Park (Field #7 9v9),5/17/26,Sun,4:00 PM,2319,Norwalk HCYSC   ML,,Lakewood   B15G,,Boys,2015(U11),West 5,323
Sofios Park (Field #8 11v11),4/19/26,Sun,2:30 PM,5406,Norwalk HCYSC   TP,6,TUSA,1,Boys,2012(U14),West 3,323
Sofios Park (Field #8 11v11),4/19/26,Sun,5:30 PM,5304,Norwalk HCYSC   ML,,Olmsted Falls   Gold,,Boys,2013(U13),West 5,323
Sofios Park (Field #8 11v11),4/21/26,Tue,6:30 PM,5404,Norwalk HCYSC   TP,,Avon Lake   MRN,,Boys,2012(U14),West 3,323
Sofios Park (Field #8 11v11),4/26/26,Sun,4:30 PM,5307,Norwalk HCYSC   ML,,Elyria,,Boys,2013(U13),West 5,323
Sofios Park (Field #8 11v11),5/3/26,Sun,3:00 PM,5312,Norwalk HCYSC   ML,,Parma Hts,,Boys,2013(U13),West 5,323
Sofios Park (Field #8 11v11),5/7/26,Thu,6:30 PM,5414,Norwalk HCYSC   TP,,North Olmsted   BLK,,Boys,2012(U14),West 3,323
Sofios Park (Field #8 11v11),5/17/26,Sun,11:30 AM,5316,Norwalk HCYSC   ML,,Lakewood   B13G,,Boys,2013(U13),West 5,323
Sofios Park (Field #8 11v11),5/17/26,Sun,5:30 PM,5427,Norwalk HCYSC   TP,,Bay Village   MM,,Boys,2012(U14),West 3,323
Solon Community Park (11v11),4/12/26,Sun,11:30 AM,5802,Solon United   Blue,5,Chagrin Falls   Orng,0,Boys,2012(U14),East 3,47
Solon Community Park (11v11),4/12/26,Sun,2:30 PM,4401,Solon United   Blue,1,North Royalton,3,Boys,2013(U13),East 3,47
Solon Community Park (11v11),4/26/26,Sun,11:00 AM,10409,Solon United   Blue,,Hudson   GREE,,Girls,2013(U13),East 3,47
Solon Community Park (9v9),4/23/26,Thu,7:00 PM,2207,Solon United   Blue,,Hudson   SHUT,,Boys,2015(U11),East 3,47
Solon Community Park (9v9),4/28/26,Tue,6:30 PM,2714,Solon United   Whit,,Euclid,,Boys,2015(U11),East 5,47
Solon Community Park (9v9),4/30/26,Thu,6:30 PM,3119,Solon United   Whit,,Nordonia,,Boys,2014(U12),East 3,47
Solon High School (High School Stadium Turf),4/26/26,Sun,5:30 PM,6212,Solon United   Blue,,Cuyahoga Falls   RH,,Boys,2011(U15),1,45
Solon High School (High School Stadium Turf),5/3/26,Sun,4:00 PM,6223,Solon United   Blue,,Revere,,Boys,2011(U15),1,45
Solon High School (High School Stadium Turf),5/14/26,Thu,6:30 PM,6228,Solon United   Blue,,Strongsville,,Boys,2011(U15),1,45
Solon High School (High School Stadium Turf),5/31/26,Sun,5:30 PM,6236,Solon United   Blue,,Medina   U15G,,Boys,2011(U15),1,45
Southside Community Park (11v11) (SSCP - 11v11),4/12/26,Sun,2:30 PM,5102,New Philadelphia,3,Lake Select SC   2013,4,Boys,2013(U13),South 3,772
Southside Community Park (11v11) (SSCP - 11v11),4/26/26,Sun,2:30 PM,5111,New Philadelphia,,Wadsworth,,Boys,2013(U13),South 3,772
Southside Community Park (11v11) (SSCP - 11v11),5/3/26,Sun,2:30 PM,5118,New Philadelphia,,Wooster,,Boys,2013(U13),South 3,772
Southside Community Park (11v11) (SSCP - 11v11),5/10/26,Sun,11:30 AM,5122,New Philadelphia,,Tallmadge,,Boys,2013(U13),South 3,772
Southside Community Park (7v7) (SSCP - 7v7),4/12/26,Sun,11:30 AM,13103,New Philadelphia,5,Norton,2,Boys,2017(U09),South 6,620
Southside Community Park (7v7) (SSCP - 7v7),4/12/26,Sun,1:00 PM,14903,New Philadelphia,5,Copley,0,Girls,2017(U09),South 4 EN,620
Southside Community Park (7v7) (SSCP - 7v7),4/19/26,Sun,11:30 AM,13107,New Philadelphia,6,Northwest,2,Boys,2017(U09),South 6,620
Southside Community Park (7v7) (SSCP - 7v7),4/19/26,Sun,1:00 PM,14909,New Philadelphia,5,Brecksville Bees SA   Y,0,Girls,2017(U09),South 4 EN,620
Southside Community Park (7v7) (SSCP - 7v7),4/26/26,Sun,11:30 AM,1413,New Philadelphia,,Lake Select SC   2016,,Boys,2016(U10),South 5,620
Southside Community Park (7v7) (SSCP - 7v7),4/26/26,Sun,4:00 PM,11613,New Philadelphia,,Green,,Girls,2016(U10),South 5,620
Southside Community Park (7v7) (SSCP - 7v7),4/28/26,Tue,6:30 PM,14920,New Philadelphia,,North Canton,,Girls,2017(U09),South 4 EN,620
Southside Community Park (7v7) (SSCP - 7v7),4/30/26,Thu,6:30 PM,11618,New Philadelphia,,Lake Select SC   2016,,Girls,2016(U10),South 5,620
Southside Community Park (7v7) (SSCP - 7v7),5/5/26,Tue,6:30 PM,1418,New Philadelphia,,Perry (Stark),,Boys,2016(U10),South 5,620
Southside Community Park (7v7) (SSCP - 7v7),5/10/26,Sun,1:00 PM,1429,New Philadelphia,,Ashland,,Boys,2016(U10),South 5,620
Southside Community Park (7v7) (SSCP - 7v7),5/10/26,Sun,2:30 PM,13124,New Philadelphia,,Wooster,,Boys,2017(U09),South 6,620
Southside Community Park (7v7) (SSCP - 7v7),5/10/26,Sun,4:00 PM,11629,New Philadelphia,,Tallmadge,,Girls,2016(U10),South 5,620
Southside Community Park (7v7) (SSCP - 7v7),5/17/26,Sun,1:00 PM,1435,New Philadelphia,,Brecksville Bees SA   Y,,Boys,2016(U10),South 5,620
Southside Community Park (7v7) (SSCP - 7v7),5/17/26,Sun,4:00 PM,11635,New Philadelphia,,PLX United,,Girls,2016(U10),South 5,620
Southside Community Park (7v7) (SSCP - 7v7),5/18/26,Mon,6:30 PM,13125,New Philadelphia,,Barberton,,Boys,2017(U09),South 6,620
Southside Community Park (7v7) (SSCP - 7v7),5/31/26,Sun,2:30 PM,14940,New Philadelphia,,Lake Select SC,,Girls,2017(U09),South 4 EN,620
Spire Institute (Indoor Full Field - Field Turf),5/3/26,Sun,4:00 PM,11417,Geneva   11G,,North Ridgeville,,Girls,2011(U15),5,224
Spire Institute (Indoor Full Field - Field Turf),5/10/26,Sun,5:30 PM,5718,Geneva,,Solon United   Whit,,Boys,2012(U14),East 4,224
Spire Institute (Indoor Full Field - Field Turf),5/17/26,Sun,11:30 AM,5721,Geneva,,Twinsburg   Whte,,Boys,2012(U14),East 4,224
Spire Institute (Indoor Full Field - Field Turf),5/17/26,Sun,5:30 PM,6422,Geneva   11B,,Madison,,Boys,2011(U15),East 3,224
Spire Institute (Indoor Full Field - Field Turf),6/7/26,Sun,6:00 PM,6405,Geneva   11B,,Orange,,Boys,2011(U15),East 3,224
Spire Institute (Indoor Partial Field - Field Turf),4/12/26,Sun,2:30 PM,12904,Geneva   17B,0,Riverside   AM,5,Boys,2017(U09),East 5,224
Spire Institute (Indoor Partial Field - Field Turf),4/12/26,Sun,5:00 PM,1003,Stow   Gold,3,Geneva   16B,4,Boys,2016(U10),East 5,224
Spire Institute (Indoor Partial Field - Field Turf),4/19/26,Sun,1:00 PM,206,Geneva,0,Willoughby,3,Boys,2016(U10),East 6,224
Spire Institute (Indoor Partial Field - Field Turf),4/19/26,Sun,2:30 PM,12906,Geneva   17B,,Stow   Gray,,Boys,2017(U09),East 5,224
Spire Institute (Indoor Partial Field - Field Turf),4/26/26,Sun,11:30 AM,3115,Geneva   14B,,Mentor,,Boys,2014(U12),East 3,224
Spire Institute (Indoor Partial Field - Field Turf),4/26/26,Sun,1:00 PM,209,Geneva,,Stow   Gray,,Boys,2016(U10),East 6,224
Spire Institute (Indoor Partial Field - Field Turf),4/26/26,Sun,4:00 PM,1009,Geneva   16B,,Eastside Kickers,,Boys,2016(U10),East 5,224
Spire Institute (Indoor Partial Field - Field Turf),4/26/26,Sun,4:00 PM,12412,Geneva,,Geauga Federation SC,,Girls,2017(U09),East 5,224
Spire Institute (Indoor Partial Field - Field Turf),4/26/26,Sun,5:30 PM,3316,Geneva   15B,,Shaker Hts.   RED,,Boys,2014(U12),East 4,224
Spire Institute (Indoor Partial Field - Field Turf),5/3/26,Sun,1:00 PM,12417,Geneva,,Hudson   KENN,,Girls,2017(U09),East 5,224
Spire Institute (Indoor Partial Field - Field Turf),5/16/26,Sat,4:30 PM,1013,Geneva   16B,,Field,,Boys,2016(U10),East 5,224
Spire Institute (Outdoor Turf Stadium ),4/26/26,Sun,1:00 PM,11412,Geneva   11G,,Louisville,,Girls,2011(U15),5,224
Spire Institute (Outdoor Turf Stadium ),4/26/26,Sun,2:30 PM,5708,Geneva,,Mentor,,Boys,2012(U14),East 4,224
Spire Institute (Outdoor Turf Stadium ),4/28/26,Tue,6:30 PM,5712,Geneva,,Copley,,Boys,2012(U14),East 4,224
Spire Institute (Outdoor Turf Stadium ),5/31/26,Sun,11:30 AM,3334,Geneva   15B,,Kenston,,Boys,2014(U12),East 4,224
Spire Institute (Outdoor Turf Stadium ),5/31/26,Sun,1:00 PM,1031,Geneva   16B,,Stow   Gold,,Boys,2016(U10),East 5,224
Spire Institute (Outdoor Turf Stadium ),5/31/26,Sun,2:30 PM,11430,Geneva   11G,,Manchester,,Girls,2011(U15),5,224
Spire Institute (Outdoor Turf Stadium ),5/31/26,Sun,4:00 PM,3138,Geneva   14B,,Solon United   Whit,,Boys,2014(U12),East 3,224
Spire Institute (Outdoor Turf Stadium ),5/31/26,Sun,6:30 PM,9127,Geneva   14G,,Shaker Hts.   SILV,,Girls,2014(U12),East 4,224
Spire Institute (Track and Field Buildling Indoor Turf Field),4/14/26,Tue,6:00 PM,6401,Geneva   11B,3,Geauga Federation SC,8,Boys,2011(U15),East 3,224
Spire Institute (Track and Field Buildling Indoor Turf Field),4/19/26,Sun,11:30 AM,9104,Geneva   14G,1,Madison,1,Girls,2014(U12),East 4,224
Spire Institute (Track and Field Buildling Indoor Turf Field),4/19/26,Sun,4:00 PM,3305,Geneva   15B,,Rootstown,,Boys,2014(U12),East 4,224
Spire Institute (Track and Field Buildling Indoor Turf Field),4/21/26,Tue,6:30 PM,9109,Geneva   14G,,Kenston,,Girls,2014(U12),East 4,224
Spire Institute (Track and Field Buildling Indoor Turf Field),4/28/26,Tue,6:30 PM,12916,Geneva   17B,,Solon United   U8,,Boys,2017(U09),East 5,224
Spire Institute (Track and Field Buildling Indoor Turf Field),4/29/26,Wed,6:30 PM,211,Geneva,,Riverside,,Boys,2016(U10),East 6,224
Spire Institute (Track and Field Buildling Indoor Turf Field),5/3/26,Sun,1:00 PM,3121,Geneva   14B,,Wickliffe,,Boys,2014(U12),East 3,224
Spire Institute (Track and Field Buildling Indoor Turf Field),5/10/26,Sun,11:30 AM,12421,Geneva,,Shaker Hts.   WHT,,Girls,2017(U09),East 5,224
Spire Institute (Track and Field Buildling Indoor Turf Field),5/10/26,Sun,1:00 PM,12927,Geneva   17B,,Wickliffe,,Boys,2017(U09),East 5,224
Spire Institute (Track and Field Buildling Indoor Turf Field),5/10/26,Sun,2:30 PM,216,Geneva,,Shaker Hts.   GOLD,,Boys,2016(U10),East 6,224
Spire Institute (Track and Field Buildling Indoor Turf Field),5/17/26,Sun,11:00 AM,1026,Geneva   16B,,Shaker Hts.   SILV,,Boys,2016(U10),East 5,224
Spire Institute (Track and Field Buildling Indoor Turf Field),5/17/26,Sun,4:00 PM,9124,Geneva   14G,,Mentor,,Girls,2014(U12),East 4,224
Spire Institute (Track and Field Buildling Indoor Turf Field),5/19/26,Tue,6:30 PM,3131,Geneva   14B,,Chagrin Falls   Blck,,Boys,2014(U12),East 3,224
Sports Force Parks (11v11 Field 1),4/12/26,Sun,11:30 AM,6003,Sandusky,0,West Geauga,1,Boys,2012(U14),2,483
Sports Force Parks (11v11 Field 1),4/21/26,Tue,6:30 PM,6507,Sandusky,,Stow   Mar,,Boys,2011(U15),2,483
Sports Force Parks (11v11 Field 1),4/26/26,Sun,5:30 PM,4509,Sandusky,,Brunswick   WHT,,Boys,2013(U13),West 4,483
Sports Force Parks (11v11 Field 1),4/30/26,Thu,6:30 PM,15410,Sandusky,,Port Clinton,,Girls,2012(U14),West 4,483
Sports Force Parks (11v11 Field 1),5/3/26,Sun,5:30 PM,11127,Sandusky,,Lakewood   G11G,,Girls,2011(U15),3,483
Sports Force Parks (11v11 Field 1),5/10/26,Sun,11:30 AM,6531,Sandusky,,North Ridgeville,,Boys,2011(U15),2,483
Sports Force Parks (11v11 Field 1),5/10/26,Sun,5:30 PM,6024,Sandusky,,Revere,,Boys,2012(U14),2,483
Sports Force Parks (11v11 Field 1),5/16/26,Sat,4:00 PM,11104,Sandusky,,Medina   12GN,,Girls,2011(U15),3,483
Sports Force Parks (11v11 Field 1),5/26/26,Tue,6:30 PM,11109,Sandusky,,North Olmsted,,Girls,2011(U15),3,483
Sports Force Parks (11v11 Field 1),5/31/26,Sun,11:30 AM,15424,Sandusky,,Brunswick   RYL,,Girls,2012(U14),West 4,483
Sports Force Parks (11v11 Field 1),5/31/26,Sun,4:00 PM,4531,Sandusky,,Bay Village   TH,,Boys,2013(U13),West 4,483
Sports Force Parks (11v11 Field 1),6/7/26,Sun,11:00 AM,6007,Sandusky,,Shaker Hts.   BLK,,Boys,2012(U14),2,483
Sports Force Parks (11v11 Field 4),5/3/26,Sun,11:30 AM,15415,Sandusky,,Vermilion,,Girls,2012(U14),West 4,483
Sports Force Parks (11v11 Field 4),5/3/26,Sun,2:30 PM,6525,Sandusky,,North Royalton,,Boys,2011(U15),2,483
Sports Force Parks (11v11 Field 4),5/3/26,Sun,5:30 PM,4513,Sandusky,,Westlake   JM,,Boys,2013(U13),West 4,483
Sports Force Parks (11v11 Field 4),5/17/26,Sun,11:30 AM,11124,Sandusky,,Wadsworth,,Girls,2011(U15),3,483
Sports Force Parks (11v11 Field 4),5/17/26,Sun,1:00 PM,15420,Sandusky,,Avon Lake,,Girls,2012(U14),West 4,483
Sports Force Parks (11v11 Field 4),5/17/26,Sun,2:30 PM,6025,Sandusky,,Mayfield   MA,,Boys,2012(U14),2,483
Sports Force Parks (11v11 Field 4),5/17/26,Sun,4:00 PM,6537,Sandusky,,Eastside Kickers,,Boys,2011(U15),2,483
Sports Force Parks (11v11 Field 4),5/17/26,Sun,5:30 PM,4526,Sandusky,,North Ridgeville,,Boys,2013(U13),West 4,483
Sports Force Parks (7v7 Field 1),4/29/26,Wed,6:30 PM,7413,Sandusky,,Westlake   NF,,Girls,2016(U10),West 3,483
Sports Force Parks (7v7 Field 1),5/2/26,Sat,12:00 PM,7431,Sandusky,,Lakewood   G16G,,Girls,2016(U10),West 3,483
Sports Force Parks (7v7 Field 1),5/3/26,Sun,1:00 PM,15511,Sandusky,,Rocky River   WHT,,Boys,2016(U10),West 8,483
Sports Force Parks (7v7 Field 1),5/3/26,Sun,2:30 PM,1213,Sandusky,,Midview,,Boys,2016(U10),West 5,483
Sports Force Parks (7v7 Field 1),5/10/26,Sun,1:00 PM,714,Sandusky,,Avon Lake,,Boys,2016(U10),West 6,483
Sports Force Parks (7v7 Field 1),5/10/26,Sun,2:30 PM,13026,Sandusky,,Westlake   TB,,Boys,2017(U09),West 5,483
Sports Force Parks (7v7 Field 1),5/16/26,Sat,1:00 PM,701,Sandusky,,Avon   JD,,Boys,2016(U10),West 6,483
Sports Force Parks (7v7 Field 1),5/17/26,Sun,2:30 PM,13032,Sandusky,,Rocky River   GLD,,Boys,2017(U09),West 5,483
Sports Force Parks (7v7 Field 1),5/17/26,Sun,5:30 PM,1219,Sandusky,,Bay Village   TH,,Boys,2016(U10),West 5,483
Sports Force Parks (7v7 Field 1),5/20/26,Wed,6:00 PM,7426,Sandusky,,Port Clinton,,Girls,2016(U10),West 3,483
Sports Force Parks (7v7 Field 1),6/7/26,Sun,2:30 PM,719,Sandusky,,North Ridgeville   Gold,,Boys,2016(U10),West 6,483
Sports Force Parks (7v7 Field 7A),4/12/26,Sun,1:00 PM,1201,Sandusky,2,Avon   RL,4,Boys,2016(U10),West 5,483
Sports Force Parks (7v7 Field 7A),4/19/26,Sun,1:00 PM,15503,Sandusky,4,Olmsted Falls   Wht,0,Boys,2016(U10),West 8,483
Sports Force Parks (7v7 Field 7A),4/19/26,Sun,4:00 PM,13007,Sandusky,6,North Olmsted   BLK,1,Boys,2017(U09),West 5,483
Sports Force Parks (7v7 Field 7A),4/21/26,Tue,6:30 PM,15506,Sandusky,,Lakewood   B16W,,Boys,2016(U10),West 8,483
Sports Force Parks (7v7 Field 7A),4/23/26,Thu,6:30 PM,1207,Sandusky,,Bay Village   JK,,Boys,2016(U10),West 5,483
Sports Force Parks (7v7 Field 7A),4/24/26,Fri,6:30 PM,708,Sandusky,,LaGrange,,Boys,2016(U10),West 6,483
Sports Force Parks (7v7 Field 7A),4/26/26,Sun,4:00 PM,7409,Sandusky,,Bay Village   EJ,,Girls,2016(U10),West 3,483
Sports Force Parks (7v7 Field 7A),4/28/26,Tue,6:30 PM,13019,Sandusky,,Port Clinton,,Boys,2017(U09),West 5,483
Sports Force Parks (7v7 Field 7A),5/19/26,Tue,6:30 PM,15520,Sandusky,,Brunswick   WHT,,Boys,2016(U10),West 8,483
Sports Force Parks (9v9 Field 1),5/3/26,Sun,5:30 PM,1818,Sandusky,,Norwalk HCYSC,,Boys,2015(U11),West 3,483
Sports Force Parks (9v9 Field 1),5/7/26,Thu,6:30 PM,1806,Sandusky,,Olmsted Falls   Blue,,Boys,2015(U11),West 3,483
Sports Force Parks (9v9 Field 1),5/9/26,Sat,10:30 AM,3415,Sandusky,,Midview,,Boys,2014(U12),West 5,483
Sports Force Parks (9v9 Field 1),5/9/26,Sat,1:00 PM,3410,Sandusky,,Fairview Park   BO,,Boys,2014(U12),West 5,483
Sports Force Parks (9v9 Field 1),5/17/26,Sun,11:30 AM,3420,Sandusky,,North Olmsted   BLK,,Boys,2014(U12),West 5,483
Sports Force Parks (9v9 Field 7B),4/30/26,Thu,6:30 PM,1814,Sandusky,,North Olmsted,,Boys,2015(U11),West 3,483
Sports Force Parks (9v9 Field 7B),5/12/26,Tue,6:30 PM,1811,Sandusky,,Avon Lake,,Boys,2015(U11),West 3,483
Sports Force Parks (9v9 Field 7B),5/31/26,Sun,5:30 PM,3424,Sandusky,,Lakewood   B14W,,Boys,2014(U12),West 5,483
Spring Hill Sports Complex  (Field #111),4/12/26,Sun,4:00 PM,9003,North Canton,2,Green,3,Girls,2014(U12),South 5,779
Spring Hill Sports Complex (Field 111),4/19/26,Sun,1:00 PM,7804,Green,5,Brecksville Bees SA   Y,3,Girls,2015(U11),South 4,162
Spring Hill Sports Complex (Field 111),4/19/26,Sun,5:00 PM,8307,Green   15Bk,2,North Ridgeville,1,Girls,2015(U11),1,162
Spring Hill Sports Complex (Field 111),5/10/26,Sun,1:00 PM,7817,Green,,Highland   BM3,,Girls,2015(U11),South 4,162
Spring Hill Sports Complex (Field 111),5/10/26,Sun,5:30 PM,8326,Green   15Bk,,Bay Village   JTR,,Girls,2015(U11),1,162
Spring Hill Sports Complex (Field 111),5/31/26,Sun,12:00 PM,7823,Green,,Buckeye,,Girls,2015(U11),South 4,162
Spring Hill Sports Complex (Field 111),5/31/26,Sun,4:00 PM,3932,Green,,Buckeye,,Boys,2014(U12),South 4,162
Spring Hill Sports Complex (Field 112),4/12/26,Sun,2:30 PM,7802,Green,6,Manchester,1,Girls,2015(U11),South 4,162
Spring Hill Sports Complex (Field 112),4/19/26,Sun,10:00 AM,3607,Green,2,Chagrin Falls   Orng,3,Boys,2014(U12),1,162
Spring Hill Sports Complex (Field 112),4/19/26,Sun,2:30 PM,3908,Green,6,Northwest,1,Boys,2014(U12),South 4,162
Spring Hill Sports Complex (Field 112),4/19/26,Sun,5:30 PM,9004,Green,1,Dover,0,Girls,2014(U12),South 5,162
Spring Hill Sports Complex (Field 112),4/22/26,Wed,6:30 PM,9009,Green,,Mustangs Jr,,Girls,2014(U12),South 5,162
Spring Hill Sports Complex (Field 112),4/25/26,Sat,10:00 AM,2821,Green,,Stow   Gold,,Boys,2015(U11),South 5,162
Spring Hill Sports Complex (Field 112),4/25/26,Sat,11:30 AM,3604,Green,,Hudson   SFEW,,Boys,2014(U12),1,162
Spring Hill Sports Complex (Field 112),4/26/26,Sun,4:00 PM,2812,Green,,Wooster,,Boys,2015(U11),South 5,162
Spring Hill Sports Complex (Field 112),4/29/26,Wed,6:30 PM,3915,Green,,Wadsworth,,Boys,2014(U12),South 4,162
Spring Hill Sports Complex (Field 112),5/3/26,Sun,2:30 PM,2014,New Philadelphia,,Buckeye,,Boys,2015(U11),South 4,162
Spring Hill Sports Complex (Field 112),5/3/26,Sun,5:30 PM,2817,Green,,Revere   BLUE,,Boys,2015(U11),South 5,162
Spring Hill Sports Complex (Field 112),5/6/26,Wed,6:30 PM,8319,Green   15Bk,,Hudson   PEIG,,Girls,2015(U11),1,162
Spring Hill Sports Complex (Field 112),5/7/26,Thu,6:30 PM,3618,Green,,Avon   LS,,Boys,2014(U12),1,162
Spring Hill Sports Complex (Field 112),5/10/26,Sun,5:30 PM,3923,Green,,New Philadelphia,,Boys,2014(U12),South 4,162
Spring Hill Sports Complex (Field 112),5/17/26,Sun,1:00 PM,9024,Green,,North Canton,,Girls,2014(U12),South 5,162
Spring Hill Sports Complex (Field 112),5/17/26,Sun,5:00 PM,8332,Green   15Bk,,Brunswick   RYL,,Girls,2015(U11),1,162
Spring Hill Sports Complex (Field 112),5/31/26,Sun,11:30 AM,9027,Green,,Medina   14GR,,Girls,2014(U12),South 5,162
Spring Hill Sports Complex (Field 112),5/31/26,Sun,4:00 PM,2830,Green,,Brunswick   WHT,,Boys,2015(U11),South 5,162
Spring Hill Sports Complex (Field 112),6/3/26,Wed,6:30 PM,3633,Green,,Shaker Hts.   BLK,,Boys,2014(U12),1,162
Spring Hill Sports Complex (Field 113),4/12/26,Sun,5:30 PM,9701,Green,5,Lake Select SC   1314,0,Girls,2013(U13),South 3,162
Spring Hill Sports Complex (Field 113),4/14/26,Tue,6:00 PM,5001,Green,2,Barberton,2,Boys,2013(U13),South 4,162
Spring Hill Sports Complex (Field 113),4/19/26,Sun,11:30 AM,11504,Green,6,North Olmsted,1,Girls,2011(U15),2,162
Spring Hill Sports Complex (Field 113),4/19/26,Sun,2:30 PM,4806,Green,3,Kenston,5,Boys,2013(U13),1,162
Spring Hill Sports Complex (Field 113),4/26/26,Sun,11:30 AM,6543,Green,,Sandusky,,Boys,2011(U15),2,162
Spring Hill Sports Complex (Field 113),4/26/26,Sun,4:00 PM,5007,Green,,Highland   CM6,,Boys,2013(U13),South 4,162
Spring Hill Sports Complex (Field 113),4/26/26,Sun,6:00 PM,11507,Green,,Bay Village   ML,,Girls,2011(U15),2,162
Spring Hill Sports Complex (Field 113),4/28/26,Tue,6:30 PM,10612,Green,,Revere   BLUE,,Girls,2012(U14),5,162
Spring Hill Sports Complex (Field 113),5/3/26,Sun,1:00 PM,5013,Green,,Mustangs Jr,,Boys,2013(U13),South 4,162
Spring Hill Sports Complex (Field 113),5/5/26,Tue,6:00 PM,11512,Green,,Twinsburg,,Girls,2011(U15),2,162
Spring Hill Sports Complex (Field 113),5/10/26,Sun,2:30 PM,9720,Green,,Akron Inner City,,Girls,2013(U13),South 3,162
Spring Hill Sports Complex (Field 113),5/10/26,Sun,4:00 PM,10618,Green,,Cuyahoga Falls   EK,,Girls,2012(U14),5,162
Spring Hill Sports Complex (Field 113),5/17/26,Sun,5:30 PM,10621,Green,,North Canton,,Girls,2012(U14),5,162
Spring Hill Sports Complex (Field 113),5/20/26,Wed,6:30 PM,10819,Green   13Bk,,Chippewa,,Girls,2012(U14),2,162
Spring Hill Sports Complex (Field 113),5/27/26,Wed,6:30 PM,9722,Green,,PLX United,,Girls,2013(U13),South 3,162
Spring Hill Sports Complex (Field 113),6/7/26,Sun,11:30 AM,5019,Green,,PLX United,,Boys,2013(U13),South 4,162
Spring Hill Sports Complex (Field 114),4/12/26,Sun,1:00 PM,6503,Green,5,North Royalton,0,Boys,2011(U15),2,162
Spring Hill Sports Complex (Field 114),4/12/26,Sun,6:00 PM,4804,Green,0,Olmsted Falls   Blue,1,Boys,2013(U13),1,162
Spring Hill Sports Complex (Field 114),4/17/26,Fri,6:30 PM,4814,Green,1,Westlake   WV,2,Boys,2013(U13),1,162
Spring Hill Sports Complex (Field 114),4/19/26,Sun,1:00 PM,9705,Green,6,Dover,1,Girls,2013(U13),South 3,162
Spring Hill Sports Complex (Field 114),4/19/26,Sun,4:00 PM,10807,Green   13Bk,5,Shaker Hts.   BLK,0,Girls,2012(U14),2,162
Spring Hill Sports Complex (Field 114),4/26/26,Sun,11:30 AM,10608,Green,,Lakewood   G12G,,Girls,2012(U14),5,162
Spring Hill Sports Complex (Field 114),4/26/26,Sun,5:30 PM,6307,Green,,Lake Select SC   U15,,Boys,2011(U15),South 3,162
Spring Hill Sports Complex (Field 114),5/10/26,Sun,11:00 AM,10826,Green   13Bk,,Parma,,Girls,2012(U14),2,162
Spring Hill Sports Complex (Field 114),5/10/26,Sun,2:30 PM,6534,Green,,Akron Inner City,,Boys,2011(U15),2,162
Spring Hill Sports Complex (Field 114),5/12/26,Tue,6:30 PM,6301,Green,,Copley,,Boys,2011(U15),South 3,162
Spring Hill Sports Complex (Field 114),5/17/26,Sun,1:00 PM,10832,Green   13Bk,,West Geauga,,Girls,2012(U14),2,162
Spring Hill Sports Complex (Field 114),5/17/26,Sun,4:00 PM,11516,Green,,Aurora,,Girls,2011(U15),2,162
Spring Hill Sports Complex (Field 114),5/17/26,Sun,5:30 PM,6319,Green,,Manchester,,Boys,2011(U15),South 3,162
Spring Hill Sports Complex (Field 114),5/20/26,Wed,6:30 PM,6313,Green,,Ashland,,Boys,2011(U15),South 3,162
Spring Hill Sports Complex (Field 114),5/31/26,Sun,6:00 PM,6516,Green,,Stow   Mar,,Boys,2011(U15),2,162
Spring Hill Sports Complex (Field 115),5/17/26,Sun,6:30 PM,4827,Green,,Ashland,,Boys,2013(U13),1,162
St. Joan of Arc (7v7),4/22/26,Wed,6:00 PM,804,Perry (Stark),,Tallmadge,,Boys,2016(U10),South 4,477
St. Joan of Arc (7v7),4/26/26,Sun,1:00 PM,6908,Perry (Stark),,North Canton,,Girls,2016(U10),South 4,477
St. Joan of Arc (7v7),4/26/26,Sun,2:30 PM,1414,Perry (Stark),,North Canton   Blk,,Boys,2016(U10),South 5,477
St. Joan of Arc (7v7),4/28/26,Tue,6:30 PM,814,Perry (Stark),,Green,,Boys,2016(U10),South 4,477
St. Joan of Arc (7v7),4/29/26,Wed,6:30 PM,6912,Perry (Stark),,North Royalton,,Girls,2016(U10),South 4,477
St. Joan of Arc (7v7),5/2/26,Sat,6:00 PM,806,Perry (Stark),,Akron Inner City,,Boys,2016(U10),South 4,477
St. Joan of Arc (7v7),5/3/26,Sun,5:30 PM,1425,Perry (Stark),,Lake Select SC   2016,,Boys,2016(U10),South 5,477
St. Joan of Arc (7v7),5/9/26,Sat,12:00 PM,1430,Perry (Stark),,Kent   GD,,Boys,2016(U10),South 5,477
St. Joan of Arc (7v7),5/10/26,Sun,1:00 PM,6918,Perry (Stark),,Eagles Select   2016,,Girls,2016(U10),South 4,477
St. Joan of Arc (7v7),5/17/26,Sun,11:30 AM,6921,Perry (Stark),,Revere   RED,,Girls,2016(U10),South 4,477
St. Joan of Arc (7v7),5/17/26,Sun,1:00 PM,1434,Perry (Stark),,Broadview Hts.,,Boys,2016(U10),South 5,477
St. Joan of Arc (7v7),5/17/26,Sun,6:30 PM,827,Perry (Stark),,Cuyahoga Falls   JH10,,Boys,2016(U10),South 4,477
St. Joan of Arc (9v9),4/12/26,Sun,4:00 PM,2903,Perry (Stark),0,Dover,5,Boys,2015(U11),South 6,477
St. Joan of Arc (9v9),4/13/26,Mon,6:30 PM,15202,Perry (Stark),1,Medina   14WT,2,Girls,2014(U12),South 3,477
St. Joan of Arc (9v9),4/18/26,Sat,4:00 PM,7602,Perry (Stark),0,Revere   RED,2,Girls,2015(U11),South 3,477
St. Joan of Arc (9v9),4/19/26,Sun,1:00 PM,2808,Perry (Stark),1,Brunswick   WHT,1,Boys,2015(U11),South 5,477
St. Joan of Arc (9v9),4/19/26,Sun,3:00 PM,15204,Perry (Stark),3,Parma,4,Girls,2014(U12),South 3,477
St. Joan of Arc (9v9),4/23/26,Thu,6:30 PM,7611,Perry (Stark),,Field,,Girls,2015(U11),South 3,477
St. Joan of Arc (9v9),4/25/26,Sat,3:00 PM,2909,Perry (Stark),,Akron Inner City,,Boys,2015(U11),South 6,477
St. Joan of Arc (9v9),4/28/26,Tue,6:30 PM,2920,Perry (Stark),,Barberton,,Boys,2015(U11),South 6,477
St. Joan of Arc (9v9),4/30/26,Thu,6:30 PM,2815,Perry (Stark),,Green,,Boys,2015(U11),South 5,477
St. Joan of Arc (9v9),5/1/26,Fri,6:30 PM,7618,Perry (Stark),,Lake Select SC   2015,,Girls,2015(U11),South 3,477
St. Joan of Arc (9v9),5/10/26,Sun,2:30 PM,7622,Perry (Stark),,Norton,,Girls,2015(U11),South 3,477
St. Joan of Arc (9v9),5/10/26,Sun,4:00 PM,2823,Perry (Stark),,North Canton,,Boys,2015(U11),South 5,477
St. Joan of Arc (9v9),5/10/26,Sun,5:30 PM,15217,Perry (Stark),,Copley   Gold,,Girls,2014(U12),South 3,477
St. Joan of Arc (9v9),5/19/26,Tue,6:30 PM,15223,Perry (Stark),,Highland   BD1,,Girls,2014(U12),South 3,477
St. Joan of Arc (9v9),5/31/26,Sun,2:30 PM,2832,Perry (Stark),,Revere   BLUE,,Boys,2015(U11),South 5,477
St. Joan of Arc (9v9),5/31/26,Sun,4:00 PM,2940,Perry (Stark),,Norton,,Boys,2015(U11),South 6,477
Stonewater Field (Stonewater 1),4/12/26,Sun,5:30 PM,9101,Kent   TS,1,Shaker Hts.   SILV,4,Girls,2014(U12),East 4,499
Stonewater Field (Stonewater 1),4/18/26,Sat,2:30 PM,1906,Kent   GD,,Hudson   SFER,,Boys,2015(U11),East 6,499
Stonewater Field (Stonewater 1),4/19/26,Sun,1:00 PM,3109,Kent   ER,1,Geneva   14B,3,Boys,2014(U12),East 3,499
Stonewater Field (Stonewater 1),4/19/26,Sun,4:00 PM,9105,Kent   TS,5,Kenston,2,Girls,2014(U12),East 4,499
Stonewater Field (Stonewater 1),4/22/26,Wed,6:30 PM,3725,Kent   BW,,Mayfield   MW,,Boys,2014(U12),East 2,499
Stonewater Field (Stonewater 1),4/29/26,Wed,6:30 PM,1914,Kent   GD,,Nordonia,,Boys,2015(U11),East 6,499
Stonewater Field (Stonewater 1),4/30/26,Thu,6:30 PM,3120,Kent   ER,,Chagrin Falls   Blck,,Boys,2014(U12),East 3,499
Stonewater Field (Stonewater 1),5/3/26,Sun,2:30 PM,1918,Kent   GD,,West Geauga,,Boys,2015(U11),East 6,499
Stonewater Field (Stonewater 1),5/11/26,Mon,6:30 PM,3724,Kent   BW,,North Royalton,,Boys,2014(U12),East 2,499
Stonewater Field (Stonewater 1),5/17/26,Sun,1:00 PM,9122,Kent   TS,,Madison,,Girls,2014(U12),East 4,499
Stonewater Field (Stonewater 1),5/31/26,Sun,2:30 PM,3140,Kent   ER,,Mentor,,Boys,2014(U12),East 3,499
Stonewater Field (Stonewater 1),6/3/26,Wed,6:00 PM,3703,Kent   BW,,Riverside   MN,,Boys,2014(U12),East 2,499
Stonewater Field (Stonewater 1),6/7/26,Sun,5:00 PM,3103,Kent   ER,,Twinsburg,,Boys,2014(U12),East 3,499
Streetsboro High School (High School Stadium),4/30/26,Thu,6:30 PM,13315,Streetsboro,,Aurora,,Boys,2011(U15),East 4,394
Streetsboro High School (High School Stadium),5/17/26,Sun,1:00 PM,13323,Streetsboro,,Eastlake,,Boys,2011(U15),East 4,394
Streetsboro High School (High School Stadium),5/17/26,Sun,2:30 PM,10926,Streetsboro,,Wickliffe,,Girls,2012(U14),4,394
Streetsboro High School (High School Stadium),5/31/26,Sun,1:00 PM,13326,Streetsboro,,Eastside Kickers,,Boys,2011(U15),East 4,394
Streetsboro High School (High School Stadium),5/31/26,Sun,2:30 PM,10931,Streetsboro,,Kent   TH,,Girls,2012(U14),4,394
Streetsboro High School (High School Stadium),6/7/26,Sun,12:00 PM,10913,Streetsboro,,Shaker Hts.   RED,,Girls,2012(U14),4,394
Streetsboro United U13 Field - NC Soccer Club (NC SOCCER CLUB),4/26/26,Sun,12:00 PM,13310,Streetsboro,,Shaker Hts.   RED,,Boys,2011(U15),East 4,352
Streetsboro United U13 Field - NC Soccer Club (NC SOCCER CLUB),4/26/26,Sun,2:30 PM,10909,Streetsboro,,Highland   DN1,,Girls,2012(U14),4,352
Summit Fairgrounds (Field 1A/B),4/21/26,Tue,6:30 PM,5906,Tallmadge,,Buckeye,,Boys,2012(U14),South 4,484
Summit Fairgrounds (Field 1A/B),4/23/26,Thu,6:30 PM,5101,Tallmadge,,Ashland,,Boys,2013(U13),South 3,484
Summit Fairgrounds (Field 1A/B),5/3/26,Sun,10:00 AM,5911,Tallmadge,,Eagles Select   U14,,Boys,2012(U14),South 4,484
Summit Fairgrounds (Field 1A/B),5/3/26,Sun,11:30 AM,5119,Tallmadge,,Dover,,Boys,2013(U13),South 3,484
Summit Fairgrounds (Field 1A/B),6/7/26,Sun,1:00 PM,5116,Tallmadge,,Wooster,,Boys,2013(U13),South 3,484
Summit Fairgrounds (Field 1A/B),6/7/26,Sun,2:30 PM,5920,Tallmadge,,Perry (Stark),,Boys,2012(U14),South 4,484
Summit Fairgrounds (Field 2A),4/26/26,Sun,1:00 PM,3512,Tallmadge,,Field,,Boys,2014(U12),South 5,484
Summit Fairgrounds (Field 2A),4/29/26,Wed,6:30 PM,2010,Tallmadge,,Brecksville Bees SA   R,,Boys,2015(U11),South 4,484
Summit Fairgrounds (Field 2A),5/3/26,Sun,1:00 PM,2015,Tallmadge,,Copley,,Boys,2015(U11),South 4,484
Summit Fairgrounds (Field 2A),5/10/26,Sun,1:00 PM,3521,Tallmadge,,Revere   BLUE,,Boys,2014(U12),South 5,484
Summit Fairgrounds (Field 2A),5/17/26,Sun,11:30 AM,2020,Tallmadge,,New Philadelphia,,Boys,2015(U11),South 4,484
Summit Fairgrounds (Field 2A),5/21/26,Thu,6:00 PM,3517,Tallmadge,,North Canton,,Boys,2014(U12),South 5,484
Summit Fairgrounds (Field 2A),5/31/26,Sun,11:30 AM,3530,Tallmadge,,Woodridge,,Boys,2014(U12),South 5,484
Summit Fairgrounds (Field 2A),5/31/26,Sun,2:30 PM,2024,Tallmadge,,Strongsville,,Boys,2015(U11),South 4,484
Summit Fairgrounds (Field 2B),4/19/26,Sun,2:30 PM,808,Tallmadge,,Medina   U10W,,Boys,2016(U10),South 4,484
Summit Fairgrounds (Field 2B),4/26/26,Sun,11:30 AM,11611,Tallmadge,,PLX United,,Girls,2016(U10),South 5,484
Summit Fairgrounds (Field 2B),4/28/26,Tue,6:30 PM,815,Tallmadge,,Copley   Gold,,Boys,2016(U10),South 4,484
Summit Fairgrounds (Field 2B),5/3/26,Sun,2:30 PM,11622,Tallmadge,,Wadsworth,,Girls,2016(U10),South 5,484
Summit Fairgrounds (Field 2B),5/10/26,Sun,2:30 PM,823,Tallmadge,,Akron Inner City,,Boys,2016(U10),South 4,484
Summit Fairgrounds (Field 2B),5/27/26,Wed,6:30 PM,832,Tallmadge,,Perry (Stark),,Boys,2016(U10),South 4,484
Summit Fairgrounds (Field 2B),5/31/26,Sun,1:00 PM,11637,Tallmadge,,Lake Select SC   2016,,Girls,2016(U10),South 5,484
Summit Fairgrounds (Field 2B),6/7/26,Sun,4:00 PM,11605,Tallmadge,,Rootstown,,Girls,2016(U10),South 5,484
Tallmadge HS Stadium (Turf),4/19/26,Sun,11:30 AM,5903,Tallmadge,0,Medina   U14W,4,Boys,2012(U14),South 4,495
Tallmadge HS Stadium (Turf),4/19/26,Sun,1:00 PM,5105,Tallmadge,1,Lake Select SC   2013,4,Boys,2013(U13),South 3,495
Tiger Stadium - Turf (High School Turf Field),4/12/26,Sun,1:00 PM,9404,Twinsburg   Blue,2,Shaker Hts.   RED,4,Girls,2014(U12),2,74
Tiger Stadium - Turf (High School Turf Field),4/12/26,Sun,4:00 PM,4303,Twinsburg,1,Kent   BW,1,Boys,2013(U13),East 4,74
Tiger Stadium - Turf (High School Turf Field),4/19/26,Sun,10:00 AM,15111,Twinsburg   Blue,1,Shaker Hts.   BLK,3,Girls,2015(U11),East 2,74
Tiger Stadium - Turf (High School Turf Field),4/19/26,Sun,11:30 AM,5706,Twinsburg   Whte,1,Geneva,0,Boys,2012(U14),East 4,74
Tiger Stadium - Turf (High School Turf Field),4/19/26,Sun,1:00 PM,15108,Twinsburg   Whte,,Twinsburg   Blue,,Girls,2015(U11),East 2,74
Tiger Stadium - Turf (High School Turf Field),4/19/26,Sun,2:30 PM,2104,Twinsburg   Whte,3,Willoughby,1,Boys,2015(U11),East 4,74
Tiger Stadium - Turf (High School Turf Field),4/19/26,Sun,4:00 PM,9406,Twinsburg   Blue,1,Jackson,3,Girls,2014(U12),2,74
Tiger Stadium - Turf (High School Turf Field),4/19/26,Sun,5:30 PM,6508,Twinsburg,0,Eastside Kickers,3,Boys,2011(U15),2,74
Tiger Stadium - Turf (High School Turf Field),4/24/26,Fri,6:30 PM,9416,Twinsburg   Blue,,Geauga Federation SC,,Girls,2014(U12),2,74
Tiger Stadium - Turf (High School Turf Field),4/26/26,Sun,10:00 AM,2110,Twinsburg   Blue,,West Geauga,,Boys,2015(U11),East 4,74
Tiger Stadium - Turf (High School Turf Field),4/26/26,Sun,11:30 AM,9208,Twinsburg   Whte,,Wickliffe,,Girls,2014(U12),East 3,74
Tiger Stadium - Turf (High School Turf Field),4/26/26,Sun,1:00 PM,10813,Twinsburg,,Green   13Bk,,Girls,2012(U14),2,74
Tiger Stadium - Turf (High School Turf Field),4/26/26,Sun,2:30 PM,5709,Twinsburg   Whte,,Solon United   Whit,,Boys,2012(U14),East 4,74
Tiger Stadium - Turf (High School Turf Field),4/26/26,Sun,4:00 PM,3114,Twinsburg,,Riverside   JJ,,Boys,2014(U12),East 3,74
Tiger Stadium - Turf (High School Turf Field),5/3/26,Sun,10:00 AM,9815,Twinsburg,,Solon United   Gold,,Girls,2013(U13),East 2,74
Tiger Stadium - Turf (High School Turf Field),5/3/26,Sun,11:30 AM,6526,Twinsburg,,North Ridgeville,,Boys,2011(U15),2,74
Tiger Stadium - Turf (High School Turf Field),5/10/26,Sun,1:00 PM,10829,Twinsburg,,West Geauga,,Girls,2012(U14),2,74
Tiger Stadium - Turf (High School Turf Field),5/10/26,Sun,2:30 PM,5716,Twinsburg   Whte,,NP Aurora,,Boys,2012(U14),East 4,74
Tiger Stadium - Turf (High School Turf Field),5/10/26,Sun,4:00 PM,6532,Twinsburg,,Stow   Mar,,Boys,2011(U15),2,74
"Tri City (Field #1 - 9v9 South Fields, By Baseball Diamond)",4/12/26,Sun,1:00 PM,14801,Westlake,1,Lakewood   B14B,6,Boys,2014(U12),West 6,557
"Tri City (Field #1 - 9v9 South Fields, By Baseball Diamond)",4/15/26,Wed,6:30 PM,4107,Westlake   JJ,3,North Ridgeville   Gold,1,Boys,2014(U12),West 4,557
"Tri City (Field #2 - 7v7 South Fields, By Baseball Diamond)",4/21/26,Tue,6:30 PM,12107,Westlake   JB,,Bay Village   JW,,Girls,2017(U09),West 3,557
"Tri City (Field #2 - 7v7 South Fields, By Baseball Diamond)",4/28/26,Tue,6:30 PM,14511,Westlake   NF,,Lakewood   B17B,,Boys,2017(U09),West 6 EV,557
"Tri City (Field #3 - 9v9 North Fields, By Tennis Courts)",4/21/26,Tue,6:30 PM,3811,Westlake   DS,,Strongsville,,Boys,2014(U12),West 3,557
"Tri City (Field #4 - 7v7 North Fields, By Tennis Courts)",4/29/26,Wed,6:30 PM,914,Westlake   RR,,Lakewood   B16P,,Boys,2016(U10),West 3,557
"Tri City (Field #4 - 7v7 North Fields, By Tennis Courts)",5/6/26,Wed,6:30 PM,7514,Westlake   BL,,North Ridgeville,,Girls,2016(U10),West 5,557
"Tri City (Field #4 - 7v7 North Fields, By Tennis Courts)",5/13/26,Wed,6:30 PM,14204,Westlake   JJ,,Brunswick   BD,,Girls,2017(U09),2,557
"Tri City (Field #4 - 7v7 North Fields, By Tennis Courts)",5/27/26,Wed,6:30 PM,14506,Westlake   NF,,Fairview Park   BP,,Boys,2017(U09),West 6 EV,557
Tri-City Park  (#1 South),4/21/26,Tue,6:00 PM,13403,Rocky River   MRN,,North Olmsted   ORNG,,Boys,2014(U12),2,288
Tri-City Park  (#1 South),4/26/26,Sun,4:00 PM,14808,Rocky River   GRY,,Olmsted Falls   Gold,,Boys,2014(U12),West 6,288
Tri-City Park  (#1 South),4/30/26,Thu,6:30 PM,8612,Rocky River   WHT,,Vermilion,,Girls,2015(U11),West 3,288
Tri-City Park  (#1 South),5/15/26,Fri,6:30 PM,13424,Rocky River   MRN,,Westlake   DK,,Boys,2014(U12),2,288
Tri-City Park  (#1 South),5/17/26,Sun,4:00 PM,14821,Rocky River   GRY,,Lakewood   B14B,,Boys,2014(U12),West 6,288
Tri-City Park  (#1 South),5/17/26,Sun,5:30 PM,8621,Rocky River   WHT,,Bay Village   AC,,Girls,2015(U11),West 3,288
Tri-City Park  (#2 South),4/12/26,Sun,11:00 AM,6703,Rocky River   GRY,1,Parma   CRE,6,Girls,2016(U10),West 6,288
Tri-City Park  (#2 South),4/19/26,Sun,12:00 PM,12106,Rocky River   MRN,6,Lakewood   G17G,4,Girls,2017(U09),West 3,288
Tri-City Park  (#2 South),4/19/26,Sun,4:00 PM,7106,Stow   Mar,4,Rocky River   MRN,2,Girls,2016(U10),1,288
Tri-City Park  (#2 South),4/19/26,Sun,5:30 PM,12108,Rocky River   WHT,1,Olmsted Falls   Blue,6,Girls,2017(U09),West 3,288
Tri-City Park  (#2 South),4/22/26,Wed,6:30 PM,15501,Rocky River   WHT,,Sandusky,,Boys,2016(U10),West 8,288
Tri-City Park  (#2 South),4/23/26,Thu,6:00 PM,7131,Rocky River   MRN,,Brunswick   RYL,,Girls,2016(U10),1,288
Tri-City Park  (#2 South),4/25/26,Sat,2:00 PM,7109,Rocky River   MRN,,Strongsville,,Girls,2016(U10),1,288
Tri-City Park  (#2 South),4/26/26,Sun,11:30 AM,7507,Rocky River   WHT,,Westlake   BL,,Girls,2016(U10),West 5,288
Tri-City Park  (#2 South),4/26/26,Sun,2:30 PM,14011,Rocky River   WHT,,Firelands,,Boys,2017(U09),West 4,288
Tri-City Park  (#2 South),4/29/26,Wed,6:30 PM,7113,Rocky River   MRN,,Westlake   PD,,Girls,2016(U10),1,288
Tri-City Park  (#2 South),4/30/26,Thu,6:30 PM,12114,Rocky River   MRN,,Bay Village   JW,,Girls,2017(U09),West 3,288
Tri-City Park  (#2 South),5/3/26,Sun,1:00 PM,1124,Rocky River   MRN,,Broadview Hts.,,Boys,2016(U10),1,288
Tri-City Park  (#2 South),5/3/26,Sun,2:30 PM,14018,Rocky River   WHT,,Bay Village   SE,,Boys,2017(U09),West 4,288
Tri-City Park  (#2 South),5/10/26,Sun,6:00 PM,14022,Rocky River   WHT,,Amherst,,Boys,2017(U09),West 4,288
Tri-City Park  (#2 South),5/14/26,Thu,6:30 PM,1126,Rocky River   MRN,,NP Aurora   GR,,Boys,2016(U10),1,288
Tri-City Park  (#2 South),5/17/26,Sun,11:30 AM,12731,Rocky River   BLK,,Lakewood   B17G,,Boys,2017(U09),West 3,288
Tri-City Park  (#2 South),5/17/26,Sun,1:00 PM,7519,Rocky River   WHT,,Norwalk HCYSC   MW,,Girls,2016(U10),West 5,288
Tri-City Park  (#2 South),5/31/26,Sun,11:30 AM,6722,Rocky River   GRY,,Avon   JD,,Girls,2016(U10),West 6,288
Tri-City Park  (#2 South),5/31/26,Sun,1:00 PM,13038,Rocky River   GRY,,Sandusky,,Boys,2017(U09),West 5,288
Tri-City Park  (#2 South),5/31/26,Sun,2:30 PM,13037,Rocky River   GLD,,Fairview Park   KB,,Boys,2017(U09),West 5,288
Tri-City Park  (#2 South),6/3/26,Wed,6:30 PM,7126,Rocky River   MRN,,Medina   16GN,,Girls,2016(U10),1,288
Tri-City Park (Tri-City #3  9 v 9 North (next to Tennis)),4/12/26,Sun,11:30 AM,8502,Fairview Park,1,Avon Lake   MRN,0,Girls,2015(U11),West 4,223
Tri-City Park (Tri-City #3  9 v 9 North (next to Tennis)),4/12/26,Sun,1:00 PM,2501,Fairview Park,1,Amherst,6,Boys,2015(U11),West 4,223
Tri-City Park (Tri-City #3  9 v 9 North (next to Tennis)),4/12/26,Sun,2:30 PM,3802,Fairview Park   AM,5,Independence,4,Boys,2014(U12),West 3,223
Tri-City Park (Tri-City #3  9 v 9 North (next to Tennis)),4/12/26,Sun,5:30 PM,3401,Fairview Park   BO,5,Parma,5,Boys,2014(U12),West 5,223
Tri-City Park (Tri-City #3  9 v 9 North (next to Tennis)),4/19/26,Sun,5:30 PM,8504,Fairview Park,0,Amherst,5,Girls,2015(U11),West 4,223
Tri-City Park (Tri-City #3  9 v 9 North (next to Tennis)),4/22/26,Wed,6:30 PM,3812,Fairview Park   AM,,Amherst   CS,,Boys,2014(U12),West 3,223
Tri-City Park (Tri-City #3  9 v 9 North (next to Tennis)),4/26/26,Sun,11:30 AM,3407,Fairview Park   BO,,North Olmsted   BLK,,Boys,2014(U12),West 5,223
Tri-City Park (Tri-City #3  9 v 9 North (next to Tennis)),4/26/26,Sun,1:00 PM,2519,Fairview Park,,Amherst   BC,,Boys,2015(U11),West 4,223
Tri-City Park (Tri-City #3  9 v 9 North (next to Tennis)),4/30/26,Thu,6:30 PM,2516,Fairview Park,,Westlake   ZA,,Boys,2015(U11),West 4,223
Tri-City Park (Tri-City #3  9 v 9 North (next to Tennis)),5/3/26,Sun,1:00 PM,3827,Fairview Park   AM,,Bay Village   JS,,Boys,2014(U12),West 3,223
Tri-City Park (Tri-City #3  9 v 9 North (next to Tennis)),5/3/26,Sun,2:30 PM,3413,Fairview Park   BO,,Lakewood   B14W,,Boys,2014(U12),West 5,223
Tri-City Park (Tri-City #3  9 v 9 North (next to Tennis)),5/7/26,Thu,6:30 PM,2505,Fairview Park,,Bay Village   KD,,Boys,2015(U11),West 4,223
Tri-City Park (Tri-City #3  9 v 9 North (next to Tennis)),5/10/26,Sun,11:30 AM,8517,Fairview Park,,Bay Village   AG,,Girls,2015(U11),West 4,223
Tri-City Park (Tri-City #3  9 v 9 North (next to Tennis)),5/17/26,Sun,2:30 PM,3419,Fairview Park   BO,,Midview,,Boys,2014(U12),West 5,223
Tri-City Park (Tri-City #3  9 v 9 North (next to Tennis)),5/21/26,Thu,6:30 PM,3841,Fairview Park   AM,,Olmsted Falls   Blue,,Boys,2014(U12),West 3,223
Tri-City Park (Tri-City #3  9 v 9 North (next to Tennis)),5/31/26,Sun,1:00 PM,8523,Fairview Park,,Olmsted Falls   Gold,,Girls,2015(U11),West 4,223
Tri-City Park (Tri-City #4 7 v 7 North (next to Tennis)),4/12/26,Sun,2:30 PM,12701,Fairview Park   AP,5,Avon Lake,0,Boys,2017(U09),West 3,223
Tri-City Park (Tri-City #4 7 v 7 North (next to Tennis)),4/12/26,Sun,4:00 PM,14201,Fairview Park,4,Ashland,9,Girls,2017(U09),2,223
Tri-City Park (Tri-City #4 7 v 7 North (next to Tennis)),4/19/26,Sun,2:30 PM,12710,Fairview Park   AP,6,Bay Village   SM,2,Boys,2017(U09),West 3,223
Tri-City Park (Tri-City #4 7 v 7 North (next to Tennis)),4/19/26,Sun,4:00 PM,14205,Fairview Park,10,Brunswick   TC,5,Girls,2017(U09),2,223
Tri-City Park (Tri-City #4 7 v 7 North (next to Tennis)),4/19/26,Sun,5:30 PM,1303,Fairview Park   MZ,9,TUSA,4,Boys,2016(U10),West 7,223
Tri-City Park (Tri-City #4 7 v 7 North (next to Tennis)),4/21/26,Tue,6:30 PM,1306,Fairview Park   MZ,,Parma,,Boys,2016(U10),West 7,223
Tri-City Park (Tri-City #4 7 v 7 North (next to Tennis)),4/26/26,Sun,1:00 PM,14508,Fairview Park   BP,,Lakewood   B17B,,Boys,2017(U09),West 6 EV,223
Tri-City Park (Tri-City #4 7 v 7 North (next to Tennis)),4/26/26,Sun,2:30 PM,13014,Fairview Park   KB,,Bay Village   BB,,Boys,2017(U09),West 5,223
Tri-City Park (Tri-City #4 7 v 7 North (next to Tennis)),4/26/26,Sun,4:00 PM,7308,Fairview Park,,Columbia Station,,Girls,2016(U10),West 4,223
Tri-City Park (Tri-City #4 7 v 7 North (next to Tennis)),4/27/26,Mon,6:30 PM,7312,Fairview Park,,Avon Lake   MRN,,Girls,2016(U10),West 4,223
Tri-City Park (Tri-City #4 7 v 7 North (next to Tennis)),4/28/26,Tue,6:30 PM,12717,Fairview Park   AP,,Rocky River   BLK,,Boys,2017(U09),West 3,223
Tri-City Park (Tri-City #4 7 v 7 North (next to Tennis)),4/30/26,Thu,6:30 PM,14512,Fairview Park   BP,,Avon Lake,,Boys,2017(U09),West 6 EV,223
Tri-City Park (Tri-City #4 7 v 7 North (next to Tennis)),5/1/26,Fri,6:30 PM,1210,Fairview Park   RS,,Sandusky,,Boys,2016(U10),West 5,223
Tri-City Park (Tri-City #4 7 v 7 North (next to Tennis)),5/3/26,Sun,1:00 PM,1311,Fairview Park   MZ,,North Olmsted   WHT,,Boys,2016(U10),West 7,223
Tri-City Park (Tri-City #4 7 v 7 North (next to Tennis)),5/3/26,Sun,2:30 PM,13025,Fairview Park   KB,,Sandusky,,Boys,2017(U09),West 5,223
Tri-City Park (Tri-City #4 7 v 7 North (next to Tennis)),5/3/26,Sun,4:00 PM,1215,Fairview Park   RS,,Bay Village   TH,,Boys,2016(U10),West 5,223
Tri-City Park (Tri-City #4 7 v 7 North (next to Tennis)),5/7/26,Thu,6:30 PM,14216,Fairview Park,,Strongsville,,Girls,2017(U09),2,223
Tri-City Park (Tri-City #4 7 v 7 North (next to Tennis)),5/10/26,Sun,1:00 PM,14518,Fairview Park   BP,,Westlake   SB,,Boys,2017(U09),West 6 EV,223
Tri-City Park (Tri-City #4 7 v 7 North (next to Tennis)),5/10/26,Sun,2:30 PM,13030,Fairview Park   KB,,Rocky River   GRY,,Boys,2017(U09),West 5,223
Tri-City Park (Tri-City #4 7 v 7 North (next to Tennis)),5/10/26,Sun,4:00 PM,7318,Fairview Park,,Bay Village   BH,,Girls,2016(U10),West 4,223
Tri-City Park (Tri-City #4 7 v 7 North (next to Tennis)),5/11/26,Mon,6:30 PM,14219,Fairview Park,,Brunswick   BD,,Girls,2017(U09),2,223
Tri-City Park (Tri-City #4 7 v 7 North (next to Tennis)),5/17/26,Sun,1:00 PM,13034,Fairview Park   KB,,Port Clinton,,Boys,2017(U09),West 5,223
Tri-City Park (Tri-City #4 7 v 7 North (next to Tennis)),5/17/26,Sun,2:30 PM,12733,Fairview Park   AP,,Amherst,,Boys,2017(U09),West 3,223
Tri-City Park (Tri-City #4 7 v 7 North (next to Tennis)),5/17/26,Sun,4:00 PM,14521,Fairview Park   BP,,Westlake   NF,,Boys,2017(U09),West 6 EV,223
Tri-City Park (Tri-City #4 7 v 7 North (next to Tennis)),5/17/26,Sun,4:00 PM,1220,Fairview Park   RS,,Bay Village   JK,,Boys,2016(U10),West 5,223
Tri-City Park (Tri-City #4 7 v 7 North (next to Tennis)),5/17/26,Sun,5:30 PM,7321,Fairview Park,,Parma   IRV,,Girls,2016(U10),West 4,223
Tri-City Park (Tri-City #4 7 v 7 North (next to Tennis)),5/19/26,Tue,6:30 PM,1224,Fairview Park   RS,,Midview,,Boys,2016(U10),West 5,223
Tri-City Park (Tri-City #4 7 v 7 North (next to Tennis)),5/21/26,Thu,6:30 PM,1320,Fairview Park   MZ,,Midview,,Boys,2016(U10),West 7,223
Troy Intermediate School (Troy 11A),4/12/26,Sun,1:00 PM,15403,Avon Lake,1,Brunswick   RYL,0,Girls,2012(U14),West 4,249
Troy Intermediate School (Troy 11A),4/12/26,Sun,4:00 PM,4603,Avon Lake   GOLD,5,Hudson   HARB,0,Boys,2013(U13),2,249
Troy Intermediate School (Troy 11A),4/19/26,Sun,11:30 AM,5408,Avon Lake   MRN,1,Lakewood   B12P,1,Boys,2012(U14),West 3,249
Troy Intermediate School (Troy 11A),4/19/26,Sun,2:30 PM,15405,Avon Lake,2,Sandusky,2,Girls,2012(U14),West 4,249
Troy Intermediate School (Troy 11A),4/23/26,Thu,6:30 PM,4611,Avon Lake   GOLD,,Westlake   JJ,,Boys,2013(U13),2,249
Troy Intermediate School (Troy 11A),4/27/26,Mon,6:30 PM,4510,Avon Lake   MRN,,Avon   JF,,Boys,2013(U13),West 4,249
Troy Intermediate School (Troy 11A),4/30/26,Thu,6:30 PM,5415,Avon Lake   MRN,,North Ridgeville,,Boys,2012(U14),West 3,249
Troy Intermediate School (Troy 11A),5/3/26,Sun,1:00 PM,4520,Avon Lake   MRN,,Sandusky,,Boys,2013(U13),West 4,249
Troy Intermediate School (Troy 11A),5/3/26,Sun,4:00 PM,15414,Avon Lake,,Olmsted Falls   Blue,,Girls,2012(U14),West 4,249
Troy Intermediate School (Troy 11A),5/13/26,Wed,6:00 PM,10118,Avon Lake   GOLD,,Rocky River   MRN,,Girls,2013(U13),1,249
Troy Intermediate School (Troy 11A),5/15/26,Fri,6:00 PM,4632,Avon Lake   GOLD,,Bay Village   BW,,Boys,2013(U13),2,249
Troy Intermediate School (Troy 11A),5/17/26,Sun,4:00 PM,4528,Avon Lake   MRN,,Westlake   JM,,Boys,2013(U13),West 4,249
Troy Intermediate School (Troy 11A),5/17/26,Sun,5:30 PM,10135,Avon Lake   GOLD,,Bay Village   CA,,Girls,2013(U13),1,249
Troy Intermediate School (Troy 11A),5/28/26,Thu,6:30 PM,4529,Avon Lake   MRN,,Brunswick   WHT,,Boys,2013(U13),West 4,249
Troy Intermediate School (Troy 11A),5/31/26,Sun,11:30 AM,15422,Avon Lake,,Port Clinton,,Girls,2012(U14),West 4,249
Troy Intermediate School (Troy 11A),5/31/26,Sun,4:00 PM,5432,Avon Lake   MRN,,Norwalk HCYSC   TP,,Boys,2012(U14),West 3,249
Troy Intermediate School (Troy 11A),6/3/26,Wed,6:30 PM,10129,Avon Lake   GOLD,,Ashland,,Girls,2013(U13),1,249
Troy Intermediate School (Troy 11B),4/20/26,Mon,6:00 PM,4609,Parma,,Avon Lake   GOLD,,Boys,2013(U13),2,249
Troy Intermediate School (Troy 11B),5/13/26,Wed,6:30 PM,5423,Avon Lake   MRN,,TUSA,,Boys,2012(U14),West 3,249
Troy Intermediate School (Troy 11B),5/17/26,Sun,2:30 PM,4636,Avon Lake   GOLD,,Akron Inner City,,Boys,2013(U13),2,249
Troy Intermediate School (Troy 11B),6/1/26,Mon,6:30 PM,10113,Avon Lake   GOLD,,Medina   13GN,,Girls,2013(U13),1,249
Troy Intermediate School (Troy 7B),4/12/26,Sun,11:30 AM,7301,Avon Lake   GOLD,2,Parma   IRV,3,Girls,2016(U10),West 4,249
Troy Intermediate School (Troy 7B),4/12/26,Sun,2:30 PM,12002,Avon Lake   BLK,2,Avon   JS,3,Girls,2017(U09),West 5,249
Troy Intermediate School (Troy 7B),4/19/26,Sun,1:00 PM,7305,Avon Lake   MRN,,Bay Village   BH,,Girls,2016(U10),West 4,249
Troy Intermediate School (Troy 7B),4/26/26,Sun,1:00 PM,12011,Avon Lake   BLK,,Avon   BB,,Girls,2017(U09),West 5,249
Troy Intermediate School (Troy 7B),4/28/26,Tue,6:30 PM,11713,Avon Lake   MRN,,Bay Village   CL,,Girls,2017(U09),West 4,249
Troy Intermediate School (Troy 7B),4/29/26,Wed,6:30 PM,12013,Avon Lake   WHT,,Avon Lake   BLK,,Girls,2017(U09),West 5,249
Troy Intermediate School (Troy 7B),5/10/26,Sun,2:30 PM,12022,Avon Lake   BLK,,Westlake   BL,,Girls,2017(U09),West 5,249
Troy Intermediate School (Troy 7B),5/11/26,Mon,6:00 PM,12009,Avon Lake   WHT,,Westlake   BL,,Girls,2017(U09),West 5,249
Troy Intermediate School (Troy 7B),5/17/26,Sun,1:00 PM,11726,Avon Lake   MRN,,Parma,,Girls,2017(U09),West 4,249
Troy Intermediate School (Troy 7B),5/17/26,Sun,4:00 PM,14226,Avon Lake   GOLD,,Brunswick   TC,,Girls,2017(U09),2,249
Troy Intermediate School (Troy 7B),5/28/26,Thu,6:30 PM,12018,Avon Lake   BLK,,North Olmsted,,Girls,2017(U09),West 5,249
Troy Intermediate School (Troy 7B),5/31/26,Sun,11:30 AM,12031,Avon Lake   WHT,,North Olmsted,,Girls,2017(U09),West 5,249
Troy Intermediate School (Troy 7B),5/31/26,Sun,4:00 PM,11731,Avon Lake   MRN,,Westlake   RG,,Girls,2017(U09),West 4,249
Troy Intermediate School (Troy 7C),4/16/26,Thu,6:30 PM,7303,Avon Lake   MRN,2,Fairview Park,1,Girls,2016(U10),West 4,249
Troy Intermediate School (Troy 7C),4/21/26,Tue,6:00 PM,14209,Avon Lake   GOLD,,Fairview Park,,Girls,2017(U09),2,249
Troy Intermediate School (Troy 7C),4/26/26,Sun,2:30 PM,11709,Avon Lake   MRN,,Westlake   GF,,Girls,2017(U09),West 4,249
Troy Intermediate School (Troy 7C),4/26/26,Sun,4:00 PM,7307,Avon Lake   GOLD,,Avon Lake   MRN,,Girls,2016(U10),West 4,249
Troy Intermediate School (Troy 7C),4/30/26,Thu,6:30 PM,14213,Avon Lake   GOLD,,Avon   JK,,Girls,2017(U09),2,249
Troy Intermediate School (Troy 7C),5/3/26,Sun,1:00 PM,7313,Avon Lake   GOLD,,Fairview Park,,Girls,2016(U10),West 4,249
Troy Intermediate School (Troy 7C),5/3/26,Sun,4:00 PM,7314,Avon Lake   MRN,,Parma   IRV,,Girls,2016(U10),West 4,249
Troy Intermediate School (Troy 7C),5/6/26,Wed,6:00 PM,13902,Avon Lake,,Lakewood   B17W,,Boys,2017(U09),West 6 EN,249
Troy Intermediate School (Troy 7C),5/17/26,Sun,10:30 AM,7319,Avon Lake   GOLD,,Columbia Station,,Girls,2016(U10),West 4,249
Troy Intermediate School (Troy 7C),5/17/26,Sun,2:30 PM,12026,Avon Lake   WHT,,Avon   JS,,Girls,2017(U09),West 5,249
Troy Intermediate School (Troy 7C),5/31/26,Sun,1:00 PM,7322,Avon Lake   MRN,,Avon Lake   GOLD,,Girls,2016(U10),West 4,249
Troy Intermediate School (Troy 7C),5/31/26,Sun,2:30 PM,14231,Avon Lake   GOLD,,Strongsville,,Girls,2017(U09),2,249
Troy Intermediate School (Troy 9A),4/14/26,Tue,6:30 PM,9302,Avon Lake,2,LaGrange,4,Girls,2014(U12),West 3,249
Troy Intermediate School (Troy 9A),4/16/26,Thu,6:30 PM,14601,Avon Lake   GOLD,0,Firelands,4,Girls,2015(U11),West 2,249
Troy Intermediate School (Troy 9A),4/19/26,Sun,4:00 PM,14605,Avon Lake   GOLD,3,Columbia Station,2,Girls,2015(U11),West 2,249
Troy Intermediate School (Troy 9A),4/22/26,Wed,6:30 PM,4108,Avon Lake   MRN,,TUSA,,Boys,2014(U12),West 4,249
Troy Intermediate School (Troy 9A),4/28/26,Tue,6:30 PM,9310,Avon Lake,,Lakewood   G14G,,Girls,2014(U12),West 3,249
Troy Intermediate School (Troy 9A),4/30/26,Thu,6:30 PM,8510,Avon Lake   MRN,,Amherst,,Girls,2015(U11),West 4,249
Troy Intermediate School (Troy 9A),5/3/26,Sun,2:30 PM,8515,Avon Lake   MRN,,Fairview Park,,Girls,2015(U11),West 4,249
Troy Intermediate School (Troy 9A),5/12/26,Tue,6:30 PM,14620,Avon Lake   GOLD,,Rocky River   MRN,,Girls,2015(U11),West 2,249
Troy Intermediate School (Troy 9A),5/17/26,Sun,1:00 PM,9315,Avon Lake,,Port Clinton,,Girls,2014(U12),West 3,249
Troy Intermediate School (Troy 9A),5/17/26,Sun,5:30 PM,14622,Avon Lake   GOLD,,Olmsted Falls   Blue,,Girls,2015(U11),West 2,249
Troy Intermediate School (Troy 9A),5/18/26,Mon,6:30 PM,8520,Avon Lake   MRN,,Bay Village   AG,,Girls,2015(U11),West 4,249
Troy Intermediate School (Troy 9A),5/31/26,Sun,1:00 PM,9318,Avon Lake,,Westlake   CG,,Girls,2014(U12),West 3,249
Troy Intermediate School (Troy 9A),5/31/26,Sun,2:30 PM,8524,Avon Lake   MRN,,TUSA,,Girls,2015(U11),West 4,249
Troy Intermediate School (Troy 9A),6/7/26,Sun,2:30 PM,4128,Avon Lake   MRN,,North Ridgeville   Gold,,Boys,2014(U12),West 4,249
Tru-Lay Stadium (High School 11v11),4/12/26,Sun,1:00 PM,15401,Port Clinton,5,Olmsted Falls   Blue,0,Girls,2012(U14),West 4,749
Tru-Lay Stadium (High School 11v11),4/19/26,Sun,5:30 PM,5204,Port Clinton,2,Midview,4,Boys,2013(U13),West 3,749
Tru-Lay Stadium (High School 11v11),4/26/26,Sun,4:30 PM,15407,Port Clinton,,Avon Lake,,Girls,2012(U14),West 4,749
Tru-Lay Stadium (High School 11v11),4/28/26,Tue,6:00 PM,5202,Port Clinton,,Rocky River   MRN,,Boys,2013(U13),West 3,749
Tru-Lay Stadium (High School 11v11),5/3/26,Sun,4:30 PM,15413,Port Clinton,,Brunswick   RYL,,Girls,2012(U14),West 4,749
Tru-Lay Stadium (High School 11v11),5/10/26,Sun,4:15 PM,5217,Port Clinton,,Brunswick   RYL,,Boys,2013(U13),West 3,749
Tru-Lay Stadium (High School 11v11),5/31/26,Sun,4:00 PM,5223,Port Clinton,,Strongsville,,Boys,2013(U13),West 3,749
Tuslaw Elementary School (Tuslaw Elementary School Field 11v11),4/18/26,Sat,12:00 PM,5008,Mustangs Jr,0,Green,5,Boys,2013(U13),South 4,780
Vermilion Soccer Club Fields (VR-C),4/28/26,Tue,6:30 PM,1119,Vermilion,,Rocky River   MRN,,Boys,2016(U10),1,331
Vermilion Soccer Club Fields (VR-C),5/3/26,Sun,5:30 PM,1121,Vermilion,,Shaker Hts.   BLK,,Boys,2016(U10),1,331
Vermilion Soccer Club Fields (VR-C),5/17/26,Sun,2:30 PM,1130,Vermilion,,North Royalton,,Boys,2016(U10),1,331
Vermilion Soccer Club Fields (VR-C),6/1/26,Mon,6:30 PM,1112,Vermilion,,Avon   PK,,Boys,2016(U10),1,331
Vermilion Soccer Club Fields (VR-E),4/19/26,Sun,2:30 PM,8605,Vermilion,4,Avon   DT,0,Girls,2015(U11),West 3,331
Vermilion Soccer Club Fields (VR-E),5/3/26,Sun,4:00 PM,8614,Vermilion,,Bay Village   AC,,Girls,2015(U11),West 3,331
Vermilion Soccer Club Fields (VR-E),5/7/26,Thu,6:30 PM,8603,Vermilion,,Rocky River   WHT,,Girls,2015(U11),West 3,331
Vermilion Soccer Club Fields (VR-E),5/31/26,Sun,2:30 PM,8622,Vermilion,,Parma,,Girls,2015(U11),West 3,331
Vermilion Soccer Club Fields (VR-G),4/19/26,Sun,1:00 PM,15404,Vermilion,1,Port Clinton,0,Girls,2012(U14),West 4,331
Vermilion Soccer Club Fields (VR-G),5/10/26,Sun,2:30 PM,15417,Vermilion,,Avon Lake,,Girls,2012(U14),West 4,331
Vermilion Soccer Club Fields (VR-G),5/20/26,Wed,6:30 PM,15402,Vermilion,,Sandusky,,Girls,2012(U14),West 4,331
Vermilion Soccer Club Fields (VR-G),5/31/26,Sun,1:00 PM,15423,Vermilion,,Olmsted Falls   Blue,,Girls,2012(U14),West 4,331
Victory Park (Grass Field #2),4/28/26,Tue,6:30 PM,913,North Ridgeville   Navy,,Olmsted Falls   Blue,,Boys,2016(U10),West 3,776
Victory Park (Grass Field #2),4/29/26,Wed,6:30 PM,7511,North Ridgeville,,Norwalk HCYSC   MW,,Girls,2016(U10),West 5,776
Victory Park (Grass Field #2),5/6/26,Wed,6:30 PM,4113,North Ridgeville   Gold,,Rocky River   WHT,,Boys,2014(U12),West 4,776
Victory Park (Grass Field #2),5/13/26,Wed,6:30 PM,3839,North Ridgeville   Navy,,Strongsville,,Boys,2014(U12),West 3,776
Victory Park (Grass Field #2),5/20/26,Wed,6:30 PM,4112,North Ridgeville   Gold,,Avon   BK1,,Boys,2014(U12),West 4,776
Victory Park (Grass Field #3),4/19/26,Sun,11:00 AM,3808,North Ridgeville   Navy,4,Fairview Park   AM,2,Boys,2014(U12),West 3,776
Victory Park (Grass Field #3),4/26/26,Sun,6:30 PM,8328,North Ridgeville,,Brecksville Bees SA   R,,Girls,2015(U11),1,776
Victory Park (Grass Field #3),4/28/26,Tue,6:30 PM,12116,North Ridgeville,,Westlake   JB,,Girls,2017(U09),West 3,776
Victory Park (Grass Field #3),4/30/26,Thu,6:30 PM,709,North Ridgeville   Gold,,Sandusky,,Boys,2016(U10),West 6,776
Victory Park (Method),4/12/26,Sun,2:30 PM,12101,North Ridgeville,4,Bay Village   JW,1,Girls,2017(U09),West 3,776
Victory Park (Method),4/19/26,Sun,8:30 AM,7506,North Ridgeville,3,Brecksville Bees SA   Y,1,Girls,2016(U10),West 5,776
Victory Park (Method),4/19/26,Sun,11:30 AM,12105,North Ridgeville,0,Avon   JE,3,Girls,2017(U09),West 3,776
Victory Park (Method),4/19/26,Sun,1:00 PM,14008,North Ridgeville,0,Rocky River   WHT,4,Boys,2017(U09),West 4,776
Victory Park (Method),4/23/26,Thu,6:30 PM,3819,North Ridgeville   Navy,,LaGrange,,Boys,2014(U12),West 3,776
Victory Park (Method),4/26/26,Sun,1:00 PM,7509,North Ridgeville,,Lakewood   G16P,,Girls,2016(U10),West 5,776
Victory Park (Method),4/26/26,Sun,4:00 PM,8312,North Ridgeville,,Hudson   PEIG,,Girls,2015(U11),1,776
Victory Park (Method),5/3/26,Sun,11:30 AM,4117,North Ridgeville   Gold,,Avon Lake   MRN,,Boys,2014(U12),West 4,776
Victory Park (Method),5/3/26,Sun,2:30 PM,12119,North Ridgeville,,Rocky River   WHT,,Girls,2017(U09),West 3,776
Victory Park (Method),5/3/26,Sun,5:00 PM,8323,North Ridgeville,,Avon   BE,,Girls,2015(U11),1,776
Victory Park (Method),5/10/26,Sun,2:30 PM,14023,North Ridgeville,,Olmsted Falls   Gold,,Boys,2017(U09),West 4,776
Victory Park (Method),5/10/26,Sun,4:00 PM,7516,North Ridgeville,,Rocky River   WHT,,Girls,2016(U10),West 5,776
Victory Park (Method),5/10/26,Sun,5:30 PM,4119,North Ridgeville   Gold,,Amherst   JH,,Boys,2014(U12),West 4,776
Victory Park (Method),5/31/26,Sun,10:00 AM,3842,North Ridgeville   Navy,,Westlake   DS,,Boys,2014(U12),West 3,776
Victory Park (Method),5/31/26,Sun,1:00 PM,717,North Ridgeville   Gold,,Avon Lake,,Boys,2016(U10),West 6,776
Victory Park (Method),5/31/26,Sun,2:30 PM,14032,North Ridgeville,,Firelands,,Boys,2017(U09),West 4,776
Victory Park (Method),5/31/26,Sun,4:00 PM,931,North Ridgeville   Navy,,Avon Lake,,Boys,2016(U10),West 3,776
Victory Park (Method),5/31/26,Sun,6:00 PM,8336,North Ridgeville,,Cuyahoga Falls   GL,,Girls,2015(U11),1,776
Walker Road Park  (Walker 1 - 7v7),4/12/26,Sun,11:30 AM,1202,Bay Village   TH,4,Fairview Park   RS,3,Boys,2016(U10),West 5,144
Walker Road Park  (Walker 1 - 7v7),4/12/26,Sun,4:00 PM,13001,Bay Village   BB,1,Sandusky,6,Boys,2017(U09),West 5,144
Walker Road Park  (Walker 1 - 7v7),4/12/26,Sun,5:30 PM,14003,Bay Village   SE,5,Olmsted Falls   Gold,0,Boys,2017(U09),West 4,144
Walker Road Park  (Walker 1 - 7v7),4/19/26,Sun,11:30 AM,14007,Bay Village   SE,1,Lakewood   B17P,1,Boys,2017(U09),West 4,144
Walker Road Park  (Walker 1 - 7v7),4/19/26,Sun,2:30 PM,12708,Bay Village   DS,1,Rocky River   MRN,6,Boys,2017(U09),West 3,144
Walker Road Park  (Walker 1 - 7v7),4/19/26,Sun,5:30 PM,109,Bay Village   BK,3,Mayfield   MO,4,Boys,2016(U10),2,144
Walker Road Park  (Walker 1 - 7v7),4/20/26,Mon,6:00 PM,7405,Bay Village   EJ,,Port Clinton,,Girls,2016(U10),West 3,144
Walker Road Park  (Walker 1 - 7v7),4/21/26,Tue,6:30 PM,12702,Bay Village   DS,,Rocky River   BLK,,Boys,2017(U09),West 3,144
Walker Road Park  (Walker 1 - 7v7),4/26/26,Sun,1:00 PM,12110,Bay Village   JW,,Rocky River   WHT,,Girls,2017(U09),West 3,144
Walker Road Park  (Walker 1 - 7v7),4/26/26,Sun,2:30 PM,11711,Bay Village   CL,,Rocky River   BLK,,Girls,2017(U09),West 4,144
Walker Road Park  (Walker 1 - 7v7),4/26/26,Sun,4:00 PM,12713,Bay Village   SM,,Avon Lake,,Boys,2017(U09),West 3,144
Walker Road Park  (Walker 1 - 7v7),4/28/26,Tue,6:30 PM,12718,Bay Village   SM,,Avon   TN,,Boys,2017(U09),West 3,144
Walker Road Park  (Walker 1 - 7v7),4/29/26,Wed,6:30 PM,13017,Bay Village   BB,,Rocky River   GRY,,Boys,2017(U09),West 5,144
Walker Road Park  (Walker 1 - 7v7),4/30/26,Thu,6:30 PM,13016,Bay Village   JK,,Rocky River   GLD,,Boys,2017(U09),West 5,144
Walker Road Park  (Walker 1 - 7v7),5/3/26,Sun,1:00 PM,12120,Bay Village   JW,,Lakewood   G17G,,Girls,2017(U09),West 3,144
Walker Road Park  (Walker 1 - 7v7),5/3/26,Sun,2:30 PM,11718,Bay Village   CL,,Westlake   RG,,Girls,2017(U09),West 4,144
Walker Road Park  (Walker 1 - 7v7),5/3/26,Sun,4:00 PM,12724,Bay Village   DS,,Norwalk HCYSC   CW,,Boys,2017(U09),West 3,144
Walker Road Park  (Walker 1 - 7v7),5/8/26,Fri,6:30 PM,10713,Bay Village   BW,,Green,,Girls,2016(U10),2,144
Walker Road Park  (Walker 1 - 7v7),5/10/26,Sun,11:30 AM,14024,Bay Village   SE,,Firelands,,Boys,2017(U09),West 4,144
Walker Road Park  (Walker 1 - 7v7),5/10/26,Sun,1:00 PM,12729,Bay Village   SM,,Rocky River   MRN,,Boys,2017(U09),West 3,144
Walker Road Park  (Walker 1 - 7v7),5/10/26,Sun,2:30 PM,11722,Bay Village   CL,,Westlake   GF,,Girls,2017(U09),West 4,144
Walker Road Park  (Walker 1 - 7v7),5/10/26,Sun,5:30 PM,1217,Bay Village   TH,,Bay Village   JK,,Boys,2016(U10),West 5,144
Walker Road Park  (Walker 1 - 7v7),5/14/26,Thu,6:00 PM,118,Bay Village   BK,,Lakewood   B16G,,Boys,2016(U10),2,144
Walker Road Park  (Walker 1 - 7v7),5/17/26,Sun,11:30 AM,14025,Bay Village   SE,,North Ridgeville,,Boys,2017(U09),West 4,144
Walker Road Park  (Walker 1 - 7v7),5/17/26,Sun,1:00 PM,12735,Bay Village   SM,,Norwalk HCYSC   CW,,Boys,2017(U09),West 3,144
Walker Road Park  (Walker 1 - 7v7),5/17/26,Sun,2:30 PM,13033,Bay Village   BB,,Bay Village   JK,,Boys,2017(U09),West 5,144
Walker Road Park  (Walker 1 - 7v7),5/17/26,Sun,2:30 PM,12128,Bay Village   JW,,Olmsted Falls   Blue,,Girls,2017(U09),West 3,144
Walker Road Park  (Walker 1 - 7v7),5/17/26,Sun,5:30 PM,140,Bay Village   BK,,Stow   Mar,,Boys,2016(U10),2,144
Walker Road Park  (Walker 1 - 7v7),5/19/26,Tue,6:30 PM,1223,Bay Village   TH,,Avon   RL,,Boys,2016(U10),West 5,144
Walker Road Park  (Walker 1 - 7v7),5/28/26,Thu,6:30 PM,1222,Bay Village   JK,,Sandusky,,Boys,2016(U10),West 5,144
Walker Road Park  (Walker 1 - 7v7),5/31/26,Sun,2:30 PM,12129,Bay Village   JW,,North Ridgeville,,Girls,2017(U09),West 3,144
Walker Road Park  (Walker 1 - 7v7),5/31/26,Sun,5:30 PM,7324,Bay Village   BH,,Fairview Park,,Girls,2016(U10),West 4,144
Walker Road Park  (Walker 2 7v7),4/12/26,Sun,2:30 PM,7401,Bay Village   EJ,0,Avon   DFH,4,Girls,2016(U10),West 3,144
Walker Road Park  (Walker 2 7v7),4/12/26,Sun,4:00 PM,11702,Bay Village   CL,2,Parma,7,Girls,2017(U09),West 4,144
Walker Road Park  (Walker 2 7v7),4/19/26,Sun,11:30 AM,13010,Bay Village   BB,8,Parma,3,Boys,2017(U09),West 5,144
Walker Road Park  (Walker 2 7v7),4/19/26,Sun,4:00 PM,1204,Bay Village   TH,3,Sandusky,5,Boys,2016(U10),West 5,144
Walker Road Park  (Walker 2 7v7),4/19/26,Sun,5:30 PM,13006,Bay Village   JK,6,Fairview Park   KB,1,Boys,2017(U09),West 5,144
Walker Road Park  (Walker 2 7v7),4/23/26,Thu,6:30 PM,1506,Bay Village   JH,,Olmsted Falls,,Boys,2016(U10),West 4,144
Walker Road Park  (Walker 2 7v7),4/26/26,Sun,2:30 PM,1511,Bay Village   DY,,Bay Village   JH,,Boys,2016(U10),West 4,144
Walker Road Park  (Walker 2 7v7),5/3/26,Sun,5:30 PM,1214,Bay Village   JK,,Avon   RL,,Boys,2016(U10),West 5,144
Walker Road Park  (Walker 2 7v7),5/10/26,Sun,1:00 PM,13027,Bay Village   JK,,Port Clinton,,Boys,2017(U09),West 5,144
Walker Road Park  (Walker 2 7v7),5/14/26,Thu,6:30 PM,1518,Bay Village   DY,,Norwalk HCYSC   CW,,Boys,2016(U10),West 4,144
Walker Road Park  (Walker 2 7v7),5/21/26,Thu,6:30 PM,13004,Bay Village   JK,,Parma,,Boys,2017(U09),West 5,144
Walker Road Park  (Walker 4 7v7),4/12/26,Sun,11:30 AM,1502,Bay Village   DY,8,Westlake   JL,7,Boys,2016(U10),West 4,144
Walker Road Park  (Walker 4 7v7),4/12/26,Sun,1:00 PM,1203,Bay Village   JK,7,Midview,2,Boys,2016(U10),West 5,144
Walker Road Park  (Walker 4 7v7),4/14/26,Tue,6:00 PM,105,Bay Village   BK,7,Strongsville,2,Boys,2016(U10),2,144
Walker Road Park  (Walker 4 7v7),4/19/26,Sun,2:30 PM,1205,Bay Village   JK,8,Fairview Park   RS,3,Boys,2016(U10),West 5,144
Walker Road Park  (Walker 4 7v7),4/26/26,Sun,4:00 PM,10709,Bay Village   BW,,Shaker Hts.   BLK,,Girls,2016(U10),2,144
Walker Road Park  (Walker 4 7v7),4/28/26,Tue,6:30 PM,1514,Bay Village   JH,,Columbia Station,,Boys,2016(U10),West 4,144
Walker Road Park  (Walker 4 7v7),4/29/26,Wed,6:30 PM,7310,Bay Village   BH,,Avon Lake   GOLD,,Girls,2016(U10),West 4,144
Walker Road Park  (Walker 4 7v7),4/30/26,Thu,6:30 PM,7416,Bay Village   EJ,,Lakewood   G16G,,Girls,2016(U10),West 3,144
Walker Road Park  (Walker 4 7v7),5/3/26,Sun,11:30 AM,7315,Bay Village   BH,,Columbia Station,,Girls,2016(U10),West 4,144
Walker Road Park  (Walker 4 7v7),5/3/26,Sun,1:00 PM,7419,Bay Village   EJ,,Amherst,,Girls,2016(U10),West 3,144
Walker Road Park  (Walker 4 7v7),5/10/26,Sun,11:30 AM,1522,Bay Village   DY,,North Olmsted   BLK,,Boys,2016(U10),West 4,144
Walker Road Park  (Walker 4 7v7),5/14/26,Thu,6:30 PM,12739,Bay Village   DS,,Fairview Park   AP,,Boys,2017(U09),West 3,144
Walker Road Park  (Walker 4 7v7),5/17/26,Sun,4:00 PM,10726,Bay Village   BW,,Independence,,Girls,2016(U10),2,144
Walker Road Park  (Walker 4 7v7),5/19/26,Tue,6:30 PM,1527,Bay Village   JH,,North Olmsted   BLK,,Boys,2016(U10),West 4,144
Walker Road Park  (Walker 4 7v7),5/28/26,Thu,6:30 PM,1504,Bay Village   JH,,LaGrange,,Boys,2016(U10),West 4,144
Walker Road Park  (Walker 4 7v7),5/31/26,Sun,2:30 PM,10731,Bay Village   BW,,Brecksville Bees SA   R,,Girls,2016(U10),2,144
Walker Road Park  (Walker 5 9v9),4/12/26,Sun,1:00 PM,2504,Bay Village   MH,6,Amherst   BC,1,Boys,2015(U11),West 4,144
Walker Road Park  (Walker 5 9v9),4/14/26,Tue,5:00 PM,8606,Bay Village   AC,4,Rocky River   WHT,1,Girls,2015(U11),West 3,144
Walker Road Park  (Walker 5 9v9),4/19/26,Sun,4:00 PM,8505,Bay Village   AG,6,Avon Lake   MRN,1,Girls,2015(U11),West 4,144
Walker Road Park  (Walker 5 9v9),4/19/26,Sun,5:30 PM,2506,Bay Village   MH,3,Olmsted Falls   Gold,3,Boys,2015(U11),West 4,144
Walker Road Park  (Walker 5 9v9),4/21/26,Tue,6:30 PM,8309,Bay Village   JTR,,Mayfield   KHO,,Girls,2015(U11),1,144
Walker Road Park  (Walker 5 9v9),4/22/26,Wed,6:30 PM,3815,Bay Village   JS,,Firelands,,Boys,2014(U12),West 3,144
Walker Road Park  (Walker 5 9v9),4/23/26,Thu,6:30 PM,8806,Bay Village   DC,,Rocky River   MRN,,Girls,2014(U12),West 4,144
Walker Road Park  (Walker 5 9v9),4/26/26,Sun,1:00 PM,2512,Bay Village   KD,,Westlake   ZA,,Boys,2015(U11),West 4,144
Walker Road Park  (Walker 5 9v9),4/26/26,Sun,4:00 PM,8609,Bay Village   AC,,Avon   DT,,Girls,2015(U11),West 3,144
Walker Road Park  (Walker 5 9v9),4/30/26,Thu,6:30 PM,2514,Bay Village   MH,,Amherst,,Boys,2015(U11),West 4,144
Walker Road Park  (Walker 5 9v9),5/3/26,Sun,11:30 AM,8514,Bay Village   AG,,Olmsted Falls   Gold,,Girls,2015(U11),West 4,144
Walker Road Park  (Walker 5 9v9),5/3/26,Sun,4:00 PM,2517,Bay Village   KD,,Bay Village   MH,,Boys,2015(U11),West 4,144
Walker Road Park  (Walker 5 9v9),5/3/26,Sun,5:30 PM,8811,Bay Village   DC,,Olmsted Falls   Blue,,Girls,2014(U12),West 4,144
Walker Road Park  (Walker 5 9v9),5/4/26,Mon,6:30 PM,9412,Bay Village   KB,,Independence,,Girls,2014(U12),2,144
Walker Road Park  (Walker 5 9v9),5/10/26,Sun,2:30 PM,3835,Bay Village   JS,,North Ridgeville   Navy,,Boys,2014(U12),West 3,144
Walker Road Park  (Walker 5 9v9),5/10/26,Sun,5:30 PM,3632,Bay Village   GE,,Medina   14Gr,,Boys,2014(U12),1,144
Walker Road Park  (Walker 5 9v9),5/12/26,Tue,6:30 PM,3603,Bay Village   GE,,NP Aurora,,Boys,2014(U12),1,144
Walker Road Park  (Walker 5 9v9),5/13/26,Wed,6:00 PM,9423,Bay Village   KB,,Twinsburg   Blue,,Girls,2014(U12),2,144
Walker Road Park  (Walker 5 9v9),5/17/26,Sun,11:30 AM,2527,Bay Village   MH,,Fairview Park,,Boys,2015(U11),West 4,144
Walker Road Park  (Walker 5 9v9),5/17/26,Sun,2:30 PM,3840,Bay Village   JS,,Amherst   CS,,Boys,2014(U12),West 3,144
Walker Road Park  (Walker 5 9v9),5/17/26,Sun,5:30 PM,3636,Bay Village   GE,,Lakewood   B14G,,Boys,2014(U12),1,144
Walker Road Park  (Walker 5 9v9),5/19/26,Tue,6:30 PM,3008,Bay Village   MiC,,Westlake   AM,,Boys,2015(U11),2,144
Walker Road Park  (Walker 5 9v9),5/26/26,Tue,6:30 PM,9436,Bay Village   KB,,Shaker Hts.   RED,,Girls,2014(U12),2,144
Walker Road Park  (Walker 5 9v9),5/31/26,Sun,1:00 PM,2530,Bay Village   KD,,Rocky River   MRN,,Boys,2015(U11),West 4,144
Walker Road Park  (Walker 5 9v9),5/31/26,Sun,4:00 PM,3611,Bay Village   GE,,Hudson   SFEB,,Boys,2014(U12),1,144
Walker Road Park  (Walker 5 9v9),5/31/26,Sun,5:30 PM,8522,Bay Village   AG,,Amherst,,Girls,2015(U11),West 4,144
Walker Road Park  (Walker 6 9v9),4/12/26,Sun,2:30 PM,8803,Bay Village   DC,5,Brecksville Bees SA,0,Girls,2014(U12),West 4,144
Walker Road Park  (Walker 6 9v9),4/16/26,Thu,6:30 PM,3810,Bay Village   JS,,LaGrange,,Boys,2014(U12),West 3,144
Walker Road Park  (Walker 6 9v9),4/19/26,Sun,4:00 PM,3015,Bay Village   MiC,6,Geauga Federation SC   GRN,3,Boys,2015(U11),2,144
Walker Road Park  (Walker 6 9v9),4/23/26,Thu,6:30 PM,2521,Bay Village   KD,,Amherst,,Boys,2015(U11),West 4,144
Walker Road Park  (Walker 6 9v9),4/29/26,Wed,6:30 PM,8611,Bay Village   AC,,Strongsville,,Girls,2015(U11),West 3,144
Walker Road Park  (Walker 6 9v9),5/7/26,Thu,6:30 PM,3023,Bay Village   MiC,,Stow   Mar,,Boys,2015(U11),2,144
Walker Road Park  (Walker 6 9v9),5/12/26,Tue,6:00 PM,9428,Bay Village   KB,,Chagrin Falls,,Girls,2014(U12),2,144
Walker Road Park  (Walker 6 9v9),5/26/26,Tue,6:00 PM,8616,Bay Village   AC,,Parma,,Girls,2015(U11),West 3,144
Walker Road Park  (Walker 6 9v9),5/28/26,Thu,6:30 PM,8503,Bay Village   AG,,TUSA,,Girls,2015(U11),West 4,144
Walker Road Park  (Walker 6 9v9),5/31/26,Sun,1:00 PM,3032,Bay Village   MiC,,Hudson   SATT,,Boys,2015(U11),2,144
Walker Road Park  (Walker 6 9v9),5/31/26,Sun,5:30 PM,8340,Bay Village   JTR,,Avon   BE,,Girls,2015(U11),1,144
Walker Road Park  (Walker 7 11v11),4/12/26,Sun,11:30 AM,5401,Bay Village   MM,1,North Olmsted   BLK,6,Boys,2012(U14),West 3,144
Walker Road Park  (Walker 7 11v11),4/12/26,Sun,1:00 PM,4503,Bay Village   TH,1,Sandusky,2,Boys,2013(U13),West 4,144
Walker Road Park  (Walker 7 11v11),4/12/26,Sun,2:30 PM,4602,Bay Village   BW,6,Akron Inner City,3,Boys,2013(U13),2,144
Walker Road Park  (Walker 7 11v11),4/19/26,Sun,1:00 PM,4507,Bay Village   TH,3,Avon Lake   MRN,0,Boys,2013(U13),West 4,144
Walker Road Park  (Walker 7 11v11),4/21/26,Tue,6:30 PM,4612,Bay Village   BW,,Solon United   Blue,,Boys,2013(U13),2,144
Walker Road Park  (Walker 7 11v11),4/26/26,Sun,5:30 PM,10309,Bay Village   JK,,North Royalton,,Girls,2013(U13),West 4,144
Walker Road Park  (Walker 7 11v11),4/28/26,Tue,6:30 PM,10313,Bay Village   JK,,Avon   ML,,Girls,2013(U13),West 4,144
Walker Road Park  (Walker 7 11v11),5/1/26,Fri,6:30 PM,11509,Bay Village   ML,,North Olmsted,,Girls,2011(U15),2,144
Walker Road Park  (Walker 7 11v11),5/17/26,Sun,11:30 AM,11513,Bay Village   ML,,Aurora,,Girls,2011(U15),2,144
Walker Road Park  (Walker 7 11v11),5/17/26,Sun,1:00 PM,4525,Bay Village   TH,,Avon   JF,,Boys,2013(U13),West 4,144
Walker Road Park  (Walker 7 11v11),5/21/26,Thu,6:30 PM,6513,Bay Village   GF,,Sandusky,,Boys,2011(U15),2,144
Walker Road Park  (Walker 7 11v11),5/31/26,Sun,11:30 AM,10331,Bay Village   JK,,Strongsville,,Girls,2013(U13),West 4,144
Walker Road Park  (Walker 7 11v11),6/2/26,Tue,6:30 PM,8820,Bay Village   DC,,Ashland,,Girls,2014(U12),West 4,144
Walker Road Park  (Walker 7 11v11),6/2/26,Tue,6:30 PM,11517,Bay Village   ML,,Green,,Girls,2011(U15),2,144
Walker Road Park  (Walker 7 11v11),6/2/26,Tue,6:45 PM,10140,Bay Village   CA,,Perry (Stark),,Girls,2013(U13),1,144
Walsh University - Vasco Field (Vasco Field),4/28/26,Tue,6:30 PM,10015,North Canton,,Wadsworth,,Boys,2011(U15),South 4,695
Walsh University - Vasco Field (Vasco Field),4/30/26,Thu,6:30 PM,10611,North Canton,,Lakewood   G12G,,Girls,2012(U14),5,695
Water Works Park (Field 2),4/12/26,Sun,2:30 PM,3502,Woodridge,7,Tallmadge,2,Boys,2014(U12),South 5,706
Waterworks Park (Waterworks 7v7 (Field 1)),4/12/26,Sun,2:30 PM,11804,Cuyahoga Falls   SV,1,Ashland,4,Girls,2017(U09),South 3,279
Waterworks Park (Waterworks 7v7 (Field 1)),4/12/26,Sun,4:00 PM,801,Cuyahoga Falls   JH10,2,Green,2,Boys,2016(U10),South 4,279
Waterworks Park (Waterworks 7v7 (Field 1)),4/12/26,Sun,5:30 PM,13204,Cuyahoga Falls   JH9,4,Cuyahoga Falls   TG,7,Boys,2017(U09),East 6,279
Waterworks Park (Waterworks 7v7 (Field 1)),4/18/26,Sat,1:00 PM,805,Cuyahoga Falls   JH10,9,Copley   Gold,4,Boys,2016(U10),South 4,279
Waterworks Park (Waterworks 7v7 (Field 1)),4/21/26,Tue,6:30 PM,13212,Cuyahoga Falls   TG,,Eastside Kickers,,Boys,2017(U09),East 6,279
Waterworks Park (Waterworks 7v7 (Field 1)),4/22/26,Wed,6:30 PM,13211,Cuyahoga Falls   JH9,,Shaker Hts.   U8 R,,Boys,2017(U09),East 6,279
Waterworks Park (Waterworks 7v7 (Field 1)),4/26/26,Sun,2:30 PM,14112,Cuyahoga Falls   TC,,Westlake   JD,,Girls,2017(U09),1,279
Waterworks Park (Waterworks 7v7 (Field 1)),4/28/26,Tue,6:30 PM,11814,Cuyahoga Falls   SV,,Brecksville Bees SA   R,,Girls,2017(U09),South 3,279
Waterworks Park (Waterworks 7v7 (Field 1)),4/29/26,Wed,6:30 PM,13219,Cuyahoga Falls   TG,,Kenston   Whit,,Boys,2017(U09),East 6,279
Waterworks Park (Waterworks 7v7 (Field 1)),4/30/26,Thu,6:30 PM,13218,Cuyahoga Falls   JH9,,Stow   Whit,,Boys,2017(U09),East 6,279
Waterworks Park (Waterworks 7v7 (Field 1)),5/3/26,Sun,4:00 PM,13221,Cuyahoga Falls   TG,,Twinsburg,,Boys,2017(U09),East 6,279
Waterworks Park (Waterworks 7v7 (Field 1)),5/3/26,Sun,5:00 PM,819,Cuyahoga Falls   JH10,,Tallmadge,,Boys,2016(U10),South 4,279
Waterworks Park (Waterworks 7v7 (Field 1)),5/3/26,Sun,6:30 PM,14123,Cuyahoga Falls   TC,,Hudson   BATS,,Girls,2017(U09),1,279
Waterworks Park (Waterworks 7v7 (Field 1)),5/10/26,Sun,4:00 PM,14128,Cuyahoga Falls   TC,,Medina   17GN,,Girls,2017(U09),1,279
Waterworks Park (Waterworks 7v7 (Field 1)),5/15/26,Fri,6:30 PM,11806,Cuyahoga Falls   SV,,Revere,,Girls,2017(U09),South 3,279
Waterworks Park (Waterworks 7v7 (Field 1)),5/17/26,Sun,2:30 PM,11827,Cuyahoga Falls   SV,,Norton,,Girls,2017(U09),South 3,279
Waterworks Park (Waterworks 7v7 (Field 1)),5/17/26,Sun,4:00 PM,13229,Cuyahoga Falls   JH9,,Orange,,Boys,2017(U09),East 6,279
Waterworks Park (Waterworks 7v7 (Field 1)),5/17/26,Sun,6:00 PM,13230,Cuyahoga Falls   TG,,Kenston   Blue,,Boys,2017(U09),East 6,279
Waterworks Park (Waterworks 7v7 (Field 1)),5/31/26,Sun,2:30 PM,14136,Cuyahoga Falls   TC,,Kenston,,Girls,2017(U09),1,279
Waterworks Park (Waterworks 7v7 (Field 3)),5/2/26,Sat,11:00 AM,816,Cuyahoga Falls   JH10,,Wooster,,Boys,2016(U10),South 4,279
Waterworks Park (Waterworks 9V9 (Field 2)),4/19/26,Sun,4:00 PM,4004,Cuyahoga Falls   JH,1,Dover,4,Boys,2014(U12),South 3,279
Waterworks Park (Waterworks 9V9 (Field 2)),4/26/26,Sun,1:00 PM,4007,Cuyahoga Falls   JH,,Norton,,Boys,2014(U12),South 3,279
Waterworks Park (Waterworks 9V9 (Field 2)),4/26/26,Sun,4:00 PM,15208,Cuyahoga Falls   MN,,Perry (Stark),,Girls,2014(U12),South 3,279
Waterworks Park (Waterworks 9V9 (Field 2)),4/26/26,Sun,6:00 PM,8313,Cuyahoga Falls   GL,,Green   15Bk,,Girls,2015(U11),1,279
Waterworks Park (Waterworks 9V9 (Field 2)),4/29/26,Wed,6:30 PM,8318,Cuyahoga Falls   GL,,North Olmsted,,Girls,2015(U11),1,279
Waterworks Park (Waterworks 9V9 (Field 2)),4/30/26,Thu,6:30 PM,15212,Cuyahoga Falls   MN,,Copley   Gold,,Girls,2014(U12),South 3,279
Waterworks Park (Waterworks 9V9 (Field 2)),5/4/26,Mon,6:30 PM,4012,Cuyahoga Falls   JH,,Copley   Gold,,Boys,2014(U12),South 3,279
Waterworks Park (Waterworks 9V9 (Field 2)),5/6/26,Wed,6:30 PM,15218,Cuyahoga Falls   MN,,Medina   14WT,,Girls,2014(U12),South 3,279
Waterworks Park (Waterworks 9V9 (Field 2)),5/12/26,Tue,7:00 PM,8329,Cuyahoga Falls   GL,,Brunswick   RYL,,Girls,2015(U11),1,279
Waterworks Park (Waterworks 9V9 (Field 2)),5/17/26,Sun,2:30 PM,15221,Cuyahoga Falls   MN,,Highland   BD1,,Girls,2014(U12),South 3,279
Waterworks Park (Waterworks 9V9 (Field 2)),5/17/26,Sun,5:00 PM,4016,Cuyahoga Falls   JH,,Medina   14Wh,,Boys,2014(U12),South 3,279
Waterworks Park (Waterworks 9V9 (Field 2)),5/17/26,Sun,6:30 PM,8335,Cuyahoga Falls   GL,,Bay Village   JTR,,Girls,2015(U11),1,279
West Geauga Commons (Junior (Side) Field),4/19/26,Sun,2:30 PM,1904,West Geauga,,Chagrin Falls   Blck,,Boys,2015(U11),East 6,70
West Geauga Commons (Junior (Side) Field),4/21/26,Tue,6:30 PM,1909,West Geauga,,Shaker Hts.   SILV,,Boys,2015(U11),East 6,70
West Geauga Commons (Junior (Side) Field),4/23/26,Thu,6:30 PM,2108,West Geauga,,Riverside   BH,,Boys,2015(U11),East 4,70
West Geauga Commons (Junior (Side) Field),4/29/26,Wed,6:30 PM,8110,West Geauga,,Chagrin Falls,,Girls,2015(U11),East 4,70
West Geauga Commons (Junior (Side) Field),5/3/26,Sun,2:30 PM,8115,West Geauga,,Riverside,,Girls,2015(U11),East 4,70
West Geauga Commons (Junior (Side) Field),5/17/26,Sun,1:00 PM,8120,West Geauga,,Shaker Hts.   RED,,Girls,2015(U11),East 4,70
West Geauga Commons (Junior (Side) Field),5/17/26,Sun,2:30 PM,1924,West Geauga,,Mantua,,Boys,2015(U11),East 6,70
West Geauga Commons (Junior (Side) Field),5/31/26,Sun,11:30 AM,2125,West Geauga,,Aurora   GRN,,Boys,2015(U11),East 4,70
West Geauga Commons (Junior (Side) Field),5/31/26,Sun,1:00 PM,1927,West Geauga,,Kent   GD,,Boys,2015(U11),East 6,70
West Geauga Commons (Junior (Side) Field),5/31/26,Sun,4:00 PM,8124,West Geauga,,Nordonia,,Girls,2015(U11),East 4,70
West Geauga Commons (Junior (Side) Field),6/7/26,Sun,1:00 PM,2103,West Geauga,,Twinsburg   Whte,,Boys,2015(U11),East 4,70
West Geauga Commons (Junior (Side) Field),6/7/26,Sun,2:30 PM,2128,West Geauga,,Shaker Hts.   WHT,,Boys,2015(U11),East 4,70
West Geauga Commons (Upper (Front) Field),4/27/26,Mon,6:30 PM,9812,West Geauga,,Field,,Girls,2013(U13),East 2,70
West Geauga Commons (Upper (Front) Field),5/17/26,Sun,6:00 PM,4637,West Geauga,,Parma,,Boys,2013(U13),2,70
Wickliffe High School (Football Field in Back),4/19/26,Sun,4:00 PM,4705,Wickliffe,5,North Royalton,0,Boys,2013(U13),East 5,753
Wickliffe High School (Football Field in Back),4/26/26,Sun,2:30 PM,5808,Wickliffe,,Solon United   Blue,,Boys,2012(U14),East 3,753
Wickliffe High School (Football Field in Back),5/9/26,Sat,1:00 PM,10912,Wickliffe,,Kent   TH,,Girls,2012(U14),4,753
Willowick Middle School (Willowick Middle 11v11),4/23/26,Thu,6:00 PM,5821,Wickliffe,,Geauga Federation SC,,Boys,2012(U14),East 3,721
Woodridge Elementary School (Edwards Field) (U12 field closest to entrance),5/3/26,Sun,2:30 PM,3518,Woodridge,,Field,,Boys,2014(U12),South 5,761
Woodridge Elementary School (Edwards Field) (U12 field closest to entrance),5/7/26,Thu,6:15 PM,3511,Woodridge,,North Canton,,Boys,2014(U12),South 5,761
Woodridge Elementary School (Edwards Field) (U12 field closest to entrance),5/10/26,Sun,4:00 PM,3522,Woodridge,,Cloverleaf,,Boys,2014(U12),South 5,761
Woodridge Elementary School (Edwards Field) (U9/U10 field closest to State Road),4/26/26,Sun,2:30 PM,13809,Woodridge,,Brunswick   MW,,Boys,2017(U09),South 5,761
Woodridge Elementary School (Edwards Field) (U9/U10 field closest to State Road),5/14/26,Thu,6:30 PM,13813,Woodridge,,Wooster,,Boys,2017(U09),South 5,761
Woodridge Elementary School (Edwards Field) (U9/U10 field closest to State Road),5/21/26,Thu,6:30 PM,13826,Woodridge,,Highland   SR1,,Boys,2017(U09),South 5,761
Woodridge Elementary School (Edwards Field) (U9/U10 field closest to State Road),5/31/26,Sun,2:30 PM,13831,Woodridge,,Buckeye,,Boys,2017(U09),South 5,761
Wooster Soccer Complex (Field # 11),5/11/26,Mon,6:30 PM,824,Wooster,,Perry (Stark),,Boys,2016(U10),South 4,35
Wooster Soccer Complex (Field #1),4/12/26,Sun,2:30 PM,5103,Wooster,2,Perry (Stark),4,Boys,2013(U13),South 3,35
Wooster Soccer Complex (Field #1),5/10/26,Sun,5:30 PM,5124,Wooster,,Wadsworth,,Boys,2013(U13),South 3,35
Wooster Soccer Complex (Field #1),5/17/26,Sun,11:30 AM,5125,Wooster,,Dover,,Boys,2013(U13),South 3,35
Wooster Soccer Complex (Field #10),4/12/26,Sun,6:30 PM,2803,Wooster,4,North Canton,5,Boys,2015(U11),South 5,35
Wooster Soccer Complex (Field #10),4/19/26,Sun,2:00 PM,3508,Wooster,6,Woodridge,1,Boys,2014(U12),South 5,35
Wooster Soccer Complex (Field #10),5/14/26,Thu,6:30 PM,2824,Wooster,,Revere   BLUE,,Boys,2015(U11),South 5,35
Wooster Soccer Complex (Field #10),5/17/26,Sun,2:00 PM,2825,Wooster,,Perry (Stark),,Boys,2015(U11),South 5,35
Wooster Soccer Complex (Field #10),5/22/26,Fri,6:30 PM,3523,Wooster,,Medina   14Go,,Boys,2014(U12),South 5,35
Wooster Soccer Complex (Field #10),5/28/26,Thu,6:30 PM,2807,Wooster,,Stow   Gold,,Boys,2015(U11),South 5,35
Wooster Soccer Complex (Field #10),5/31/26,Sun,2:30 PM,3532,Wooster,,North Canton,,Boys,2014(U12),South 5,35
Wooster Soccer Complex (Field #13),4/30/26,Thu,6:30 PM,3515,Wooster,,Tallmadge,,Boys,2014(U12),South 5,35
Wooster Soccer Complex (Field #2),4/21/26,Tue,6:30 PM,5107,Wooster,,Ashland,,Boys,2013(U13),South 3,35
Wooster Soccer Complex (Field #5),4/12/26,Sun,2:30 PM,13104,Wooster,6,Barberton,1,Boys,2017(U09),South 6,35
Wooster Soccer Complex (Field #5),4/12/26,Sun,4:00 PM,106,Wooster,1,Avon Lake   BLK,6,Boys,2016(U10),2,35
Wooster Soccer Complex (Field #5),4/19/26,Sun,2:30 PM,13106,Wooster,6,Norton,2,Boys,2017(U09),South 6,35
Wooster Soccer Complex (Field #5),4/19/26,Sun,4:00 PM,807,Wooster,1,Green,6,Boys,2016(U10),South 4,35
Wooster Soccer Complex (Field #5),4/26/26,Sun,1:00 PM,13811,Wooster,,Copley,,Boys,2017(U09),South 5,35
Wooster Soccer Complex (Field #5),4/26/26,Sun,5:30 PM,117,Wooster,,Brecksville Bees SA   R,,Boys,2016(U10),2,35
Wooster Soccer Complex (Field #5),5/3/26,Sun,1:00 PM,128,Wooster,,Solon United   Blue,,Boys,2016(U10),2,35
Wooster Soccer Complex (Field #5),5/3/26,Sun,2:30 PM,13818,Wooster,,Buckeye,,Boys,2017(U09),South 5,35
Wooster Soccer Complex (Field #5),5/8/26,Fri,6:30 PM,13822,Wooster,,Brunswick   MW,,Boys,2017(U09),South 5,35
Wooster Soccer Complex (Field #5),5/17/26,Sun,2:30 PM,13127,Wooster,,North Canton,,Boys,2017(U09),South 6,35
Wooster Soccer Complex (Field #6),4/12/26,Sun,2:30 PM,803,Wooster,1,Akron Inner City,2,Boys,2016(U10),South 4,35
Wooster Soccer Complex (Field #6),4/12/26,Sun,3:30 PM,13802,Wooster,4,Highland   SR1,6,Boys,2017(U09),South 5,35
Wooster Soccer Complex (Field #6),4/28/26,Tue,6:30 PM,13114,Wooster,,Northwest,,Boys,2017(U09),South 6,35
Wooster Soccer Complex (Field #6),4/29/26,Wed,6:30 PM,124,Wooster,,Bay Village   BK,,Boys,2016(U10),2,35
Wooster Soccer Complex (Field #6),5/17/26,Sun,2:00 PM,825,Wooster,,Tallmadge,,Boys,2016(U10),South 4,35
