location,date,day,time,game_number,home_team,home_score,visitor_team,visitor_score,gender,age_group,division_name,location_id
4th Street Field (4th Street Field),8/23/26,Sun,4:00 PM,8908,Fairless,,Copley,,Girls,2015(U12),5 South,787
4th Street Field (4th Street Field),9/8/26,Tue,6:30 PM,8902,Fairless,,Chippewa,,Girls,2015(U12),5 South,787
4th Street Field (4th Street Field),9/13/26,Sun,5:30 PM,8924,Fairless,,Northwest,,Girls,2015(U12),5 South,787
4th Street Field (4th Street Field),10/11/26,Sun,2:00 PM,8939,Fairless,,Lake Select SC   U12,,Girls,2015(U12),5 South,787
Al Lease Field (11v11),8/26/26,Wed,6:30 PM,12708,Kent   BW,,Kenston   SLV,,Boys,2014(U13),4 East,500
Al Lease Field (11v11),8/27/26,Thu,6:30 PM,9209,Kent   TH,,Akron Inner City,,Girls,2012(U14/15),4 South,500
Al Lease Field (11v11),8/30/26,Sun,12:30 PM,12712,Kent   BW,,Kenston   BLK,,Boys,2014(U13),4 East,500
Al Lease Field (11v11),8/30/26,Sun,1:00 PM,9213,Kent   TH,,North Canton,,Girls,2012(U14/15),4 South,500
Al Lease Field (11v11),9/27/26,Sun,1:00 PM,9226,Kent   TH,,Buckeye,,Girls,2012(U14/15),4 South,500
Al Lease Field (11v11),9/27/26,Sun,3:00 PM,12721,Kent   BW,,Wickliffe,,Boys,2014(U13),4 East,500
Al Lease Field (11v11),10/1/26,Thu,6:00 PM,12718,Kent   BW,,Hudson   HARR,,Boys,2014(U13),4 East,500
Al Lease Field (11v11),10/11/26,Sun,2:30 PM,9231,Kent   TH,,Northwest,,Girls,2012(U14/15),4 South,500
Amherst Junior High (AJH #12),8/16/26,Sun,1:00 PM,3401,Amherst,,Avon,,Girls,2012(U14/15),4 West,308
Amherst Junior High (AJH #12),8/16/26,Sun,4:30 PM,2903,Amherst,,LaGrange,,Girls,2014(U13),4,308
Amherst Junior High (AJH #12),8/23/26,Sun,2:30 PM,2905,Amherst,,Firelands,,Girls,2014(U13),4,308
Amherst Junior High (AJH #12),8/23/26,Sun,6:00 PM,5917,Amherst,,TUSA,,Boys,2014(U13),4 West,308
Amherst Junior High (AJH #12),8/26/26,Wed,6:30 PM,6314,Amherst,,Rocky River   MRN,,Boys,2012(U14/15),3 West,308
Amherst Junior High (AJH #12),8/30/26,Sun,2:30 PM,6110,Amherst,,Highland   AS1,,Boys,2012(U14/15),1,308
Amherst Junior High (AJH #12),9/1/26,Tue,6:30 PM,5905,Amherst,,Lakewood   B13G,,Boys,2014(U13),4 West,308
Amherst Junior High (AJH #12),9/3/26,Thu,6:30 PM,6330,Amherst,,Westlake   WV,,Boys,2012(U14/15),3 West,308
Amherst Junior High (AJH #12),9/13/26,Sun,11:30 AM,5919,Amherst,,Parma,,Boys,2014(U13),4 West,308
Amherst Junior High (AJH #12),9/13/26,Sun,1:00 PM,5909,Amherst,,Parma,,Boys,2014(U13),4 West,308
Amherst Junior High (AJH #12),9/13/26,Sun,2:30 PM,2914,Amherst,,Mentor,,Girls,2014(U13),4,308
Amherst Junior High (AJH #12),9/13/26,Sun,4:00 PM,6115,Amherst,,Medina   15Gr,,Boys,2012(U14/15),1,308
Amherst Junior High (AJH #12),9/20/26,Sun,1:00 PM,3433,Amherst,,Port Clinton,,Girls,2012(U14/15),4 West,308
Amherst Junior High (AJH #12),9/27/26,Sun,1:00 PM,3439,Amherst,,Fairview Park,,Girls,2012(U14/15),4 West,308
Amherst Junior High (AJH #12),9/27/26,Sun,2:30 PM,5913,Amherst,,Olmsted Falls   Blue,,Boys,2014(U13),4 West,308
Amherst Junior High (AJH #12),9/27/26,Sun,4:00 PM,6334,Amherst,,Avon,,Boys,2012(U14/15),3 West,308
Amherst Junior High (AJH #12),10/11/26,Sun,2:30 PM,2922,Amherst,,North Royalton,,Girls,2014(U13),4,308
Amherst Junior High (AJH #12),10/11/26,Sun,4:00 PM,6123,Amherst,,Norton,,Boys,2012(U14/15),1,308
Amherst Junior High (AJH #12),10/11/26,Sun,5:30 PM,3444,Amherst,,Rocky River   BLK,,Girls,2012(U14/15),4 West,308
Amherst Junior High (AJH #12),10/18/26,Sun,1:00 PM,6126,Amherst,,Olmsted Falls   Gold,,Boys,2012(U14/15),1,308
Arrowhead School (Arrowhead 655),8/16/26,Sun,4:00 PM,14403,Copley,,North Canton,,Boys,2017(U10),4 South EN,169
Arrowhead School (Arrowhead 655),8/26/26,Wed,6:30 PM,14408,Copley,,Brecksville Bees SA,,Boys,2017(U10),4 South EN,169
Arrowhead School (Arrowhead 655),8/27/26,Thu,6:30 PM,7505,Copley,,Cuyahoga Falls   SV,,Girls,2017(U10),4 South,169
Arrowhead School (Arrowhead 655),8/30/26,Sun,2:30 PM,11110,Copley,,Hudson   VERL,,Boys,2017(U10),5 South EV,169
Arrowhead School (Arrowhead 655),9/13/26,Sun,11:30 AM,7509,Copley,,Medina   10WT,,Girls,2017(U10),4 South,169
Arrowhead School (Arrowhead 655),9/13/26,Sun,5:30 PM,11115,Copley,,Southeast,,Boys,2017(U10),5 South EV,169
Arrowhead School (Arrowhead 655),9/27/26,Sun,11:30 AM,11120,Copley,,Highland   KS2,,Boys,2017(U10),5 South EV,169
Arrowhead School (Arrowhead 655),9/27/26,Sun,4:00 PM,7513,Copley,,Kent   TS,,Girls,2017(U10),4 South,169
Arrowhead School (Arrowhead 655),10/11/26,Sun,4:00 PM,11124,Copley,,Tallmadge,,Boys,2017(U10),5 South EV,169
Arrowhead School (Arrowhead 655),10/18/26,Sun,1:00 PM,14425,Copley,,Cuyahoga Falls   SB,,Boys,2017(U10),4 South EN,169
Arrowhead School (Arrowhead 655),10/18/26,Sun,2:30 PM,7517,Copley,,Manchester,,Girls,2017(U10),4 South,169
Arrowhead School (Arrowhead 655),10/25/26,Sun,11:30 AM,14428,Copley,,Medina   10Bl,,Boys,2017(U10),4 South EN,169
Arrowhead School (Arrowhead 656),8/16/26,Sun,1:00 PM,8905,Copley,,Highland   BM1,,Girls,2015(U12),5 South,169
Arrowhead School (Arrowhead 656),8/16/26,Sun,2:30 PM,7902,Copley,,Ashland,,Girls,2016(U11),3 South,169
Arrowhead School (Arrowhead 656),8/16/26,Sun,4:00 PM,12202,Copley,,Medina   12Wh,,Boys,2015(U12),4 South EV,169
Arrowhead School (Arrowhead 656),8/23/26,Sun,1:00 PM,12204,Copley,,Brunswick   WHT,,Boys,2015(U12),4 South EV,169
Arrowhead School (Arrowhead 656),8/23/26,Sun,2:30 PM,7904,Copley,,Northwest,,Girls,2016(U11),3 South,169
Arrowhead School (Arrowhead 656),8/26/26,Wed,6:30 PM,11714,Copley,,Southeast,,Boys,2016(U11),5 South,169
Arrowhead School (Arrowhead 656),9/11/26,Fri,6:30 PM,8911,Copley,,Northwest,,Girls,2015(U12),5 South,169
Arrowhead School (Arrowhead 656),9/13/26,Sun,1:00 PM,8922,Copley,,Lake Select SC   U12,,Girls,2015(U12),5 South,169
Arrowhead School (Arrowhead 656),9/13/26,Sun,4:00 PM,11725,Copley,,New Philadelphia   TM,,Boys,2016(U11),5 South,169
Arrowhead School (Arrowhead 656),9/16/26,Wed,6:00 PM,7923,Copley,,Stow   Gold,,Girls,2016(U11),3 South,169
Arrowhead School (Arrowhead 656),9/20/26,Sun,1:00 PM,11730,Copley,,Perry (Stark),,Boys,2016(U11),5 South,169
Arrowhead School (Arrowhead 656),9/20/26,Sun,2:30 PM,7917,Copley,,Wadsworth   STA,,Girls,2016(U11),3 South,169
Arrowhead School (Arrowhead 656),9/20/26,Sun,4:00 PM,12217,Copley,,Jackson,,Boys,2015(U12),4 South EV,169
Arrowhead School (Arrowhead 656),9/27/26,Sun,2:30 PM,11734,Copley,,PLX United,,Boys,2016(U11),5 South,169
Arrowhead School (Arrowhead 656),10/11/26,Sun,1:00 PM,8937,Copley,,Manchester,,Girls,2015(U12),5 South,169
Arrowhead School (Arrowhead 656),10/11/26,Sun,4:00 PM,12223,Copley,,New Philadelphia   MM,,Boys,2015(U12),4 South EV,169
Arrowhead School (Arrowhead 657),8/16/26,Sun,2:30 PM,9501,Copley,,Medina   8Blk,,Boys,2019(U08),South E,169
Arrowhead School (Arrowhead 657),8/16/26,Sun,4:00 PM,7003,Copley,,Medina   U8GN,,Girls,2018(U09),4 South,169
Arrowhead School (Arrowhead 657),8/23/26,Sun,2:30 PM,7005,Copley,,Jackson,,Girls,2018(U09),4 South,169
Arrowhead School (Arrowhead 657),8/25/26,Tue,6:30 PM,9507,Copley,,Highland   NN1,,Boys,2019(U08),South E,169
Arrowhead School (Arrowhead 657),8/26/26,Wed,6:30 PM,10315,Copley,,Eagles Select   U8A,,Boys,2018(U09),5 South EV,169
Arrowhead School (Arrowhead 657),9/13/26,Sun,12:00 PM,9513,Copley,,Medina   8Gld,,Boys,2019(U08),South E,169
Arrowhead School (Arrowhead 657),9/13/26,Sun,4:00 PM,10321,Copley,,North Royalton,,Boys,2018(U09),5 South EV,169
Arrowhead School (Arrowhead 657),9/13/26,Sun,6:30 PM,7014,Copley,,Revere   RED,,Girls,2018(U09),4 South,169
Arrowhead School (Arrowhead 657),9/25/26,Fri,6:15 PM,10331,Copley,,Rootstown,,Boys,2018(U09),5 South EV,169
Arrowhead School (Arrowhead 657),9/27/26,Sun,2:30 PM,9519,Copley,,Revere,,Boys,2019(U08),South E,169
Arrowhead School (Arrowhead 657),10/11/26,Sun,11:30 AM,10338,Copley,,Parma,,Boys,2018(U09),5 South EV,169
Arrowhead School (Arrowhead 657),10/11/26,Sun,2:30 PM,7022,Copley,,Medina   U9WT,,Girls,2018(U09),4 South,169
Ashland Comunity Soccer Park (Field 10),8/16/26,Sun,4:00 PM,7301,Ashland,,Mustangs Jr,,Girls,2017(U10),3 South,358
Ashland Comunity Soccer Park (Field 10),8/16/26,Sun,5:30 PM,7002,Ashland,,Jackson,,Girls,2018(U09),4 South,358
Ashland Comunity Soccer Park (Field 10),8/21/26,Fri,6:30 PM,7004,Ashland,,Medina   U9WT,,Girls,2018(U09),4 South,358
Ashland Comunity Soccer Park (Field 10),8/22/26,Sat,1:00 PM,14005,Ashland,,Revere   WHIT,,Boys,2018(U09),5 South EN,358
Ashland Comunity Soccer Park (Field 10),8/25/26,Tue,6:30 PM,6708,Ashland,,Highland   EM1,,Girls,2018(U09),3 South,358
Ashland Comunity Soccer Park (Field 10),8/26/26,Wed,6:30 PM,10012,Ashland,,Green,,Boys,2018(U09),3 South,358
Ashland Comunity Soccer Park (Field 10),8/27/26,Thu,6:30 PM,14011,Ashland,,Manchester,,Boys,2018(U09),5 South EN,358
Ashland Comunity Soccer Park (Field 10),8/30/26,Sun,2:30 PM,6712,Ashland,,Medina   U9GN,,Girls,2018(U09),3 South,358
Ashland Comunity Soccer Park (Field 10),9/13/26,Sun,11:30 AM,10717,Ashland,,Brunswick   RYL,,Boys,2017(U10),3 South,358
Ashland Comunity Soccer Park (Field 10),9/13/26,Sun,1:00 PM,14022,Ashland,,Wadsworth   BYE,,Boys,2018(U09),5 South EN,358
Ashland Comunity Soccer Park (Field 10),9/13/26,Sun,2:30 PM,10017,Ashland,,Columbia Station,,Boys,2018(U09),3 South,358
Ashland Comunity Soccer Park (Field 10),9/13/26,Sun,4:00 PM,7313,Ashland,,New Philadelphia   JB,,Girls,2017(U10),3 South,358
Ashland Comunity Soccer Park (Field 10),9/18/26,Fri,6:30 PM,6718,Ashland,,Brunswick,,Girls,2018(U09),3 South,358
Ashland Comunity Soccer Park (Field 10),9/20/26,Sun,11:30 AM,10721,Ashland,,Cuyahoga Falls   MG,,Boys,2017(U10),3 South,358
Ashland Comunity Soccer Park (Field 10),9/20/26,Sun,4:00 PM,10021,Ashland,,Highland   KS1,,Boys,2018(U09),3 South,358
Ashland Comunity Soccer Park (Field 10),9/27/26,Sun,1:00 PM,7319,Ashland,,Jackson,,Girls,2017(U10),3 South,358
Ashland Comunity Soccer Park (Field 10),9/27/26,Sun,2:30 PM,6721,Ashland,,Mustangs Jr,,Girls,2018(U09),3 South,358
Ashland Comunity Soccer Park (Field 10),10/11/26,Sun,11:30 AM,10730,Ashland,,Strongsville   KL,,Boys,2017(U10),3 South,358
Ashland Comunity Soccer Park (Field 10),10/11/26,Sun,1:00 PM,10030,Ashland,,Norton,,Boys,2018(U09),3 South,358
Ashland Comunity Soccer Park (Field 10),10/11/26,Sun,4:00 PM,14037,Ashland,,Highland   JC1,,Boys,2018(U09),5 South EN,358
Ashland Comunity Soccer Park (Field 10),10/18/26,Sun,4:00 PM,7017,Ashland,,Copley,,Girls,2018(U09),4 South,358
Ashland Comunity Soccer Park (Field 10),10/25/26,Sun,2:30 PM,7023,Ashland,,Revere   RED,,Girls,2018(U09),4 South,358
Ashland Comunity Soccer Park (Field 11),8/26/26,Wed,6:30 PM,10712,Ashland,,Brunswick   WHT,,Boys,2017(U10),3 South,358
Ashland Comunity Soccer Park (Field 11),9/8/26,Tue,6:30 PM,7307,Ashland,,North Canton,,Girls,2017(U10),3 South,358
Ashland Comunity Soccer Park (Field 6),8/16/26,Sun,1:00 PM,13201,Ashland,,Perry (Stark),,Boys,2012(U14/15),3 South,358
Ashland Comunity Soccer Park (Field 6),8/16/26,Sun,5:30 PM,3003,Ashland,,Buckeye,,Girls,2014(U13),4 South,358
Ashland Comunity Soccer Park (Field 6),8/16/26,Sun,6:30 PM,3101,Ashland,,Westlake   JD,,Girls,2012(U14/15),1,358
Ashland Comunity Soccer Park (Field 6),8/22/26,Sat,2:30 PM,3005,Ashland,,Cloverleaf,,Girls,2014(U13),4 South,358
Ashland Comunity Soccer Park (Field 6),8/23/26,Sun,4:30 PM,13206,Ashland,,Buckeye,,Boys,2012(U14/15),3 South,358
Ashland Comunity Soccer Park (Field 6),9/13/26,Sun,11:30 AM,3014,Ashland,,Medina   13WT,,Girls,2014(U13),4 South,358
Ashland Comunity Soccer Park (Field 6),9/13/26,Sun,6:30 PM,3107,Ashland,,Brunswick,,Girls,2012(U14/15),1,358
Ashland Comunity Soccer Park (Field 6),9/27/26,Sun,2:30 PM,13228,Ashland,,Brecksville Bees SA,,Boys,2012(U14/15),3 South,358
Ashland Comunity Soccer Park (Field 6),9/27/26,Sun,5:30 PM,3119,Ashland,,Brecksville Bees SA,,Girls,2012(U14/15),1,358
Ashland Comunity Soccer Park (Field 6),10/11/26,Sun,4:00 PM,3022,Ashland,,Fairless,,Girls,2014(U13),4 South,358
Ashland Comunity Soccer Park (Field 6),10/18/26,Sun,2:30 PM,13235,Ashland,,Akron Inner City,,Boys,2012(U14/15),3 South,358
Ashland Comunity Soccer Park (Field 6),10/18/26,Sun,5:30 PM,3113,Ashland,,Stow   Mar,,Girls,2012(U14/15),1,358
Ashland Comunity Soccer Park (Field 9),8/16/26,Sun,11:30 AM,11802,Ashland,,Independence,,Boys,2016(U11),2 South,358
Ashland Comunity Soccer Park (Field 9),8/26/26,Wed,6:30 PM,5212,Ashland,,Medina   12Gr,,Boys,2015(U12),2,358
Ashland Comunity Soccer Park (Field 9),8/30/26,Sun,4:00 PM,7910,Ashland,,Northwest,,Girls,2016(U11),3 South,358
Ashland Comunity Soccer Park (Field 9),9/12/26,Sat,4:00 PM,12010,Ashland,,Cuyahoga Falls   JH12,,Boys,2015(U12),3 South,358
Ashland Comunity Soccer Park (Field 9),9/13/26,Sun,1:00 PM,5223,Ashland,,Stow   Mar,,Boys,2015(U12),2,358
Ashland Comunity Soccer Park (Field 9),9/13/26,Sun,4:00 PM,12020,Ashland,,Buckeye,,Boys,2015(U12),3 South,358
Ashland Comunity Soccer Park (Field 9),9/13/26,Sun,5:30 PM,7915,Ashland,,Copley,,Girls,2016(U11),3 South,358
Ashland Comunity Soccer Park (Field 9),9/13/26,Sun,6:30 PM,11818,Ashland,,Wadsworth   GAR,,Boys,2016(U11),2 South,358
Ashland Comunity Soccer Park (Field 9),9/20/26,Sun,2:30 PM,5228,Ashland,,Lakewood   B14P,,Boys,2015(U12),2,358
Ashland Comunity Soccer Park (Field 9),9/20/26,Sun,5:30 PM,11822,Ashland,,Highland   KW1,,Boys,2016(U11),2 South,358
Ashland Comunity Soccer Park (Field 9),9/27/26,Sun,11:30 AM,12028,Ashland,,North Royalton,,Boys,2015(U12),3 South,358
Ashland Comunity Soccer Park (Field 9),9/27/26,Sun,4:00 PM,7920,Ashland,,Wadsworth   STA,,Girls,2016(U11),3 South,358
Ashland Comunity Soccer Park (Field 9),10/11/26,Sun,1:00 PM,12029,Ashland,,Wadsworth   KEN,,Boys,2015(U12),3 South,358
Ashland Comunity Soccer Park (Field 9),10/11/26,Sun,5:30 PM,7924,Ashland,,Medina   11WT,,Girls,2016(U11),3 South,358
Ashland Comunity Soccer Park (Field 9),10/18/26,Sun,11:30 AM,11811,Ashland,,Hudson   PEIG,,Boys,2016(U11),2 South,358
Ashland Comunity Soccer Park (Field 9),10/18/26,Sun,1:00 PM,5236,Ashland,,Mayfield   MW,,Boys,2015(U12),2,358
Babbitt Road Field (7v7),8/23/26,Sun,1:00 PM,10408,Euclid,,Wickliffe,,Boys,2018(U09),5 East EN,111
Babbitt Road Field (7v7),9/13/26,Sun,1:30 PM,10426,Euclid,,Twinsburg   Blue,,Boys,2018(U09),5 East EN,111
Babbitt Road Field (7v7),9/20/26,Sun,1:00 PM,10432,Euclid,,Willoughby,,Boys,2018(U09),5 East EN,111
Babbitt Road Field (7v7),9/27/26,Sun,1:00 PM,10438,Euclid,,Orange,,Boys,2018(U09),5 East EN,111
Barberton Community Sports Complex (406),8/16/26,Sun,2:30 PM,13602,Barberton,,Mustangs Jr,,Boys,2012(U14/15),5 South,578
Barberton Community Sports Complex (406),8/23/26,Sun,1:00 PM,13607,Barberton,,Fairless,,Boys,2012(U14/15),5 South,578
Barberton Community Sports Complex (406),8/27/26,Thu,6:30 PM,13609,Barberton,,Eagles Select   U14,,Boys,2012(U14/15),5 South,578
Barberton Community Sports Complex (406),8/30/26,Sun,3:30 PM,13010,Barberton,,Dover,,Boys,2014(U13),5 South,578
Barberton Community Sports Complex (406),9/13/26,Sun,2:30 PM,13015,Barberton,,PLX United,,Boys,2014(U13),5 South,578
Barberton Community Sports Complex (406),9/27/26,Sun,1:00 PM,13020,Barberton,,Lake Select SC   U13,,Boys,2014(U13),5 South,578
Barberton Community Sports Complex (406),10/11/26,Sun,4:30 PM,13024,Barberton,,Manchester,,Boys,2014(U13),5 South,578
Barberton Community Sports Complex (406),10/18/26,Sun,2:30 PM,13636,Barberton,,North Canton,,Boys,2012(U14/15),5 South,578
Barlow Farm Park (Field 1),8/16/26,Sun,12:30 PM,13102,Hudson   NEGR,,Geauga Federation SC,,Boys,2012(U14/15),3 East,13
Barlow Farm Park (Field 1),8/16/26,Sun,5:30 PM,5601,Hudson   SFER,,Bay Village   BW,,Boys,2014(U13),1,13
Barlow Farm Park (Field 1),8/23/26,Sun,11:30 AM,13104,Hudson   NEGR,,Solon United,,Boys,2012(U14/15),3 East,13
Barlow Farm Park (Field 1),8/23/26,Sun,12:00 PM,5605,Hudson   SFER,,Medina   13Gr,,Boys,2014(U13),1,13
Barlow Farm Park (Field 1),8/30/26,Sun,11:30 AM,9118,Hudson   CARP,,Riverside,,Girls,2012(U14/15),4 East,13
Barlow Farm Park (Field 1),9/2/26,Wed,6:45 PM,3215,Hudson   BOWM,,Solon United,,Girls,2012(U14/15),2,13
Barlow Farm Park (Field 1),9/10/26,Thu,6:00 PM,14803,Hudson   GUTI,,Chagrin Falls,,Boys,2012(U14/15),2 East,13
Barlow Farm Park (Field 1),9/13/26,Sun,2:30 PM,12520,Hudson   PRIN,,Geneva,,Boys,2014(U13),3 East,13
Barlow Farm Park (Field 1),9/13/26,Sun,4:00 PM,12715,Hudson   HARR,,Kenston   SLV,,Boys,2014(U13),4 East,13
Barlow Farm Park (Field 1),9/13/26,Sun,5:30 PM,3221,Hudson   BOWM,,Perry (Stark),,Girls,2012(U14/15),2,13
Barlow Farm Park (Field 1),9/18/26,Fri,6:00 PM,5620,Hudson   SFER,,Green,,Boys,2014(U13),1,13
Barlow Farm Park (Field 1),9/24/26,Thu,6:00 PM,14816,Hudson   GUTI,,Warren,,Boys,2012(U14/15),2 East,13
Barlow Farm Park (Field 1),9/27/26,Sun,10:00 AM,12720,Hudson   HARR,,Kenston   BLK,,Boys,2014(U13),4 East,13
Barlow Farm Park (Field 1),9/27/26,Sun,2:30 PM,12528,Hudson   PRIN,,Nordonia,,Boys,2014(U13),3 East,13
Barlow Farm Park (Field 1),9/27/26,Sun,2:30 PM,9135,Hudson   CARP,,Nordonia,,Girls,2012(U14/15),4 East,13
Barlow Farm Park (Field 1),9/27/26,Sun,5:30 PM,3231,Hudson   BOWM,,Cloverleaf,,Girls,2012(U14/15),2,13
Barlow Farm Park (Field 1),10/11/26,Sun,1:00 PM,12529,Hudson   PRIN,,NP Aurora,,Boys,2014(U13),3 East,13
Barlow Farm Park (Field 1),10/11/26,Sun,1:00 PM,13123,Hudson   NEGR,,Twinsburg   WHTE,,Boys,2012(U14/15),3 East,13
Barlow Farm Park (Field 1),10/11/26,Sun,2:30 PM,12724,Hudson   HARR,,Kent   BW,,Boys,2014(U13),4 East,13
Barlow Farm Park (Field 1),10/11/26,Sun,5:30 PM,3238,Hudson   BOWM,,Green,,Girls,2012(U14/15),2,13
Barlow Farm Park (Field 1),10/17/26,Sat,4:00 PM,9113,Hudson   CARP,,Field,,Girls,2012(U14/15),4 East,13
Barlow Farm Park (Field 1),10/18/26,Sun,1:00 PM,13117,Hudson   NEGR,,Riverside   CT,,Boys,2012(U14/15),3 East,13
Barlow Farm Park (Field 1),10/25/26,Sun,11:30 AM,14807,Hudson   GUTI,,West Geauga,,Boys,2012(U14/15),2 East,13
Barlow Farm Park (Field 1),10/25/26,Sun,12:00 PM,12510,Hudson   PRIN,,Field,,Boys,2014(U13),3 East,13
Barlow Farm Park (Field 1),10/25/26,Sun,2:30 PM,12710,Hudson   HARR,,Mayfield   DW,,Boys,2014(U13),4 East,13
Barlow Farm Park (Field 2A),8/16/26,Sun,10:00 AM,11405,Hudson   CORV,,Shaker Hts.   WHT,,Boys,2016(U11),4 East,13
Barlow Farm Park (Field 2A),8/16/26,Sun,2:30 PM,11804,Hudson   PEIG,,Hudson   PRIN,,Boys,2016(U11),2 South,13
Barlow Farm Park (Field 2A),8/16/26,Sun,3:00 PM,2206,Hudson   SFER,,NP Aurora,,Girls,2015(U12),2,13
Barlow Farm Park (Field 2A),8/23/26,Sun,3:30 PM,11806,Hudson   PEIG,,Brunswick   RYL,,Boys,2016(U11),2 South,13
Barlow Farm Park (Field 2A),8/23/26,Sun,5:30 PM,4608,Hudson   SFER,,Green,,Boys,2016(U11),1,13
Barlow Farm Park (Field 2A),8/26/26,Wed,6:30 PM,7808,Hudson   RENN,,Chagrin Falls,,Girls,2016(U11),3 East,13
Barlow Farm Park (Field 2A),8/28/26,Fri,6:30 PM,11808,Hudson   PRIN,,Ashland,,Boys,2016(U11),2 South,13
Barlow Farm Park (Field 2A),8/30/26,Sun,10:00 AM,7812,Hudson   RENN,,Shaker Hts.   BLK,,Girls,2016(U11),3 East,13
Barlow Farm Park (Field 2A),8/30/26,Sun,11:30 AM,11815,Hudson   PRIN,,Independence,,Boys,2016(U11),2 South,13
Barlow Farm Park (Field 2A),8/30/26,Sun,2:00 PM,4615,Hudson   SFER,,Medina   11Gr,,Boys,2016(U11),1,13
Barlow Farm Park (Field 2A),8/30/26,Sun,5:30 PM,11814,Hudson   PEIG,,Broadview Hts.,,Boys,2016(U11),2 South,13
Barlow Farm Park (Field 2A),9/2/26,Wed,6:30 PM,11413,Hudson   CORV,,Stow   Gold,,Boys,2016(U11),4 East,13
Barlow Farm Park (Field 2A),9/2/26,Wed,6:30 PM,2217,Hudson   SFER,,Bay Village   KB,,Girls,2015(U12),2,13
Barlow Farm Park (Field 2A),9/11/26,Fri,6:30 PM,11823,Hudson   PRIN,,Brunswick   RYL,,Boys,2016(U11),2 South,13
Barlow Farm Park (Field 2A),9/13/26,Sun,11:30 AM,2227,Hudson   BATS,,Rocky River   MRN,,Girls,2015(U12),2,13
Barlow Farm Park (Field 2A),9/13/26,Sun,4:00 PM,2228,Hudson   SFER,,North Olmsted,,Girls,2015(U12),2,13
Barlow Farm Park (Field 2A),9/13/26,Sun,6:30 PM,11917,Hudson   RENN,,Kenston,,Boys,2015(U12),3 East,13
Barlow Farm Park (Field 2A),9/15/26,Tue,6:15 PM,2223,Hudson   BATS,,Bay Village   KB,,Girls,2015(U12),2,13
Barlow Farm Park (Field 2A),9/18/26,Fri,6:15 PM,11921,Hudson   RENN,,Chagrin Falls,,Boys,2015(U12),3 East,13
Barlow Farm Park (Field 2A),9/23/26,Wed,6:15 PM,4623,Hudson   SFER,,North Royalton,,Boys,2016(U11),1,13
Barlow Farm Park (Field 2A),9/27/26,Sun,11:30 AM,12326,Hudson   HARR,,Shaker Hts.   SLV,,Boys,2015(U12),5 East,13
Barlow Farm Park (Field 2A),9/27/26,Sun,4:00 PM,11827,Hudson   PEIG,,Highland   KW1,,Boys,2016(U11),2 South,13
Barlow Farm Park (Field 2A),9/27/26,Sun,5:30 PM,8626,Hudson   KENN,,Riverside,,Girls,2015(U12),4 East,13
Barlow Farm Park (Field 2A),9/29/26,Tue,6:00 PM,2242,Hudson   BATS,,Broadview Hts.,,Girls,2015(U12),2,13
Barlow Farm Park (Field 2A),9/30/26,Wed,6:00 PM,7821,Hudson   RENN,,Orange,,Girls,2016(U11),3 East,13
Barlow Farm Park (Field 2A),10/7/26,Wed,6:00 PM,11437,Hudson   CORV,,Chagrin Falls,,Boys,2016(U11),4 East,13
Barlow Farm Park (Field 2A),10/11/26,Sun,1:00 PM,4632,Hudson   SFER,,Solon United,,Boys,2016(U11),1,13
Barlow Farm Park (Field 2A),10/11/26,Sun,2:30 PM,11832,Hudson   PRIN,,Hudson   PEIG,,Boys,2016(U11),2 South,13
Barlow Farm Park (Field 2A),10/11/26,Sun,4:00 PM,8631,Hudson   KENN,,Geauga Federation SC,,Girls,2015(U12),4 East,13
Barlow Farm Park (Field 2A),10/18/26,Sun,4:00 PM,7818,Hudson   RENN,,Mayfield   TS,,Girls,2016(U11),3 East,13
Barlow Farm Park (Field 2A),10/18/26,Sun,4:00 PM,2247,Hudson   BATS,,NP Aurora,,Girls,2015(U12),2,13
Barlow Farm Park (Field 2A),10/25/26,Sun,1:00 PM,11428,Hudson   CORV,,Riverside   BP,,Boys,2016(U11),4 East,13
Barlow Farm Park (Field 2B),10/18/26,Sun,4:00 PM,11107,Hudson   VERL,,Highland   KS2,,Boys,2017(U10),5 South EV,13
Barlow Farm Park (Field 3A),8/16/26,Sun,11:30 AM,7705,Hudson   KENS,,Eastside Kickers   SEL,,Girls,2017(U10),5 East,13
Barlow Farm Park (Field 3A),8/16/26,Sun,1:00 PM,10803,Hudson   GRWA,,NP Aurora,,Boys,2017(U10),4 East EV,13
Barlow Farm Park (Field 3A),8/16/26,Sun,1:00 PM,1102,Hudson   BATS,,Avon,,Girls,2017(U10),1,13
Barlow Farm Park (Field 3A),8/16/26,Sun,2:30 PM,9903,Hudson   SATW,,Geauga Federation SC,,Boys,2018(U09),3 East,13
Barlow Farm Park (Field 3A),8/16/26,Sun,4:00 PM,4101,Hudson   PEIG,,Green,,Boys,2017(U10),1,13
Barlow Farm Park (Field 3A),8/23/26,Sun,11:30 AM,10807,Hudson   GRWA,,Madison,,Boys,2017(U10),4 East EV,13
Barlow Farm Park (Field 3A),8/23/26,Sun,1:00 PM,9905,Hudson   SATW,,Stow   Mar,,Boys,2018(U09),3 East,13
Barlow Farm Park (Field 3A),8/23/26,Sun,2:30 PM,3707,Hudson   SATB,,Avon,,Boys,2018(U09),2,13
Barlow Farm Park (Field 3A),8/27/26,Thu,6:30 PM,14112,Hudson   SCHA,,Twinsburg   WHTE,,Boys,2018(U09),5 East EV,13
Barlow Farm Park (Field 3A),8/30/26,Sun,2:30 PM,3719,Hudson   SATB,,Lakewood   B17G,,Boys,2018(U09),2,13
Barlow Farm Park (Field 3A),8/30/26,Sun,5:30 PM,1312,Hudson   KENW,,Shaker Hts.   RED,,Girls,2017(U10),3 East,13
Barlow Farm Park (Field 3A),9/2/26,Wed,6:30 PM,723,Hudson   CHIB,,Olmsted Falls   Blue,,Girls,2018(U09),2,13
Barlow Farm Park (Field 3A),9/3/26,Thu,6:15 PM,1104,Hudson   BATS,,Green,,Girls,2017(U10),1,13
Barlow Farm Park (Field 3A),9/10/26,Thu,6:30 PM,3726,Hudson   SATB,,Fairview Park,,Boys,2018(U09),2,13
Barlow Farm Park (Field 3A),9/10/26,Thu,6:30 PM,712,Hudson   CHIB,,Shaker Hts.   BLK,,Girls,2018(U09),2,13
Barlow Farm Park (Field 3A),9/13/26,Sun,1:00 PM,6820,Hudson   CHIW,,Orange,,Girls,2018(U09),4 East,13
Barlow Farm Park (Field 3A),9/13/26,Sun,2:30 PM,9914,Hudson   SATW,,Mayfield   SR,,Boys,2018(U09),3 East,13
Barlow Farm Park (Field 3A),9/13/26,Sun,2:30 PM,736,Hudson   CHIB,,Westlake   JB,,Girls,2018(U09),2,13
Barlow Farm Park (Field 3A),9/13/26,Sun,5:30 PM,4113,Hudson   PEIG,,Solon United,,Boys,2017(U10),1,13
Barlow Farm Park (Field 3A),9/27/26,Sun,10:00 AM,4119,Hudson   PEIG,,Bay Village   BK,,Boys,2017(U10),1,13
Barlow Farm Park (Field 3A),9/27/26,Sun,11:30 AM,10825,Hudson   GRWA,,West Geauga,,Boys,2017(U10),4 East EV,13
Barlow Farm Park (Field 3A),9/27/26,Sun,3:00 PM,3732,Hudson   SATB,,North Royalton,,Boys,2018(U09),2,13
Barlow Farm Park (Field 3A),9/27/26,Sun,4:00 PM,6828,Hudson   CHIW,,Mentor,,Girls,2018(U09),4 East,13
Barlow Farm Park (Field 3A),9/27/26,Sun,4:00 PM,1321,Hudson   KENW,,Chagrin Falls,,Girls,2017(U10),3 East,13
Barlow Farm Park (Field 3A),9/29/26,Tue,6:00 PM,14123,Hudson   SCHA,,Stow   Blck,,Boys,2018(U09),5 East EV,13
Barlow Farm Park (Field 3A),10/1/26,Thu,6:00 PM,6829,Hudson   CHIW,,Chagrin Falls,,Girls,2018(U09),4 East,13
Barlow Farm Park (Field 3A),10/11/26,Sun,11:30 AM,14136,Hudson   SCHA,,Mentor,,Boys,2018(U09),5 East EV,13
Barlow Farm Park (Field 3A),10/11/26,Sun,12:00 PM,1318,Hudson   KENW,,Stow   Mar,,Girls,2017(U10),3 East,13
Barlow Farm Park (Field 3A),10/11/26,Sun,4:00 PM,9922,Hudson   SATW,,Solon United,,Boys,2018(U09),3 East,13
Barlow Farm Park (Field 3A),10/11/26,Sun,5:30 PM,1123,Hudson   BATS,,Medina   10GN,,Girls,2017(U10),1,13
Barlow Farm Park (Field 3A),10/18/26,Sun,1:00 PM,6810,Hudson   CHIW,,Solon United,,Girls,2018(U09),4 East,13
Barlow Farm Park (Field 3A),10/18/26,Sun,2:30 PM,728,Hudson   CHIB,,Avon,,Girls,2018(U09),2,13
Barlow Farm Park (Field 3A),10/18/26,Sun,2:30 PM,1117,Hudson   BATS,,Brunswick   RYL,,Girls,2017(U10),1,13
Barlow Farm Park (Field 3A),10/25/26,Sun,11:30 AM,14128,Hudson   SCHA,,West Geauga,,Boys,2018(U09),5 East EV,13
Barlow Farm Park (Field 3B),8/25/26,Tue,6:30 PM,12309,Hudson   HARR,,Willoughby,,Boys,2015(U12),5 East,13
Barlow Farm Park (Field 3B),8/27/26,Thu,6:30 PM,11912,Hudson   RENN,,Geauga Federation SC,,Boys,2015(U12),3 East,13
Barlow Farm Park (Field 3B),8/30/26,Sun,10:00 AM,12313,Hudson   HARR,,Eastlake,,Boys,2015(U12),5 East,13
Barlow Farm Park (Field 3B),8/30/26,Sun,4:30 PM,2224,Hudson   SFER,,Shaker Hts.   BLK,,Girls,2015(U12),2,13
Barlow Farm Park (Field 3B),8/30/26,Sun,6:45 PM,8613,Hudson   KENN,,Field,,Girls,2015(U12),4 East,13
Barlow Farm Park (Field 3B),9/3/26,Thu,6:30 PM,8609,Hudson   KENN,,Eastside Kickers,,Girls,2015(U12),4 East,13
Barlow Farm Park (Field 3B),10/11/26,Sun,1:00 PM,12331,Hudson   HARR,,Mantua,,Boys,2015(U12),5 East,13
Barlow Farm Park (Field 3B),10/11/26,Sun,5:30 PM,11930,Hudson   RENN,,Riverside   Blk,,Boys,2015(U12),3 East,13
Barlow Farm Park (Field 4),9/24/26,Thu,6:00 PM,5622,Hudson   SFER,,Solon United,,Boys,2014(U13),1,13
Barlow Farm Park (Field 4),10/18/26,Sun,11:30 AM,14825,Hudson   GUTI,,Broadview Hts.,,Boys,2012(U14/15),2 East,13
Barlow Farm Park (Field 5B),8/16/26,Sun,2:30 PM,11101,Hudson   VERL,,Revere   BLUE,,Boys,2017(U10),5 South EV,13
Barlow Farm Park (Field 5B),9/1/26,Tue,6:30 PM,4107,Hudson   PEIG,,Mayfield   KHA,,Boys,2017(U10),1,13
Barlow Farm Park (Field 5B),9/9/26,Wed,6:30 PM,1308,Hudson   KENW,,Mayfield   MF,,Girls,2017(U10),3 East,13
Barlow Farm Park (Field 5B),9/12/26,Sat,4:00 PM,7722,Hudson   KENS,,Rootstown,,Girls,2017(U10),5 East,13
Barlow Farm Park (Field 5B),9/13/26,Sun,2:30 PM,11113,Hudson   VERL,,Tallmadge,,Boys,2017(U10),5 South EV,13
Barlow Farm Park (Field 5B),9/27/26,Sun,2:30 PM,11119,Hudson   VERL,,Southeast,,Boys,2017(U10),5 South EV,13
Barlow Farm Park (Field 5B),10/11/26,Sun,2:30 PM,7737,Hudson   KENS,,Twinsburg   WHT,,Girls,2017(U10),5 East,13
Barlow Farm Park (Field 5B),10/18/26,Sun,3:00 PM,10824,Hudson   GRWA,,Eastside Kickers,,Boys,2017(U10),4 East EV,13
Barlow Farm Park (Field 5B),10/18/26,Sun,3:30 PM,7711,Hudson   KENS,,Shaker Hts.   WHT,,Girls,2017(U10),5 East,13
Barton-Bradley Recreation Fields (Field 1),8/16/26,Sun,2:30 PM,6201,North Olmsted,,North Ridgeville,,Boys,2012(U14/15),2,337
Barton-Bradley Recreation Fields (Field 1),8/16/26,Sun,4:30 PM,3302,North Olmsted,,Westlake   RR,,Girls,2012(U14/15),3,337
Barton-Bradley Recreation Fields (Field 1),8/23/26,Sun,12:30 PM,5708,North Olmsted,,Highland   NF2,,Boys,2014(U13),2,337
Barton-Bradley Recreation Fields (Field 1),8/25/26,Tue,6:30 PM,6207,North Olmsted,,Midview,,Boys,2012(U14/15),2,337
Barton-Bradley Recreation Fields (Field 1),8/26/26,Wed,6:30 PM,3311,North Olmsted,,Avon Lake,,Girls,2012(U14/15),3,337
Barton-Bradley Recreation Fields (Field 1),8/31/26,Mon,6:30 PM,5715,North Olmsted,,North Royalton,,Boys,2014(U13),2,337
Barton-Bradley Recreation Fields (Field 1),9/13/26,Sun,4:00 PM,6213,North Olmsted,,Wadsworth   MUHL,,Boys,2012(U14/15),2,337
Barton-Bradley Recreation Fields (Field 1),9/13/26,Sun,6:00 PM,3318,North Olmsted,,Chippewa,,Girls,2012(U14/15),3,337
Barton-Bradley Recreation Fields (Field 1),9/20/26,Sun,11:30 AM,5723,North Olmsted,,Geauga Federation SC,,Boys,2014(U13),2,337
Barton-Bradley Recreation Fields (Field 1),9/20/26,Sun,5:30 PM,3322,North Olmsted,,Sandusky,,Girls,2012(U14/15),3,337
Barton-Bradley Recreation Fields (Field 1),9/24/26,Thu,6:00 PM,6219,North Olmsted,,Westlake   MW,,Boys,2012(U14/15),2,337
Barton-Bradley Recreation Fields (Field 1),10/11/26,Sun,5:00 PM,5732,North Olmsted,,Avon Lake,,Boys,2014(U13),2,337
Barton-Bradley Recreation Fields (Field 2),8/16/26,Sun,11:30 AM,1501,North Olmsted,,Westlake   JG,,Girls,2017(U10),5 West,337
Barton-Bradley Recreation Fields (Field 2),8/16/26,Sun,1:00 PM,7205,North Olmsted,,Port Clinton,,Girls,2018(U09),5 West,337
Barton-Bradley Recreation Fields (Field 2),8/16/26,Sun,4:00 PM,13902,North Olmsted,,Fairview Park,,Boys,2018(U09),5 West EN,337
Barton-Bradley Recreation Fields (Field 2),8/16/26,Sun,4:00 PM,501,North Olmsted,,Strongsville   KP,,Girls,2019(U08),West V,337
Barton-Bradley Recreation Fields (Field 2),8/16/26,Sun,5:30 PM,4405,North Olmsted,,Westlake   MV,,Boys,2017(U10),4 West,337
Barton-Bradley Recreation Fields (Field 2),8/23/26,Sun,2:30 PM,1505,North Olmsted,,Midview,,Girls,2017(U10),5 West,337
Barton-Bradley Recreation Fields (Field 2),8/25/26,Tue,6:30 PM,507,North Olmsted,,Columbia Station,,Girls,2019(U08),West V,337
Barton-Bradley Recreation Fields (Field 2),8/26/26,Wed,6:30 PM,3812,North Olmsted,,Parma,,Boys,2018(U09),3 West,337
Barton-Bradley Recreation Fields (Field 2),8/28/26,Fri,6:30 PM,10508,North Olmsted,,Lakewood   B16G,,Boys,2017(U10),2 West,337
Barton-Bradley Recreation Fields (Field 2),8/30/26,Sun,2:30 PM,1516,North Olmsted,,Avon Lake,,Girls,2017(U10),5 West,337
Barton-Bradley Recreation Fields (Field 2),8/30/26,Sun,4:00 PM,10512,North Olmsted,,Westlake   RG,,Boys,2017(U10),2 West,337
Barton-Bradley Recreation Fields (Field 2),9/13/26,Sun,11:30 AM,7222,North Olmsted,,Midview,,Girls,2018(U09),5 West,337
Barton-Bradley Recreation Fields (Field 2),9/13/26,Sun,1:00 PM,3817,North Olmsted,,Brunswick   RYL,,Boys,2018(U09),3 West,337
Barton-Bradley Recreation Fields (Field 2),9/13/26,Sun,2:30 PM,513,North Olmsted,,Olmsted Falls   Blue,,Girls,2019(U08),West V,337
Barton-Bradley Recreation Fields (Field 2),9/13/26,Sun,4:00 PM,3917,North Olmsted,,Rocky River   WHT,,Boys,2018(U09),4 West EN,337
Barton-Bradley Recreation Fields (Field 2),9/13/26,Sun,6:00 PM,13918,North Olmsted,,Olmsted Falls   Gold,,Boys,2018(U09),5 West EN,337
Barton-Bradley Recreation Fields (Field 2),9/17/26,Thu,6:00 PM,3921,North Olmsted,,Bay Village   SE,,Boys,2018(U09),4 West EN,337
Barton-Bradley Recreation Fields (Field 2),9/20/26,Sun,2:30 PM,3821,North Olmsted,,Rocky River   MRN,,Boys,2018(U09),3 West,337
Barton-Bradley Recreation Fields (Field 2),9/20/26,Sun,2:30 PM,10518,North Olmsted,,Olmsted Falls   Blue,,Boys,2017(U10),2 West,337
Barton-Bradley Recreation Fields (Field 2),9/24/26,Thu,6:30 PM,3912,North Olmsted,,LaGrange,,Boys,2018(U09),4 West EN,337
Barton-Bradley Recreation Fields (Field 2),9/24/26,Thu,6:30 PM,13922,North Olmsted,,Sandusky,,Boys,2018(U09),5 West EN,337
Barton-Bradley Recreation Fields (Field 2),9/27/26,Sun,2:30 PM,519,North Olmsted,,North Ridgeville,,Girls,2019(U08),West V,337
Barton-Bradley Recreation Fields (Field 2),9/27/26,Sun,5:00 PM,10521,North Olmsted,,Avon Lake,,Boys,2017(U10),2 West,337
Barton-Bradley Recreation Fields (Field 2),10/11/26,Sun,11:30 AM,4437,North Olmsted,,Fairview Park,,Boys,2017(U10),4 West,337
Barton-Bradley Recreation Fields (Field 2),10/11/26,Sun,1:00 PM,3930,North Olmsted,,Lakewood   B17P,,Boys,2018(U09),4 West EN,337
Barton-Bradley Recreation Fields (Field 2),10/11/26,Sun,2:30 PM,3830,North Olmsted,,Avon Lake,,Boys,2018(U09),3 West,337
Barton-Bradley Recreation Fields (Field 2),10/11/26,Sun,4:00 PM,7237,North Olmsted,,Avon,,Girls,2018(U09),5 West,337
Barton-Bradley Recreation Fields (Field 3),8/16/26,Sun,11:30 AM,2203,North Olmsted,,Midview,,Girls,2015(U12),2,337
Barton-Bradley Recreation Fields (Field 3),8/16/26,Sun,1:00 PM,4902,North Olmsted,,Amherst,,Boys,2016(U11),4 West,337
Barton-Bradley Recreation Fields (Field 3),8/16/26,Sun,5:30 PM,5401,North Olmsted,,Fairview Park,,Boys,2015(U12),4 West,337
Barton-Bradley Recreation Fields (Field 3),8/17/26,Mon,6:30 PM,4707,North Olmsted,,Olmsted Falls   Blue,,Boys,2016(U11),2,337
Barton-Bradley Recreation Fields (Field 3),8/23/26,Sun,11:30 AM,5405,North Olmsted,,Lakewood   B14W,,Boys,2015(U12),4 West,337
Barton-Bradley Recreation Fields (Field 3),8/23/26,Sun,4:00 PM,8007,North Olmsted,,Mentor,,Girls,2016(U11),4,337
Barton-Bradley Recreation Fields (Field 3),8/26/26,Wed,6:30 PM,2216,North Olmsted,,Hudson   BATS,,Girls,2015(U12),2,337
Barton-Bradley Recreation Fields (Field 3),8/27/26,Thu,6:30 PM,4911,North Olmsted,,Parma,,Boys,2016(U11),4 West,337
Barton-Bradley Recreation Fields (Field 3),8/30/26,Sun,11:30 AM,2410,North Olmsted,,Brecksville Bees SA,,Girls,2015(U12),4 West,337
Barton-Bradley Recreation Fields (Field 3),8/30/26,Sun,4:00 PM,4719,North Olmsted,,Mayfield   MO,,Boys,2016(U11),2,337
Barton-Bradley Recreation Fields (Field 3),8/30/26,Sun,5:30 PM,5416,North Olmsted,,Amherst,,Boys,2015(U12),4 West,337
Barton-Bradley Recreation Fields (Field 3),9/10/26,Thu,6:00 PM,8003,North Olmsted,,Strongsville   MO,,Girls,2016(U11),4,337
Barton-Bradley Recreation Fields (Field 3),9/13/26,Sun,11:30 AM,2415,North Olmsted,,North Royalton,,Girls,2015(U12),4 West,337
Barton-Bradley Recreation Fields (Field 3),9/13/26,Sun,4:00 PM,4918,North Olmsted,,Brunswick   WHT,,Boys,2016(U11),4 West,337
Barton-Bradley Recreation Fields (Field 3),9/13/26,Sun,5:30 PM,5419,North Olmsted,,TUSA,,Boys,2015(U12),4 West,337
Barton-Bradley Recreation Fields (Field 3),9/20/26,Sun,1:00 PM,8024,North Olmsted,,Riverside,,Girls,2016(U11),4,337
Barton-Bradley Recreation Fields (Field 3),9/20/26,Sun,2:30 PM,4922,North Olmsted,,Norwalk HCYSC,,Boys,2016(U11),4 West,337
Barton-Bradley Recreation Fields (Field 3),9/20/26,Sun,4:00 PM,2234,North Olmsted,,Shaker Hts.   BLK,,Girls,2015(U12),2,337
Barton-Bradley Recreation Fields (Field 3),9/20/26,Sun,6:00 PM,4726,North Olmsted,,Orange,,Boys,2016(U11),2,337
Barton-Bradley Recreation Fields (Field 3),9/27/26,Sun,1:00 PM,4732,North Olmsted,,Vermilion,,Boys,2016(U11),2,337
Barton-Bradley Recreation Fields (Field 3),10/11/26,Sun,2:30 PM,2423,North Olmsted,,Vermilion,,Girls,2015(U12),4 West,337
Barton-Bradley Recreation Fields (Field 3),10/11/26,Sun,5:30 PM,2243,North Olmsted,,Green,,Girls,2015(U12),2,337
Barton-Bradley Recreation Fields (Field 3),10/18/26,Sun,2:30 PM,2426,North Olmsted,,Avon,,Girls,2015(U12),4 West,337
Barton-Bradley Recreation Fields (Field 3),10/25/26,Sun,1:00 PM,8025,North Olmsted,,Westlake   GF,,Girls,2016(U11),4,337
Barton-Bradley Recreation Fields (Field 7),8/25/26,Tue,6:30 PM,7211,North Olmsted,,LaGrange,,Girls,2018(U09),5 West,337
Barton-Bradley Recreation Fields (Field 7),8/27/26,Thu,6:30 PM,4411,North Olmsted,,Avon,,Boys,2017(U10),4 West,337
Barton-Bradley Recreation Fields (Field 7),9/13/26,Sun,1:00 PM,4422,North Olmsted,,Bay Village   MW,,Boys,2017(U10),4 West,337
Barton-Bradley Recreation Fields (Field 7),9/13/26,Sun,2:30 PM,1519,North Olmsted,,Rocky River   GRY,,Girls,2017(U10),5 West,337
Barton-Bradley Recreation Fields (Field 7),10/4/26,Sun,1:00 PM,13911,North Olmsted,,Avon Lake,,Boys,2018(U09),5 West EN,337
Bath Community Center (Bath Community Center Field 1),8/26/26,Wed,6:30 PM,9412,Revere   BLUE,,Chippewa,,Girls,2012(U14/15),5 South,155
Bath Community Center (Bath Community Center Field 2),8/16/26,Sun,5:30 PM,5205,Revere   RED,,Ashland,,Boys,2015(U12),2,155
Bath Community Center (Bath Community Center Field 2),8/23/26,Sun,5:30 PM,4810,Revere,,Brecksville Bees SA,,Boys,2016(U11),3,155
Bath Community Center (Bath Community Center Field 2),8/25/26,Tue,6:30 PM,5211,Revere   RED,,North Canton,,Boys,2015(U12),2,155
Bath Community Center (Bath Community Center Field 2),8/30/26,Sun,4:00 PM,12418,Revere   BLUE,,Dover,,Boys,2015(U12),5 South,155
Bath Community Center (Bath Community Center Field 2),9/10/26,Thu,6:30 PM,12429,Revere   BLUE,,Cloverleaf,,Boys,2015(U12),5 South,155
Bath Community Center (Bath Community Center Field 2),9/13/26,Sun,5:30 PM,5222,Revere   RED,,Lakewood   B14P,,Boys,2015(U12),2,155
Bath Community Center (Bath Community Center Field 2),9/26/26,Sat,1:00 PM,12413,Revere   BLUE,,Eagles Select   U12,,Boys,2015(U12),5 South,155
Bath Community Center (Bath Community Center Field 2),9/27/26,Sun,11:30 AM,4833,Revere,,Strongsville   TG,,Boys,2016(U11),3,155
Bath Community Center (Bath Community Center Field 2),9/27/26,Sun,1:00 PM,12435,Revere   BLUE,,Manchester,,Boys,2015(U12),5 South,155
Bath Community Center (Bath Community Center Field 2),10/11/26,Sun,4:00 PM,5237,Revere   RED,,Broadview Hts.,,Boys,2015(U12),2,155
Bath Community Center (Bath Community Center Field 2),10/25/26,Sun,1:00 PM,4817,Revere,,Columbia Station,,Boys,2016(U11),3,155
Baumgardner Middle School (Rear of building),8/16/26,Sun,4:00 PM,8601,Eastside Kickers,,Shaker Hts.   RED,,Girls,2015(U12),4 East,63
Baumgardner Middle School (Rear of building),8/23/26,Sun,12:00 PM,8605,Eastside Kickers,,Riverside,,Girls,2015(U12),4 East,63
Baumgardner Middle School (Rear of building),8/27/26,Thu,6:30 PM,12115,Eastside Kickers,,Orange,,Boys,2015(U12),4 East,63
Baumgardner Middle School (Rear of building),8/30/26,Sun,12:00 PM,8616,Eastside Kickers,,Geauga Federation SC,,Girls,2015(U12),4 East,63
Baumgardner Middle School (Rear of building),8/30/26,Sun,1:30 PM,11613,Eastside Kickers,,Shaker Hts.   GLD,,Boys,2016(U11),5 East EV,63
Baumgardner Middle School (Rear of building),9/13/26,Sun,1:00 PM,11620,Eastside Kickers,,Madison,,Boys,2016(U11),5 East EV,63
Baumgardner Middle School (Rear of building),9/13/26,Sun,4:00 PM,8619,Eastside Kickers,,Madison,,Girls,2015(U12),4 East,63
Baumgardner Middle School (Rear of building),9/13/26,Sun,6:00 PM,12121,Eastside Kickers,,Riverside   Gold,,Boys,2015(U12),4 East,63
Baumgardner Middle School (Rear of building),9/20/26,Sun,2:30 PM,11622,Eastside Kickers,,Willoughby,,Boys,2016(U11),5 East EV,63
Baumgardner Middle School (Rear of building),9/27/26,Sun,2:30 PM,12131,Eastside Kickers,,Euclid,,Boys,2015(U12),4 East,63
Baumgardner Middle School (Rear of building),10/11/26,Sun,1:00 PM,12138,Eastside Kickers,,Stow   Gold,,Boys,2015(U12),4 East,63
Baumgardner Middle School (Rear of building),10/11/26,Sun,6:00 PM,11631,Eastside Kickers,,Mantua,,Boys,2016(U11),5 East EV,63
Bay High School  (BHS Stadium 11v11 turf),8/16/26,Sun,2:00 PM,6305,Bay Village   MM,,Elyria,,Boys,2012(U14/15),3 West,151
Bay High School  (BHS Stadium 11v11 turf),9/13/26,Sun,4:00 PM,6322,Bay Village   MM,,Rocky River   MRN,,Boys,2012(U14/15),3 West,151
Bay High School  (BHS Stadium 11v11 turf),10/25/26,Sun,5:00 PM,5614,Bay Village   BW,,Hudson   SFER,,Boys,2014(U13),1,151
Bay High School  (Back Field 1 11v11),8/24/26,Mon,6:30 PM,6311,Bay Village   MM,,Avon Lake,,Boys,2012(U14/15),3 West,151
Beaver Creek Park (Beaver Creek #10),9/13/26,Sun,1:00 PM,4917,Amherst,,Parma,,Boys,2016(U11),4 West,307
Beaver Creek Park (Beaver Creek #10),9/13/26,Sun,2:30 PM,1813,Amherst,,Olmsted Falls   Gold,,Girls,2016(U11),3 West,307
Beaver Creek Park (Beaver Creek #10),9/13/26,Sun,4:00 PM,8817,Amherst,,Lakewood   G14P,,Girls,2015(U12),5,307
Beaver Creek Park (Beaver Creek #10),10/18/26,Sun,11:30 AM,5321,Amherst,,Rocky River   MRN,,Boys,2015(U12),3 West,307
Beaver Creek Park (Beaver Creek #10),10/18/26,Sun,4:00 PM,8812,Amherst,,Twinsburg   WHT,,Girls,2015(U12),5,307
Becker Field (Becker Field U13),8/16/26,Sun,2:30 PM,13001,Dover,,Tallmadge,,Boys,2014(U13),5 South,597
Becker Field (Becker Field U13),9/9/26,Wed,6:30 PM,13007,Dover,,Lake Select SC   U13,,Boys,2014(U13),5 South,597
Becker Field (Becker Field U13),9/13/26,Sun,4:30 PM,13013,Dover,,Manchester,,Boys,2014(U13),5 South,597
Becker Field (Becker Field U13),9/27/26,Sun,2:30 PM,13019,Dover,,PLX United,,Boys,2014(U13),5 South,597
Blossom Hill (Field G- Lower Grass),8/16/26,Sun,11:30 AM,12004,Brecksville Bees SA,,Cuyahoga Falls   JH12,,Boys,2015(U12),3 South,372
Blossom Hill (Field G- Lower Grass),8/16/26,Sun,4:00 PM,2403,Brecksville Bees SA,,Rocky River   WHT,,Girls,2015(U12),4 West,372
Blossom Hill (Field G- Lower Grass),8/23/26,Sun,11:30 AM,12006,Brecksville Bees SA,,Buckeye,,Boys,2015(U12),3 South,372
Blossom Hill (Field G- Lower Grass),8/27/26,Thu,7:00 PM,4813,Brecksville Bees SA,,Strongsville   KR,,Boys,2016(U11),3,372
Blossom Hill (Field G- Lower Grass),8/30/26,Sun,1:00 PM,4818,Brecksville Bees SA,,Westlake   RR,,Boys,2016(U11),3,372
Blossom Hill (Field G- Lower Grass),8/30/26,Sun,2:30 PM,12014,Brecksville Bees SA,,Ashland,,Boys,2015(U12),3 South,372
Blossom Hill (Field G- Lower Grass),9/13/26,Sun,4:00 PM,2408,Brecksville Bees SA,,Vermilion,,Girls,2015(U12),4 West,372
Blossom Hill (Field G- Lower Grass),9/14/26,Mon,7:00 PM,2712,Brecksville Bees SA,,Olmsted Falls   Blue,,Girls,2014(U13),2,372
Blossom Hill (Field G- Lower Grass),9/20/26,Sun,5:30 PM,4829,Brecksville Bees SA,,Bay Village   AS,,Boys,2016(U11),3,372
Blossom Hill (Field G- Lower Grass),9/27/26,Sun,11:30 AM,12027,Brecksville Bees SA,,Wadsworth   KEN,,Boys,2015(U12),3 South,372
Blossom Hill (Field G- Lower Grass),9/27/26,Sun,2:30 PM,4835,Brecksville Bees SA,,Avon Lake,,Boys,2016(U11),3,372
Blossom Hill (Field G- Lower Grass),10/18/26,Sun,2:30 PM,2425,Brecksville Bees SA,,Sandusky,,Girls,2015(U12),4 West,372
Blossom Hill (Field G- Lower Grass),10/25/26,Sun,2:30 PM,2428,Brecksville Bees SA,,Avon,,Girls,2015(U12),4 West,372
Blossom Hill (Field G- Upper A),8/16/26,Sun,1:00 PM,10904,Brecksville Bees SA,,Medina   10Go,,Boys,2017(U10),4 South EV,372
Blossom Hill (Field G- Upper A),8/16/26,Sun,2:30 PM,7101,Brecksville Bees SA,,Riverside,,Girls,2018(U09),5 East,372
Blossom Hill (Field G- Upper A),8/23/26,Sun,11:30 AM,14406,Brecksville Bees SA,,Medina   10Bl,,Boys,2017(U10),4 South EN,372
Blossom Hill (Field G- Upper A),8/23/26,Sun,1:00 PM,7707,Brecksville Bees SA,,Eastside Kickers   SEL,,Girls,2017(U10),5 East,372
Blossom Hill (Field G- Upper A),8/23/26,Sun,2:30 PM,7105,Brecksville Bees SA,,Chagrin Falls,,Girls,2018(U09),5 East,372
Blossom Hill (Field G- Upper A),8/30/26,Sun,11:30 AM,14411,Brecksville Bees SA,,Field,,Boys,2017(U10),4 South EN,372
Blossom Hill (Field G- Upper A),8/30/26,Sun,1:00 PM,7719,Brecksville Bees SA,,Nordonia,,Girls,2017(U10),5 East,372
Blossom Hill (Field G- Upper A),9/13/26,Sun,11:30 AM,14414,Brecksville Bees SA,,Cuyahoga Falls   SB,,Boys,2017(U10),4 South EN,372
Blossom Hill (Field G- Upper A),9/13/26,Sun,1:00 PM,13815,Brecksville Bees SA,,North Canton,,Boys,2018(U09),4 South EV,372
Blossom Hill (Field G- Upper A),9/20/26,Sun,11:30 AM,14418,Brecksville Bees SA,,North Canton,,Boys,2017(U10),4 South EN,372
Blossom Hill (Field G- Upper A),9/20/26,Sun,1:00 PM,1230,Brecksville Bees SA,,Independence,,Girls,2017(U10),2,372
Blossom Hill (Field G- Upper A),9/20/26,Sun,2:30 PM,10221,Brecksville Bees SA,,Wadsworth   RUFF,,Boys,2018(U09),4 South EN,372
Blossom Hill (Field G- Upper A),9/20/26,Sun,4:00 PM,7726,Brecksville Bees SA,,Shaker Hts.   WHT,,Girls,2017(U10),5 East,372
Blossom Hill (Field G- Upper A),9/27/26,Sun,1:00 PM,13820,Brecksville Bees SA,,Stow   Gray,,Boys,2018(U09),4 South EV,372
Blossom Hill (Field G- Upper A),9/27/26,Sun,2:30 PM,7120,Brecksville Bees SA,,West Geauga,,Girls,2018(U09),5 East,372
Blossom Hill (Field G- Upper A),10/11/26,Sun,2:30 PM,7122,Brecksville Bees SA,,Madison,,Girls,2018(U09),5 East,372
Blossom Hill (Field G- Upper A),10/11/26,Sun,4:00 PM,13824,Brecksville Bees SA,,Medina   9Blk,,Boys,2018(U09),4 South EV,372
Blossom Hill (Field G- Upper A),10/18/26,Sun,4:00 PM,10212,Brecksville Bees SA,,Cuyahoga Falls   DW,,Boys,2018(U09),4 South EN,372
Blossom Hill (Field G- Upper A),10/25/26,Sun,4:00 PM,1234,Brecksville Bees SA,,Westlake   NF,,Girls,2017(U10),2,372
Blossom Hill (Field G- Upper B),8/23/26,Sun,11:30 AM,10906,Brecksville Bees SA,,North Royalton,,Boys,2017(U10),4 South EV,372
Blossom Hill (Field G- Upper B),8/30/26,Sun,1:00 PM,13810,Brecksville Bees SA,,Perry (Stark),,Boys,2018(U09),4 South EV,372
Blossom Hill (Field G- Upper B),8/30/26,Sun,4:00 PM,10914,Brecksville Bees SA,,Strongsville   DP,,Boys,2017(U10),4 South EV,372
Blossom Hill (Field G- Upper B),9/13/26,Sun,11:30 AM,1225,Brecksville Bees SA,,Shaker Hts.   BLK,,Girls,2017(U10),2,372
Blossom Hill (Field G- Upper B),9/13/26,Sun,2:00 PM,10217,Brecksville Bees SA,,Stow   Whte,,Boys,2018(U09),4 South EN,372
Blossom Hill (Field G- Upper B),9/27/26,Sun,11:30 AM,10927,Brecksville Bees SA,,Highland   DT,,Boys,2017(U10),4 South EV,372
Blossom Hill (Field G- Upper B),9/27/26,Sun,1:00 PM,7732,Brecksville Bees SA,,Hudson   KENS,,Girls,2017(U10),5 East,372
Blossom Hill (Field G- Upper B),10/11/26,Sun,2:30 PM,10230,Brecksville Bees SA,,Akron Inner City,,Boys,2018(U09),4 South EN,372
Blossom Hill (Field G- Upper B),10/18/26,Sun,4:00 PM,1214,Brecksville Bees SA,,Cuyahoga Falls   TC,,Girls,2017(U10),2,372
Blossom Hill (Turf),8/16/26,Sun,4:00 PM,13202,Brecksville Bees SA,,Cuyahoga Falls   JS,,Boys,2012(U14/15),3 South,372
Blossom Hill (Turf),8/16/26,Sun,6:30 PM,3102,Brecksville Bees SA,,Bay Village   DR,,Girls,2012(U14/15),1,372
Blossom Hill (Turf),8/23/26,Sun,1:00 PM,13207,Brecksville Bees SA,,Revere,,Boys,2012(U14/15),3 South,372
Blossom Hill (Turf),8/23/26,Sun,2:30 PM,3104,Brecksville Bees SA,,Ashland,,Girls,2012(U14/15),1,372
Blossom Hill (Turf),9/13/26,Sun,1:00 PM,2717,Brecksville Bees SA,,Highland   GP1,,Girls,2014(U13),2,372
Blossom Hill (Turf),9/13/26,Sun,4:00 PM,12617,Brecksville Bees SA,,Broadview Hts.,,Boys,2014(U13),3 South,372
Blossom Hill (Turf),9/14/26,Mon,6:15 PM,13209,Brecksville Bees SA,,Rootstown,,Boys,2012(U14/15),3 South,372
Blossom Hill (Turf),9/20/26,Sun,1:00 PM,12621,Brecksville Bees SA,,Revere,,Boys,2014(U13),3 South,372
Blossom Hill (Turf),9/20/26,Sun,2:30 PM,2721,Brecksville Bees SA,,Jackson,,Girls,2014(U13),2,372
Blossom Hill (Turf),9/20/26,Sun,7:00 PM,3117,Brecksville Bees SA,,Brunswick,,Girls,2012(U14/15),1,372
Blossom Hill (Turf),9/21/26,Mon,7:00 PM,2730,Brecksville Bees SA,,NP Aurora,,Girls,2014(U13),2,372
Blossom Hill (Turf),10/11/26,Sun,1:00 PM,12630,Brecksville Bees SA,,Norton,,Boys,2014(U13),3 South,372
Blossom Hill (Turf),10/11/26,Sun,2:30 PM,3123,Brecksville Bees SA,,Westlake   JD,,Girls,2012(U14/15),1,372
Blossom Hill (Turf),10/12/26,Mon,6:00 PM,13236,Brecksville Bees SA,,Copley,,Boys,2012(U14/15),3 South,372
Blossom Hill (Turf),10/18/26,Sun,11:30 AM,12612,Brecksville Bees SA,,Strongsville   AH,,Boys,2014(U13),3 South,372
Brimfield Elementary School U9/U10 (Brimfield Elementary School),8/16/26,Sun,2:30 PM,14402,Field,,Green,,Boys,2017(U10),4 South EN,512
Brimfield Elementary School U9/U10 (Brimfield Elementary School),8/25/26,Tue,6:30 PM,14407,Field,,Medina   10Bl,,Boys,2017(U10),4 South EN,512
Brimfield Elementary School U9/U10 (Brimfield Elementary School),9/20/26,Sun,2:30 PM,14416,Field,,Cuyahoga Falls   SB,,Boys,2017(U10),4 South EN,512
Brimfield Elementary School U9/U10 (Brimfield Elementary School),9/27/26,Sun,2:30 PM,14421,Field,,Copley,,Boys,2017(U10),4 South EN,512
Broadview Heights A Field (BHFC 9v9 (north of the valley)),8/23/26,Sun,9:30 AM,2212,Broadview Hts.,,Mayfield   KHO,,Girls,2015(U12),2,241
Broadview Heights A Field (BHFC 9v9 (north of the valley)),8/26/26,Wed,6:30 PM,14608,Broadview Hts.,,Streetsboro,,Boys,2016(U11),5 East EN,241
Broadview Heights A Field (BHFC 9v9 (north of the valley)),8/27/26,Thu,6:30 PM,5214,Broadview Hts.,,Lakewood   B14P,,Boys,2015(U12),2,241
Broadview Heights A Field (BHFC 9v9 (north of the valley)),8/30/26,Sun,2:30 PM,14612,Broadview Hts.,,Nordonia,,Boys,2016(U11),5 East EN,241
Broadview Heights A Field (BHFC 9v9 (north of the valley)),8/30/26,Sun,6:30 PM,2219,Broadview Hts.,,Green,,Girls,2015(U12),2,241
Broadview Heights A Field (BHFC 9v9 (north of the valley)),9/4/26,Fri,6:00 PM,2202,Broadview Hts.,,Firelands,,Girls,2015(U12),2,241
Broadview Heights A Field (BHFC 9v9 (north of the valley)),9/9/26,Wed,6:00 PM,2248,Broadview Hts.,,Hudson   SFER,,Girls,2015(U12),2,241
Broadview Heights A Field (BHFC 9v9 (north of the valley)),9/13/26,Sun,11:30 AM,11820,Broadview Hts.,,Brunswick   RYL,,Boys,2016(U11),2 South,241
Broadview Heights A Field (BHFC 9v9 (north of the valley)),9/13/26,Sun,1:00 PM,5225,Broadview Hts.,,Westlake   EL,,Boys,2015(U12),2,241
Broadview Heights A Field (BHFC 9v9 (north of the valley)),9/20/26,Sun,1:00 PM,5230,Broadview Hts.,,Green,,Boys,2015(U12),2,241
Broadview Heights A Field (BHFC 9v9 (north of the valley)),9/20/26,Sun,2:30 PM,14618,Broadview Hts.,,Twinsburg   WHTE,,Boys,2016(U11),5 East EN,241
Broadview Heights A Field (BHFC 9v9 (north of the valley)),9/27/26,Sun,11:30 AM,14621,Broadview Hts.,,Shaker Hts.   SLV,,Boys,2016(U11),5 East EN,241
Broadview Heights A Field (BHFC 9v9 (north of the valley)),9/27/26,Sun,4:00 PM,5234,Broadview Hts.,,Medina   12Gr,,Boys,2015(U12),2,241
Broadview Heights A Field (BHFC 9v9 (north of the valley)),9/27/26,Sun,6:30 PM,11828,Broadview Hts.,,Ashland,,Boys,2016(U11),2 South,241
Broadview Heights A Field (BHFC 9v9 (north of the valley)),10/11/26,Sun,2:30 PM,11829,Broadview Hts.,,Highland   KW1,,Boys,2016(U11),2 South,241
Broadview Heights A Field (BHFC 9v9 (north of the valley)),10/25/26,Sun,2:30 PM,11810,Broadview Hts.,,Hudson   PRIN,,Boys,2016(U11),2 South,241
Broadview Heights C Field (Field C1 (in the valley)),8/16/26,Sun,11:00 AM,10301,Broadview Hts.,,Parma,,Boys,2018(U09),5 South EV,543
Broadview Heights C Field (Field C1 (in the valley)),8/16/26,Sun,2:30 PM,301,Broadview Hts.,,Strongsville   TK,,Boys,2019(U08),South V,543
Broadview Heights C Field (Field C1 (in the valley)),8/23/26,Sun,2:30 PM,10310,Broadview Hts.,,North Royalton,,Boys,2018(U09),5 South EV,543
Broadview Heights C Field (Field C1 (in the valley)),8/30/26,Sun,10:00 AM,308,Broadview Hts.,,Parma,,Boys,2019(U08),South V,543
Broadview Heights C Field (Field C1 (in the valley)),8/30/26,Sun,1:00 PM,10317,Broadview Hts.,,Copley,,Boys,2018(U09),5 South EV,543
Broadview Heights C Field (Field C1 (in the valley)),9/27/26,Sun,1:00 PM,10333,Broadview Hts.,,Eagles Select   U8A,,Boys,2018(U09),5 South EV,543
Broadview Heights C Field (Field C1 (in the valley)),9/27/26,Sun,2:30 PM,314,Broadview Hts.,,Brunswick,,Boys,2019(U08),South V,543
Broadview Heights C Field (Field C1 (in the valley)),10/25/26,Sun,2:30 PM,319,Broadview Hts.,,Strongsville   JD,,Boys,2019(U08),South V,543
Broadview Heights Rec Center (BHFC 11v11 (Football Field)),8/16/26,Sun,1:00 PM,12604,Broadview Hts.,,Brunswick,,Boys,2014(U13),3 South,389
Broadview Heights Rec Center (BHFC 11v11 (Football Field)),8/23/26,Sun,11:00 AM,14808,Broadview Hts.,,Kenston,,Boys,2012(U14/15),2 East,389
Broadview Heights Rec Center (BHFC 11v11 (Football Field)),8/23/26,Sun,2:30 PM,12606,Broadview Hts.,,Wadsworth   LET,,Boys,2014(U13),3 South,389
Broadview Heights Rec Center (BHFC 11v11 (Football Field)),8/30/26,Sun,10:30 AM,14815,Broadview Hts.,,Mayfield   MA,,Boys,2012(U14/15),2 East,389
Broadview Heights Rec Center (BHFC 11v11 (Football Field)),9/20/26,Sun,2:30 PM,14823,Broadview Hts.,,Chagrin Falls,,Boys,2012(U14/15),2 East,389
Broadview Heights Rec Center (BHFC 11v11 (Football Field)),9/27/26,Sun,5:30 PM,12627,Broadview Hts.,,Medina   13Wh,,Boys,2014(U13),3 South,389
Broadview Heights Rec Center (BHFC 11v11 (Football Field)),10/11/26,Sun,10:30 AM,14832,Broadview Hts.,,Green,,Boys,2012(U14/15),2 East,389
Broadview Heights Rec Center (BHFC 11v11 (Football Field)),10/25/26,Sun,4:00 PM,12614,Broadview Hts.,,Revere,,Boys,2014(U13),3 South,389
Brownhelm School (U13/U14),8/30/26,Sun,2:30 PM,2910,Firelands,,North Royalton,,Girls,2014(U13),4,182
Brownhelm School (U13/U14),9/13/26,Sun,2:30 PM,2915,Firelands,,Bay Village   JK,,Girls,2014(U13),4,182
Brownhelm School (U13/U14),9/27/26,Sun,2:30 PM,2920,Firelands,,Amherst,,Girls,2014(U13),4,182
Brownhelm School (U13/U14),10/7/26,Wed,6:30 PM,2924,Firelands,,LaGrange,,Girls,2014(U13),4,182
Buckeye Primary School  (Buckeye Primary School Back Field 12),8/16/26,Sun,1:00 PM,7602,Buckeye,,Medina   10GY,,Girls,2017(U10),5 South,8
Buckeye Primary School  (Buckeye Primary School Back Field 12),8/23/26,Sun,2:30 PM,7608,Buckeye,,Dover,,Girls,2017(U10),5 South,8
Buckeye Primary School  (Buckeye Primary School Back Field 12),8/26/26,Wed,6:30 PM,10912,Buckeye,,Columbia Station,,Boys,2017(U10),4 South EV,8
Buckeye Primary School  (Buckeye Primary School Back Field 12),9/10/26,Thu,6:00 PM,10337,Buckeye,,Brunswick   WHT,,Boys,2018(U09),5 South EV,8
Buckeye Primary School  (Buckeye Primary School Back Field 12),9/12/26,Sat,1:00 PM,10311,Buckeye,,Revere   BLUE,,Boys,2018(U09),5 South EV,8
Buckeye Primary School  (Buckeye Primary School Back Field 12),9/13/26,Sun,1:00 PM,7624,Buckeye,,Highland   JM1,,Girls,2017(U10),5 South,8
Buckeye Primary School  (Buckeye Primary School Back Field 12),9/13/26,Sun,2:30 PM,10322,Buckeye,,Broadview Hts.,,Boys,2018(U09),5 South EV,8
Buckeye Primary School  (Buckeye Primary School Back Field 12),9/13/26,Sun,4:00 PM,10917,Buckeye,,Brecksville Bees SA,,Boys,2017(U10),4 South EV,8
Buckeye Primary School  (Buckeye Primary School Back Field 12),9/20/26,Sun,2:30 PM,10921,Buckeye,,Strongsville   DP,,Boys,2017(U10),4 South EV,8
Buckeye Primary School  (Buckeye Primary School Back Field 12),10/6/26,Tue,6:15 PM,10930,Buckeye,,Cloverleaf,,Boys,2017(U10),4 South EV,8
Buckeye Primary School  (Buckeye Primary School Back Field 12),10/11/26,Sun,12:30 PM,10305,Buckeye,,Rootstown,,Boys,2018(U09),5 South EV,8
Buckeye Primary School  (Buckeye Primary School Back Field 12),10/11/26,Sun,2:00 PM,7639,Buckeye,,Perry (Stark),,Girls,2017(U10),5 South,8
Buckeye Primary School  (Buckeye Primary School Back Field 14),8/16/26,Sun,11:30 AM,8701,Buckeye,,Mustangs Jr,,Girls,2015(U12),4 South,8
Buckeye Primary School  (Buckeye Primary School Back Field 14),8/16/26,Sun,6:00 PM,2001,Buckeye,,TUSA,,Girls,2016(U11),5 West,8
Buckeye Primary School  (Buckeye Primary School Back Field 14),8/23/26,Sun,4:00 PM,2005,Buckeye,,Avon,,Girls,2016(U11),5 West,8
Buckeye Primary School  (Buckeye Primary School Back Field 14),8/25/26,Tue,6:30 PM,12009,Buckeye,,Wadsworth   KEN,,Boys,2015(U12),3 South,8
Buckeye Primary School  (Buckeye Primary School Back Field 14),8/26/26,Wed,6:30 PM,12412,Buckeye,,North Canton,,Boys,2015(U12),5 South,8
Buckeye Primary School  (Buckeye Primary School Back Field 14),8/26/26,Wed,6:30 PM,8707,Buckeye,,Cloverleaf,,Girls,2015(U12),4 South,8
Buckeye Primary School  (Buckeye Primary School Back Field 14),8/30/26,Sun,2:30 PM,12013,Buckeye,,North Royalton,,Boys,2015(U12),3 South,8
Buckeye Primary School  (Buckeye Primary School Back Field 14),9/13/26,Sun,5:30 PM,12423,Buckeye,,Akron Inner City,,Boys,2015(U12),5 South,8
Buckeye Primary School  (Buckeye Primary School Back Field 14),9/20/26,Sun,4:00 PM,12428,Buckeye,,Perry (Stark),,Boys,2015(U12),5 South,8
Buckeye Primary School  (Buckeye Primary School Back Field 14),9/20/26,Sun,5:00 PM,8713,Buckeye,,Perry (Stark),,Girls,2015(U12),4 South,8
Buckeye Primary School  (Buckeye Primary School Back Field 14),9/27/26,Sun,11:30 AM,8719,Buckeye,,Revere,,Girls,2015(U12),4 South,8
Buckeye Primary School  (Buckeye Primary School Back Field 14),9/27/26,Sun,4:00 PM,12026,Buckeye,,Highland   JC2,,Boys,2015(U12),3 South,8
Buckeye Primary School  (Buckeye Primary School Back Field 14),9/27/26,Sun,5:30 PM,2020,Buckeye,,Fairview Park,,Girls,2016(U11),5 West,8
Buckeye Primary School  (Buckeye Primary School Back Field 14),10/11/26,Sun,11:30 AM,2022,Buckeye,,Columbia Station,,Girls,2016(U11),5 West,8
Buckeye Primary School  (Buckeye Primary School Back Field 14),10/11/26,Sun,4:30 PM,12436,Buckeye,,Revere   BLUE,,Boys,2015(U12),5 South,8
Buckeye Primary School  (Buckeye Primary School Back Field 14),10/13/26,Tue,5:45 PM,12031,Buckeye,,Strongsville   EE-B,,Boys,2015(U12),3 South,8
Buckeye Primary School  (Buckeye Primary School Back Field 16),8/16/26,Sun,5:30 PM,13604,Buckeye,,Fairless,,Boys,2012(U14/15),5 South,8
Buckeye Primary School  (Buckeye Primary School Back Field 16),8/27/26,Thu,6:30 PM,3008,Buckeye,,Perry (Stark),,Girls,2014(U13),4 South,8
Buckeye Primary School  (Buckeye Primary School Back Field 16),8/30/26,Sun,1:00 PM,3012,Buckeye,,Ashland,,Girls,2014(U13),4 South,8
Buckeye Primary School  (Buckeye Primary School Back Field 16),8/30/26,Sun,4:00 PM,13213,Buckeye,,Akron Inner City,,Boys,2012(U14/15),3 South,8
Buckeye Primary School  (Buckeye Primary School Back Field 16),9/1/26,Tue,6:30 PM,9212,Buckeye,,Northwest,,Girls,2012(U14/15),4 South,8
Buckeye Primary School  (Buckeye Primary School Back Field 16),9/8/26,Tue,6:30 PM,13611,Buckeye,,Mustangs Jr,,Boys,2012(U14/15),5 South,8
Buckeye Primary School  (Buckeye Primary School Back Field 16),9/13/26,Sun,11:00 AM,9217,Buckeye,,Medina   14WT,,Girls,2012(U14/15),4 South,8
Buckeye Primary School  (Buckeye Primary School Back Field 16),9/13/26,Sun,1:00 PM,13220,Buckeye,,Cuyahoga Falls   JS,,Boys,2012(U14/15),3 South,8
Buckeye Primary School  (Buckeye Primary School Back Field 16),9/13/26,Sun,4:00 PM,13618,Buckeye,,Eagles Select   U14,,Boys,2012(U14/15),5 South,8
Buckeye Primary School  (Buckeye Primary School Back Field 16),9/20/26,Sun,4:00 PM,3018,Buckeye,,Cloverleaf,,Girls,2014(U13),4 South,8
Buckeye Primary School  (Buckeye Primary School Back Field 16),9/20/26,Sun,5:30 PM,13222,Buckeye,,Brecksville Bees SA,,Boys,2012(U14/15),3 South,8
Buckeye Primary School  (Buckeye Primary School Back Field 16),9/20/26,Sun,5:30 PM,9221,Buckeye,,Wadsworth   KOV,,Girls,2012(U14/15),4 South,8
Buckeye Primary School  (Buckeye Primary School Back Field 16),9/27/26,Sun,11:30 AM,3021,Buckeye,,Medina   13WT,,Girls,2014(U13),4 South,8
Buckeye Primary School  (Buckeye Primary School Back Field 16),10/11/26,Sun,11:00 AM,13231,Buckeye,,Rootstown,,Boys,2012(U14/15),3 South,8
Buckeye Primary School  (Buckeye Primary School Back Field 16),10/11/26,Sun,1:00 PM,13629,Buckeye,,Barberton,,Boys,2012(U14/15),5 South,8
Buckeye Primary School  (Buckeye Primary School Back Field 16),10/11/26,Sun,2:00 PM,9230,Buckeye,,North Canton,,Girls,2012(U14/15),4 South,8
Canfield Township Park (9v9),8/23/26,Sun,2:30 PM,14706,Canfield,,Kent   ER,,Boys,2015(U12),4 South EN,522
Canfield Township Park (9v9),8/25/26,Tue,6:30 PM,14709,Canfield,,Norton,,Boys,2015(U12),4 South EN,522
Canfield Township Park (9v9),8/30/26,Sun,5:00 PM,14711,Canfield,,Rootstown,,Boys,2015(U12),4 South EN,522
Canfield Township Park (9v9),9/20/26,Sun,5:00 PM,14716,Canfield,,Green,,Boys,2015(U12),4 South EN,522
Canterbury Elementary School (Canterbury),8/16/26,Sun,12:00 PM,10804,Eastside Kickers,,West Geauga,,Boys,2017(U10),4 East EV,112
Canterbury Elementary School (Canterbury),8/16/26,Sun,2:30 PM,9902,Eastside Kickers,,Stow   Mar,,Boys,2018(U09),3 East,112
Canterbury Elementary School (Canterbury),8/16/26,Sun,4:00 PM,1401,Eastside Kickers,,Geneva,,Girls,2017(U10),4 East,112
Canterbury Elementary School (Canterbury),8/23/26,Sun,11:30 AM,10806,Eastside Kickers,,NP Aurora,,Boys,2017(U10),4 East EV,112
Canterbury Elementary School (Canterbury),8/23/26,Sun,2:30 PM,9904,Eastside Kickers,,Solon United,,Boys,2018(U09),3 East,112
Canterbury Elementary School (Canterbury),8/23/26,Sun,4:00 PM,1405,Eastside Kickers,,Solon United,,Girls,2017(U10),4 East,112
Canterbury Elementary School (Canterbury),8/28/26,Fri,6:30 PM,12905,Eastside Kickers,,West Geauga,,Boys,2014(U13),5 East,112
Canterbury Elementary School (Canterbury),8/30/26,Sun,11:30 AM,14310,Eastside Kickers   SEL,,Shaker Hts.   WHT,,Boys,2017(U10),4 East EN,112
Canterbury Elementary School (Canterbury),8/30/26,Sun,1:00 PM,1416,Eastside Kickers,,Olmsted Falls   Gold,,Girls,2017(U10),4 East,112
Canterbury Elementary School (Canterbury),9/13/26,Sun,2:30 PM,1419,Eastside Kickers,,Independence,,Girls,2017(U10),4 East,112
Canterbury Elementary School (Canterbury),9/20/26,Sun,2:30 PM,9917,Eastside Kickers,,Hudson   SATW,,Boys,2018(U09),3 East,112
Canterbury Elementary School (Canterbury),9/27/26,Sun,1:00 PM,10827,Eastside Kickers,,Stow   Mar,,Boys,2017(U10),4 East EV,112
Canterbury Elementary School (Canterbury),10/6/26,Tue,6:00 PM,13309,Eastside Kickers,,Wickliffe,,Boys,2012(U14/15),4 East,112
Canterbury Elementary School (Canterbury),10/11/26,Sun,2:30 PM,9923,Eastside Kickers,,Mayfield   SR,,Boys,2018(U09),3 East,112
Chagrin Falls High School (Harris Field (Turf)),8/22/26,Sat,4:00 PM,14809,Chagrin Falls,,Warren,,Boys,2012(U14/15),2 East,50
Chagrin Falls High School (Harris Field (Turf)),8/23/26,Sun,11:30 AM,7804,Chagrin Falls,,Aurora,,Girls,2016(U11),3 East,50
Chagrin Falls High School (Harris Field (Turf)),8/23/26,Sun,1:00 PM,2708,Chagrin Falls,,NP Aurora,,Girls,2014(U13),2,50
Chagrin Falls High School (Harris Field (Turf)),8/23/26,Sun,2:30 PM,11409,Chagrin Falls,,Riverside   BP,,Boys,2016(U11),4 East,50
Chagrin Falls High School (Harris Field (Turf)),8/30/26,Sun,11:30 AM,5612,Chagrin Falls,,Hudson   SFER,,Boys,2014(U13),1,50
Chagrin Falls High School (Harris Field (Turf)),8/30/26,Sun,4:00 PM,14813,Chagrin Falls,,Kenston,,Boys,2012(U14/15),2 East,50
Chagrin Falls High School (Harris Field (Turf)),9/12/26,Sat,4:30 PM,2723,Chagrin Falls,,Twinsburg,,Girls,2014(U13),2,50
Chagrin Falls High School (Harris Field (Turf)),9/19/26,Sat,4:30 PM,11928,Chagrin Falls,,Riverside   Blk,,Boys,2015(U12),3 East,50
Chagrin Falls High School (Harris Field (Turf)),9/20/26,Sun,10:30 AM,7817,Chagrin Falls,,Shaker Hts.   BLK,,Girls,2016(U11),3 East,50
Chagrin Falls High School (Harris Field (Turf)),9/20/26,Sun,12:30 PM,11430,Chagrin Falls,,Willoughby,,Boys,2016(U11),4 East,50
Chagrin Falls High School (Harris Field (Turf)),9/20/26,Sun,2:30 PM,8217,Chagrin Falls,,Orange,,Girls,2016(U11),5 East,50
Chagrin Falls High School (Harris Field (Turf)),9/20/26,Sun,4:45 PM,5617,Chagrin Falls,,Shaker Hts.   BLK,,Boys,2014(U13),1,50
Chagrin Falls High School (Harris Field (Turf)),9/26/26,Sat,4:30 PM,2732,Chagrin Falls,,Highland   GP1,,Girls,2014(U13),2,50
Chagrin Falls High School (Harris Field (Turf)),10/17/26,Sat,1:00 PM,14831,Chagrin Falls,,Hudson   GUTI,,Boys,2012(U14/15),2 East,50
Champion Event Center (7v7),8/16/26,Sun,4:00 PM,7303,North Canton,,New Philadelphia   JB,,Girls,2017(U10),3 South,545
Champion Event Center (7v7),8/17/26,Mon,6:00 PM,13802,North Canton,,Brecksville Bees SA,,Boys,2018(U09),4 South EV,545
Champion Event Center (7v7),8/23/26,Sun,2:30 PM,13804,North Canton,,Perry (Stark),,Boys,2018(U09),4 South EV,545
Champion Event Center (7v7),8/23/26,Sun,4:00 PM,14404,North Canton,,Field,,Boys,2017(U10),4 South EN,545
Champion Event Center (7v7),8/26/26,Wed,6:30 PM,14409,North Canton,,Green,,Boys,2017(U10),4 South EN,545
Champion Event Center (7v7),8/27/26,Thu,6:30 PM,7613,North Canton,,Green,,Girls,2017(U10),5 South,545
Champion Event Center (7v7),9/1/26,Tue,6:00 PM,7305,North Canton,,Norton,,Girls,2017(U10),3 South,545
Champion Event Center (7v7),9/3/26,Thu,6:30 PM,7618,North Canton,,Lake Select SC   U10,,Girls,2017(U10),5 South,545
Champion Event Center (7v7),9/13/26,Sun,1:00 PM,7314,North Canton,,Mustangs Jr,,Girls,2017(U10),3 South,545
Champion Event Center (7v7),9/20/26,Sun,1:00 PM,7629,North Canton,,Dover,,Girls,2017(U10),5 South,545
Champion Event Center (7v7),9/20/26,Sun,2:30 PM,13817,North Canton,,Stow   Gray,,Boys,2018(U09),4 South EV,545
Champion Event Center (7v7),9/27/26,Sun,12:30 PM,7635,North Canton,,Highland   JM1,,Girls,2017(U10),5 South,545
Champion Event Center (7v7),10/1/26,Thu,6:30 PM,13823,North Canton,,Eagles Select   U9,,Boys,2018(U09),4 South EV,545
Champion Event Center (7v7),10/11/26,Sun,3:00 PM,7322,North Canton,,Ashland,,Girls,2017(U10),3 South,545
Champion Event Center (7v7),10/11/26,Sun,4:00 PM,14424,North Canton,,Copley,,Boys,2017(U10),4 South EN,545
Champion Event Center (7v7),10/18/26,Sun,2:30 PM,14427,North Canton,,Brecksville Bees SA,,Boys,2017(U10),4 South EN,545
Charles R Hoagland West Rec (11v11) (Charles R Hoagland West Rec),8/24/26,Mon,6:00 PM,6312,Elyria,,Avon,,Boys,2012(U14/15),3 West,665
Charles R Hoagland West Rec (11v11) (Charles R Hoagland West Rec),9/17/26,Thu,6:30 PM,6323,Elyria,,Independence,,Boys,2012(U14/15),3 West,665
Charles R Hoagland West Rec (11v11) (Charles R Hoagland West Rec),9/20/26,Sun,2:00 PM,6328,Elyria,,Rocky River   MRN,,Boys,2012(U14/15),3 West,665
Charles R Hoagland West Rec (11v11) (Charles R Hoagland West Rec),10/6/26,Tue,6:30 PM,6336,Elyria,,Sandusky,,Boys,2012(U14/15),3 West,665
Chelton Park (7v7),8/16/26,Sun,2:30 PM,1303,Shaker Hts.   RED,,Hudson   KENW,,Girls,2017(U10),3 East,683
City Park (Field 2),8/16/26,Sun,11:00 AM,10404,Streetsboro,,Twinsburg   Blue,,Boys,2018(U09),5 East EN,222
City Park (Field 2),8/23/26,Sun,2:30 PM,10410,Streetsboro,,Orange,,Boys,2018(U09),5 East EN,222
City Park (Field 2),8/25/26,Tue,6:30 PM,10109,Streetsboro,,Kenston   AT,,Boys,2018(U09),4 East,222
City Park (Field 2),8/30/26,Sun,10:00 AM,10113,Streetsboro,,Shaker Hts.   RED,,Boys,2018(U09),4 East,222
City Park (Field 2),9/13/26,Sun,2:30 PM,10429,Streetsboro,,Shaker Hts.   WHT,,Boys,2018(U09),5 East EN,222
City Park (Field 2),9/20/26,Sun,2:30 PM,10435,Streetsboro,,Stow   Gold,,Boys,2018(U09),5 East EN,222
City Park (Field 2),9/27/26,Sun,2:30 PM,10126,Streetsboro,,Riverside,,Boys,2018(U09),4 East,222
City Park (Field 2),10/11/26,Sun,2:30 PM,10131,Streetsboro,,North Royalton,,Boys,2018(U09),4 East,222
City Park (Field 3),8/16/26,Sun,1:00 PM,11404,Streetsboro,,Willoughby,,Boys,2016(U11),4 East,222
City Park (Field 3),8/16/26,Sun,4:00 PM,14602,Streetsboro,,Twinsburg   WHTE,,Boys,2016(U11),5 East EN,222
City Park (Field 3),8/23/26,Sun,4:00 PM,14604,Streetsboro,,Westlake   LD,,Boys,2016(U11),5 East EN,222
City Park (Field 3),8/30/26,Sun,4:00 PM,11418,Streetsboro,,Kent   GD,,Boys,2016(U11),4 East,222
City Park (Field 3),9/1/26,Tue,6:30 PM,8210,Streetsboro,,Solon United,,Girls,2016(U11),5 East,222
City Park (Field 3),9/13/26,Sun,9:30 AM,8215,Streetsboro,,Chagrin Falls,,Girls,2016(U11),5 East,222
City Park (Field 3),9/20/26,Sun,1:00 PM,14617,Streetsboro,,Nordonia,,Boys,2016(U11),5 East EN,222
City Park (Field 3),9/27/26,Sun,1:00 PM,8220,Streetsboro,,Orange,,Girls,2016(U11),5 East,222
City Park (Field 3),9/27/26,Sun,4:00 PM,11433,Streetsboro,,Hudson   CORV,,Boys,2016(U11),4 East,222
City Park (Field 3),10/11/26,Sun,4:00 PM,8224,Streetsboro,,Shaker Hts.   RED,,Girls,2016(U11),5 East,222
City Park (Field 3),10/25/26,Sun,1:00 PM,11407,Streetsboro,,Geneva,,Boys,2016(U11),4 East,222
City Park (Field 3),10/25/26,Sun,5:00 PM,14623,Streetsboro,,Shaker Hts.   SLV,,Boys,2016(U11),5 East EN,222
Clay Eddy Fields (U9/U10),8/16/26,Sun,2:30 PM,14101,West Geauga,,Chagrin Falls,,Boys,2018(U09),5 East EV,69
Clay Eddy Fields (U9/U10),8/23/26,Sun,1:00 PM,14110,West Geauga,,Mentor,,Boys,2018(U09),5 East EV,69
Clay Eddy Fields (U9/U10),8/23/26,Sun,2:30 PM,7104,West Geauga,,Madison,,Girls,2018(U09),5 East,69
Clay Eddy Fields (U9/U10),8/23/26,Sun,4:00 PM,10808,West Geauga,,Riverside   CB,,Boys,2017(U10),4 East EV,69
Clay Eddy Fields (U9/U10),8/26/26,Wed,6:30 PM,7109,West Geauga,,Chagrin Falls,,Girls,2018(U09),5 East,69
Clay Eddy Fields (U9/U10),8/30/26,Sun,11:30 AM,7718,West Geauga,,Twinsburg   WHT,,Girls,2017(U10),5 East,69
Clay Eddy Fields (U9/U10),8/30/26,Sun,2:30 PM,14117,West Geauga,,Mayfield   RC,,Boys,2018(U09),5 East EV,69
Clay Eddy Fields (U9/U10),8/30/26,Sun,4:00 PM,10815,West Geauga,,Chagrin Falls,,Boys,2017(U10),4 East EV,69
Clay Eddy Fields (U9/U10),9/20/26,Sun,1:00 PM,10823,West Geauga,,NP Aurora,,Boys,2017(U10),4 East EV,69
Clay Eddy Fields (U9/U10),9/20/26,Sun,5:30 PM,7729,West Geauga,,Hudson   KENS,,Girls,2017(U10),5 East,69
Clay Eddy Fields (U9/U10),9/27/26,Sun,11:30 AM,7735,West Geauga,,Shaker Hts.   WHT,,Girls,2017(U10),5 East,69
Clay Eddy Fields (U9/U10),9/27/26,Sun,2:30 PM,14133,West Geauga,,Stow   Blck,,Boys,2018(U09),5 East EV,69
Clay Eddy Fields (U9/U10),10/11/26,Sun,1:00 PM,10832,West Geauga,,Eastside Kickers,,Boys,2017(U10),4 East EV,69
Clay Eddy Fields (U9/U10),10/11/26,Sun,2:30 PM,7124,West Geauga,,Shaker Hts.   RED,,Girls,2018(U09),5 East,69
Clay Eddy Fields (U9/U10),10/18/26,Sun,1:00 PM,7713,West Geauga,,Brecksville Bees SA,,Girls,2017(U10),5 East,69
Clay Eddy Fields (U9/U10),10/18/26,Sun,2:30 PM,7127,West Geauga,,Riverside,,Girls,2018(U09),5 East,69
Cloverleaf Soccer Association Fields (CSA Field 10 (11v11)),8/16/26,Sun,2:30 PM,13402,Cloverleaf,,Brunswick,,Boys,2012(U14/15),4 South,60
Cloverleaf Soccer Association Fields (CSA Field 10 (11v11)),8/27/26,Thu,6:30 PM,13411,Cloverleaf,,Parma,,Boys,2012(U14/15),4 South,60
Cloverleaf Soccer Association Fields (CSA Field 10 (11v11)),8/30/26,Sun,11:30 AM,12810,Cloverleaf,,Copley,,Boys,2014(U13),4 South,60
Cloverleaf Soccer Association Fields (CSA Field 10 (11v11)),9/1/26,Tue,6:30 PM,3236,Cloverleaf,,Perry (Stark),,Girls,2012(U14/15),2,60
Cloverleaf Soccer Association Fields (CSA Field 10 (11v11)),9/13/26,Sun,1:00 PM,13418,Cloverleaf,,Manchester,,Boys,2012(U14/15),4 South,60
Cloverleaf Soccer Association Fields (CSA Field 10 (11v11)),9/13/26,Sun,1:00 PM,3223,Cloverleaf,,Solon United,,Girls,2012(U14/15),2,60
Cloverleaf Soccer Association Fields (CSA Field 10 (11v11)),9/13/26,Sun,5:30 PM,12815,Cloverleaf,,North Canton,,Boys,2014(U13),4 South,60
Cloverleaf Soccer Association Fields (CSA Field 10 (11v11)),9/20/26,Sun,10:00 AM,3228,Cloverleaf,,Jackson,,Girls,2012(U14/15),2,60
Cloverleaf Soccer Association Fields (CSA Field 10 (11v11)),9/20/26,Sun,5:30 PM,13422,Cloverleaf,,Tallmadge,,Boys,2012(U14/15),4 South,60
Cloverleaf Soccer Association Fields (CSA Field 10 (11v11)),9/27/26,Sun,11:30 AM,12820,Cloverleaf,,Northwest,,Boys,2014(U13),4 South,60
Cloverleaf Soccer Association Fields (CSA Field 10 (11v11)),10/11/26,Sun,5:30 PM,12824,Cloverleaf,,New Philadelphia   TZ,,Boys,2014(U13),4 South,60
Cloverleaf Soccer Association Fields (CSA Field 11 (9v9)),8/16/26,Sun,4:00 PM,11704,Cloverleaf,,Barberton,,Boys,2016(U11),5 South,60
Cloverleaf Soccer Association Fields (CSA Field 11 (9v9)),8/16/26,Sun,4:00 PM,8103,Cloverleaf,,Akron Inner City,,Girls,2016(U11),4 South,60
Cloverleaf Soccer Association Fields (CSA Field 11 (9v9)),8/16/26,Sun,5:30 PM,12405,Cloverleaf,,Buckeye,,Boys,2015(U12),5 South,60
Cloverleaf Soccer Association Fields (CSA Field 11 (9v9)),8/23/26,Sun,1:00 PM,11706,Cloverleaf,,Copley,,Boys,2016(U11),5 South,60
Cloverleaf Soccer Association Fields (CSA Field 11 (9v9)),8/23/26,Sun,1:00 PM,8107,Cloverleaf,,Dover   TM,,Girls,2016(U11),4 South,60
Cloverleaf Soccer Association Fields (CSA Field 11 (9v9)),8/23/26,Sun,4:00 PM,8705,Cloverleaf,,North Canton,,Girls,2015(U12),4 South,60
Cloverleaf Soccer Association Fields (CSA Field 11 (9v9)),8/27/26,Thu,6:30 PM,12411,Cloverleaf,,Manchester,,Boys,2015(U12),5 South,60
Cloverleaf Soccer Association Fields (CSA Field 11 (9v9)),8/30/26,Sun,1:00 PM,11716,Cloverleaf,,Mustangs Jr,,Boys,2016(U11),5 South,60
Cloverleaf Soccer Association Fields (CSA Field 11 (9v9)),8/30/26,Sun,2:30 PM,8703,Cloverleaf,,Perry (Stark),,Girls,2015(U12),4 South,60
Cloverleaf Soccer Association Fields (CSA Field 11 (9v9)),9/13/26,Sun,1:00 PM,8714,Cloverleaf,,Mustangs Jr,,Girls,2015(U12),4 South,60
Cloverleaf Soccer Association Fields (CSA Field 11 (9v9)),9/13/26,Sun,4:00 PM,12422,Cloverleaf,,Perry (Stark),,Boys,2015(U12),5 South,60
Cloverleaf Soccer Association Fields (CSA Field 11 (9v9)),9/20/26,Sun,10:30 AM,8124,Cloverleaf,,Green,,Girls,2016(U11),4 South,60
Cloverleaf Soccer Association Fields (CSA Field 11 (9v9)),9/20/26,Sun,4:00 PM,11727,Cloverleaf,,PLX United,,Boys,2016(U11),5 South,60
Cloverleaf Soccer Association Fields (CSA Field 11 (9v9)),9/27/26,Sun,1:00 PM,8125,Cloverleaf,,Perry (Stark),,Girls,2016(U11),4 South,60
Cloverleaf Soccer Association Fields (CSA Field 11 (9v9)),10/11/26,Sun,1:00 PM,8722,Cloverleaf,,Buckeye,,Girls,2015(U12),4 South,60
Cloverleaf Soccer Association Fields (CSA Field 11 (9v9)),10/11/26,Sun,4:00 PM,12437,Cloverleaf,,Dover,,Boys,2015(U12),5 South,60
Cloverleaf Soccer Association Fields (CSA Field 12 (11v11)),8/27/26,Thu,6:30 PM,3212,Cloverleaf,,Medina   14GN,,Girls,2012(U14/15),2,60
Cloverleaf Soccer Association Fields (CSA Field 12 (11v11)),8/30/26,Sun,4:00 PM,3010,Cloverleaf,,Fairless,,Girls,2014(U13),4 South,60
Cloverleaf Soccer Association Fields (CSA Field 12 (11v11)),9/13/26,Sun,11:30 AM,3015,Cloverleaf,,Perry (Stark),,Girls,2014(U13),4 South,60
Cloverleaf Soccer Association Fields (CSA Field 12 (11v11)),9/26/26,Sat,4:00 PM,3020,Cloverleaf,,Ashland,,Girls,2014(U13),4 South,60
Cloverleaf Soccer Association Fields (CSA Field 12 (11v11)),10/11/26,Sun,11:30 AM,3024,Cloverleaf,,Buckeye,,Girls,2014(U13),4 South,60
Cloverleaf Soccer Association Fields (CSA Field 9 (7v7)),8/17/26,Mon,6:30 PM,10902,Cloverleaf,,Buckeye,,Boys,2017(U10),4 South EV,60
Cloverleaf Soccer Association Fields (CSA Field 9 (7v7)),8/25/26,Tue,6:30 PM,14909,Cloverleaf,,Parma,,Girls,2018(U09),5 South EN,60
Cloverleaf Soccer Association Fields (CSA Field 9 (7v7)),8/26/26,Wed,6:30 PM,10911,Cloverleaf,,Brecksville Bees SA,,Boys,2017(U10),4 South EV,60
Cloverleaf Soccer Association Fields (CSA Field 9 (7v7)),8/30/26,Sun,4:00 PM,14913,Cloverleaf,,Stow   Mar,,Girls,2018(U09),5 South EN,60
Cloverleaf Soccer Association Fields (CSA Field 9 (7v7)),9/13/26,Sun,2:30 PM,10918,Cloverleaf,,Columbia Station,,Boys,2017(U10),4 South EV,60
Cloverleaf Soccer Association Fields (CSA Field 9 (7v7)),9/20/26,Sun,2:30 PM,10922,Cloverleaf,,Highland   DT,,Boys,2017(U10),4 South EV,60
Cloverleaf Soccer Association Fields (CSA Field 9 (7v7)),9/27/26,Sun,2:00 PM,14926,Cloverleaf,,Medina   U8WT,,Girls,2018(U09),5 South EN,60
Cloverleaf Soccer Association Fields (CSA Field 9 (7v7)),10/11/26,Sun,2:30 PM,14931,Cloverleaf,,North Royalton,,Girls,2018(U09),5 South EN,60
Columbia Soccer Fields  (Field 2 ),8/16/26,Sun,1:00 PM,10004,Columbia Station,,Cuyahoga Falls   KO,,Boys,2018(U09),3 South,719
Columbia Soccer Fields  (Field 2 ),8/16/26,Sun,4:00 PM,10903,Columbia Station,,North Royalton,,Boys,2017(U10),4 South EV,719
Columbia Soccer Fields  (Field 2 ),8/17/26,Mon,6:30 PM,503,Columbia Station,,Olmsted Falls   Blue,,Girls,2019(U08),West V,719
Columbia Soccer Fields  (Field 2 ),8/23/26,Sun,11:30 AM,10006,Columbia Station,,Strongsville   BL,,Boys,2018(U09),3 South,719
Columbia Soccer Fields  (Field 2 ),8/23/26,Sun,1:00 PM,4006,Columbia Station,,Avon,,Boys,2018(U09),5 West EV,719
Columbia Soccer Fields  (Field 2 ),8/23/26,Sun,2:30 PM,505,Columbia Station,,Rocky River   STM,,Girls,2019(U08),West V,719
Columbia Soccer Fields  (Field 2 ),8/23/26,Sun,4:00 PM,10907,Columbia Station,,Strongsville   DP,,Boys,2017(U10),4 South EV,719
Columbia Soccer Fields  (Field 2 ),8/30/26,Sun,11:30 AM,4011,Columbia Station,,Fairview Park,,Boys,2018(U09),5 West EV,719
Columbia Soccer Fields  (Field 2 ),8/30/26,Sun,1:00 PM,10014,Columbia Station,,Highland   KS1,,Boys,2018(U09),3 South,719
Columbia Soccer Fields  (Field 2 ),9/13/26,Sun,10:00 AM,4014,Columbia Station,,Lakewood   B17W,,Boys,2018(U09),5 West EV,719
Columbia Soccer Fields  (Field 2 ),9/13/26,Sun,2:30 PM,514,Columbia Station,,Strongsville   KP,,Girls,2019(U08),West V,719
Columbia Soccer Fields  (Field 2 ),9/20/26,Sun,11:30 AM,10924,Columbia Station,,Brecksville Bees SA,,Boys,2017(U10),4 South EV,719
Columbia Soccer Fields  (Field 2 ),9/20/26,Sun,2:30 PM,4018,Columbia Station,,Rocky River   BLK,,Boys,2018(U09),5 West EV,719
Columbia Soccer Fields  (Field 2 ),9/27/26,Sun,1:00 PM,10925,Columbia Station,,Medina   10Go,,Boys,2017(U10),4 South EV,719
Columbia Soccer Fields  (Field 2 ),9/27/26,Sun,2:30 PM,10027,Columbia Station,,Wadsworth   LID,,Boys,2018(U09),3 South,719
Columbia Soccer Fields  (Field 2 ),10/11/26,Sun,2:30 PM,522,Columbia Station,,North Olmsted,,Girls,2019(U08),West V,719
Columbia Soccer Fields  (Filed 7 ),8/16/26,Sun,11:30 AM,2002,Columbia Station,,Avon,,Girls,2016(U11),5 West,719
Columbia Soccer Fields  (Filed 7 ),8/23/26,Sun,5:30 PM,8506,Columbia Station,,New Philadelphia   KB,,Girls,2015(U12),3 South,719
Columbia Soccer Fields  (Filed 7 ),8/27/26,Thu,6:30 PM,8509,Columbia Station,,Strongsville   AS,,Girls,2015(U12),3 South,719
Columbia Soccer Fields  (Filed 7 ),8/31/26,Mon,6:30 PM,8511,Columbia Station,,Medina   12GN,,Girls,2015(U12),3 South,719
Columbia Soccer Fields  (Filed 7 ),9/13/26,Sun,10:00 AM,4821,Columbia Station,,Brecksville Bees SA,,Boys,2016(U11),3,719
Columbia Soccer Fields  (Filed 7 ),9/14/26,Mon,6:30 PM,2007,Columbia Station,,Midview,,Girls,2016(U11),5 West,719
Columbia Soccer Fields  (Filed 7 ),9/20/26,Sun,11:30 AM,8516,Columbia Station,,Brunswick   RYL,,Girls,2015(U12),3 South,719
Columbia Soccer Fields  (Filed 7 ),9/20/26,Sun,2:30 PM,2016,Columbia Station,,Buckeye,,Girls,2016(U11),5 West,719
Columbia Soccer Fields  (Filed 7 ),9/27/26,Sun,2:30 PM,2021,Columbia Station,,Rocky River   GRY,,Girls,2016(U11),5 West,719
Columbia Soccer Fields  (Filed 7 ),10/1/26,Thu,6:30 PM,4831,Columbia Station,,LaGrange,,Boys,2016(U11),3,719
Columbia Soccer Fields  (Filed 7 ),10/11/26,Sun,10:00 AM,4838,Columbia Station,,Strongsville   KR,,Boys,2016(U11),3,719
Columbia Soccer Fields  (Filed 7 ),10/18/26,Sun,10:00 AM,4815,Columbia Station,,Strongsville   TG,,Boys,2016(U11),3,719
Copley Fairlawn Middle School (Middle School Football),8/16/26,Sun,11:30 AM,12801,Copley,,Perry (Stark),,Boys,2014(U13),4 South,732
Copley Fairlawn Middle School (Middle School Football),8/16/26,Sun,1:30 PM,13203,Copley,,Buckeye,,Boys,2012(U14/15),3 South,732
Copley Fairlawn Middle School (Middle School Football),8/23/26,Sun,1:00 PM,9208,Copley,,North Canton,,Girls,2012(U14/15),4 South,732
Copley Fairlawn Middle School (Middle School Football),8/23/26,Sun,4:00 PM,13208,Copley,,Akron Inner City,,Boys,2012(U14/15),3 South,732
Copley Fairlawn Middle School (Middle School Football),9/13/26,Sun,1:00 PM,13217,Copley,,Ashland,,Boys,2012(U14/15),3 South,732
Copley Fairlawn Middle School (Middle School Football),9/13/26,Sun,2:30 PM,12813,Copley,,New Philadelphia   TZ,,Boys,2014(U13),4 South,732
Copley Fairlawn Middle School (Middle School Football),9/20/26,Sun,2:30 PM,9223,Copley,,Kent   TH,,Girls,2012(U14/15),4 South,732
Copley Fairlawn Middle School (Middle School Football),9/27/26,Sun,5:30 PM,12819,Copley,,North Canton,,Boys,2014(U13),4 South,732
Copley Fairlawn Middle School (Middle School Football),9/30/26,Wed,6:00 PM,9215,Copley,,Buckeye,,Girls,2012(U14/15),4 South,732
Copley Fairlawn Middle School (Middle School Football),10/11/26,Sun,11:30 AM,9232,Copley,,Medina   14WT,,Girls,2012(U14/15),4 South,732
Copley Fairlawn Middle School (Middle School Football),10/25/26,Sun,1:00 PM,12807,Copley,,Northwest,,Boys,2014(U13),4 South,732
Copley Road Soccer Complex (11v11 field 5),8/16/26,Sun,2:30 PM,13204,Akron Inner City,,Revere,,Boys,2012(U14/15),3 South,590
Copley Road Soccer Complex (11v11 field 5),8/16/26,Sun,5:30 PM,9201,Akron Inner City,,Wadsworth   KOV,,Girls,2012(U14/15),4 South,590
Copley Road Soccer Complex (11v11 field 5),8/17/26,Mon,6:30 PM,13218,Akron Inner City,,Rootstown,,Boys,2012(U14/15),3 South,590
Copley Road Soccer Complex (11v11 field 5),8/22/26,Sat,2:00 PM,5701,Akron Inner City,,Stow   Mar,,Boys,2014(U13),2,590
Copley Road Soccer Complex (11v11 field 5),8/23/26,Sun,4:00 PM,5705,Akron Inner City,,North Royalton,,Boys,2014(U13),2,590
Copley Road Soccer Complex (11v11 field 5),8/26/26,Wed,6:30 PM,13211,Akron Inner City,,Cuyahoga Falls   JS,,Boys,2012(U14/15),3 South,590
Copley Road Soccer Complex (11v11 field 5),8/30/26,Sun,2:30 PM,5716,Akron Inner City,,Solon United,,Boys,2014(U13),2,590
Copley Road Soccer Complex (11v11 field 5),8/30/26,Sun,3:00 PM,9216,Akron Inner City,,Northwest,,Girls,2012(U14/15),4 South,590
Copley Road Soccer Complex (11v11 field 5),9/13/26,Sun,2:30 PM,9219,Akron Inner City,,Copley,,Girls,2012(U14/15),4 South,590
Copley Road Soccer Complex (11v11 field 5),9/13/26,Sun,5:30 PM,5719,Akron Inner City,,North Olmsted,,Boys,2014(U13),2,590
Copley Road Soccer Complex (11v11 field 5),10/11/26,Sun,2:30 PM,13229,Akron Inner City,,Brecksville Bees SA,,Boys,2012(U14/15),3 South,590
Copley Road Soccer Complex (11v11 field 5),10/18/26,Sun,2:00 PM,9205,Akron Inner City,,Buckeye,,Girls,2012(U14/15),4 South,590
Copley Road Soccer Complex (7v7 field 3),8/16/26,Sun,2:30 PM,10202,Akron Inner City,,Brecksville Bees SA,,Boys,2018(U09),4 South EN,590
Copley Road Soccer Complex (7v7 field 3),8/16/26,Sun,4:00 PM,10701,Akron Inner City,,Cuyahoga Falls   MG,,Boys,2017(U10),3 South,590
Copley Road Soccer Complex (7v7 field 3),8/23/26,Sun,2:30 PM,10705,Akron Inner City,,Ashland,,Boys,2017(U10),3 South,590
Copley Road Soccer Complex (7v7 field 3),8/25/26,Tue,6:30 PM,10211,Akron Inner City,,Stow   Whte,,Boys,2018(U09),4 South EN,590
Copley Road Soccer Complex (7v7 field 3),8/30/26,Sun,2:30 PM,9510,Akron Inner City,,Copley,,Boys,2019(U08),South E,590
Copley Road Soccer Complex (7v7 field 3),8/30/26,Sun,2:30 PM,1010,Akron Inner City,,Stow   Gold,,Girls,2018(U09),5 South EV,590
Copley Road Soccer Complex (7v7 field 3),8/30/26,Sun,4:00 PM,10716,Akron Inner City,,Brunswick   WHT,,Boys,2017(U10),3 South,590
Copley Road Soccer Complex (7v7 field 3),9/12/26,Sat,2:00 PM,9515,Akron Inner City,,Revere,,Boys,2019(U08),South E,590
Copley Road Soccer Complex (7v7 field 3),9/13/26,Sun,4:00 PM,10218,Akron Inner City,,Cuyahoga Falls   DW,,Boys,2018(U09),4 South EN,590
Copley Road Soccer Complex (7v7 field 3),9/20/26,Sun,2:30 PM,10222,Akron Inner City,,Highland   SR1,,Boys,2018(U09),4 South EN,590
Copley Road Soccer Complex (7v7 field 3),9/27/26,Sun,2:30 PM,9520,Akron Inner City,,Highland   NN1,,Boys,2019(U08),South E,590
Copley Road Soccer Complex (7v7 field 3),9/27/26,Sun,4:30 PM,1020,Akron Inner City,,Medina   U8GY,,Girls,2018(U09),5 South EV,590
Copley Road Soccer Complex (7v7 field 3),10/9/26,Fri,6:00 PM,1024,Akron Inner City,,Norton,,Girls,2018(U09),5 South EV,590
Copley Road Soccer Complex (7v7 field 3),10/11/26,Sun,2:30 PM,9524,Akron Inner City,,Medina   8Gld,,Boys,2019(U08),South E,590
Copley Road Soccer Complex (7v7 field 3),10/17/26,Sat,1:00 PM,10719,Akron Inner City,,Norton,,Boys,2017(U10),3 South,590
Copley Road Soccer Complex (7v7 field 3),10/18/26,Sun,4:00 PM,1015,Akron Inner City,,Wadsworth   ACC,,Girls,2018(U09),5 South EV,590
Copley Road Soccer Complex (9v9 field 1),8/22/26,Sat,2:00 PM,12404,Akron Inner City,,Revere   BLUE,,Boys,2015(U12),5 South,590
Copley Road Soccer Complex (9v9 field 1),8/23/26,Sun,4:00 PM,12406,Akron Inner City,,Dover,,Boys,2015(U12),5 South,590
Copley Road Soccer Complex (9v9 field 1),8/30/26,Sun,5:30 PM,12416,Akron Inner City,,Cloverleaf,,Boys,2015(U12),5 South,590
Copley Road Soccer Complex (9v9 field 1),9/10/26,Thu,6:00 PM,8113,Akron Inner City,,Norton,,Girls,2016(U11),4 South,590
Copley Road Soccer Complex (9v9 field 1),9/12/26,Sat,2:00 PM,8109,Akron Inner City,,Revere,,Girls,2016(U11),4 South,590
Copley Road Soccer Complex (9v9 field 1),9/20/26,Sun,3:00 PM,12427,Akron Inner City,,North Canton,,Boys,2015(U12),5 South,590
Copley Road Soccer Complex (9v9 field 1),9/27/26,Sun,4:00 PM,8126,Akron Inner City,,Dover   SM,,Girls,2016(U11),4 South,590
Copley Road Soccer Complex (9v9 field 1),10/10/26,Sat,1:00 PM,8131,Akron Inner City,,Cloverleaf,,Girls,2016(U11),4 South,590
Courtland Oval Field (Courtland West),8/16/26,Sun,11:30 AM,7103,Shaker Hts.   RED,,West Geauga,,Girls,2018(U09),5 East,318
Courtland Oval Field (Courtland West),8/16/26,Sun,1:00 PM,702,Shaker Hts.   BLK,,Strongsville   EE-G,,Girls,2018(U09),2,318
Courtland Oval Field (Courtland West),8/16/26,Sun,2:30 PM,202,Shaker Hts.   BLK,,Solon United,,Boys,2019(U08),East,318
Courtland Oval Field (Courtland West),8/16/26,Sun,4:00 PM,3704,Shaker Hts.   BLK,,Strongsville   CF,,Boys,2018(U09),2,318
Courtland Oval Field (Courtland West),8/16/26,Sun,5:30 PM,10102,Shaker Hts.   RED,,Riverside,,Boys,2018(U09),4 East,318
Courtland Oval Field (Courtland West),8/23/26,Sun,1:00 PM,708,Shaker Hts.   BLK,,North Royalton,,Girls,2018(U09),2,318
Courtland Oval Field (Courtland West),8/23/26,Sun,2:30 PM,203,Shaker Hts.   RED,,Orange,,Boys,2019(U08),East,318
Courtland Oval Field (Courtland West),8/23/26,Sun,4:30 PM,3706,Shaker Hts.   BLK,,Westlake   CG,,Boys,2018(U09),2,318
Courtland Oval Field (Courtland West),8/26/26,Wed,6:30 PM,7108,Shaker Hts.   RED,,Riverside,,Girls,2018(U09),5 East,318
Courtland Oval Field (Courtland West),8/27/26,Thu,6:30 PM,10111,Shaker Hts.   RED,,Eastside Kickers   SEL,,Boys,2018(U09),4 East,318
Courtland Oval Field (Courtland West),8/30/26,Sun,1:00 PM,7112,Shaker Hts.   U8B,,Brecksville Bees SA,,Girls,2018(U09),5 East,318
Courtland Oval Field (Courtland West),8/30/26,Sun,4:15 PM,4208,Shaker Hts.   BLK,,Chagrin Falls,,Boys,2017(U10),2 East,318
Courtland Oval Field (Courtland West),8/30/26,Sun,5:30 PM,1219,Shaker Hts.   BLK,,Westlake   NF,,Girls,2017(U10),2,318
Courtland Oval Field (Courtland West),9/8/26,Tue,6:30 PM,14140,Shaker Hts.   SLV,,Stow   Blck,,Boys,2018(U09),5 East EV,318
Courtland Oval Field (Courtland West),9/13/26,Sun,1:00 PM,206,Shaker Hts.   RED,,Solon United,,Boys,2019(U08),East,318
Courtland Oval Field (Courtland West),9/13/26,Sun,4:00 PM,7113,Shaker Hts.   U8B,,West Geauga,,Girls,2018(U09),5 East,318
Courtland Oval Field (Courtland West),9/13/26,Sun,5:30 PM,1314,Shaker Hts.   RED,,Chagrin Falls,,Girls,2017(U10),3 East,318
Courtland Oval Field (Courtland West),9/13/26,Sun,6:30 PM,210,Shaker Hts.   BLK,,Shaker Hts.   RED,,Boys,2019(U08),East,318
Courtland Oval Field (Courtland West),9/20/26,Sun,9:30 AM,7117,Shaker Hts.   U8B,,Shaker Hts.   RED,,Girls,2018(U09),5 East,318
Courtland Oval Field (Courtland West),9/20/26,Sun,11:30 AM,10122,Shaker Hts.   RED,,Kenston   AT,,Boys,2018(U09),4 East,318
Courtland Oval Field (Courtland West),9/20/26,Sun,1:00 PM,3727,Shaker Hts.   BLK,,Lakewood   B17G,,Boys,2018(U09),2,318
Courtland Oval Field (Courtland West),9/20/26,Sun,2:30 PM,211,Shaker Hts.   RED,,Kenston,,Boys,2019(U08),East,318
Courtland Oval Field (Courtland West),9/20/26,Sun,5:30 PM,1226,Shaker Hts.   BLK,,Rocky River   MRN,,Girls,2017(U10),2,318
Courtland Oval Field (Courtland West),9/27/26,Sun,11:30 AM,4214,Shaker Hts.   BLK,,Twinsburg   Blue,,Boys,2017(U10),2 East,318
Courtland Oval Field (Courtland West),9/27/26,Sun,1:00 PM,10440,Shaker Hts.   WHT,,Geauga Federation SC,,Boys,2018(U09),5 East EN,318
Courtland Oval Field (Courtland West),9/27/26,Sun,2:30 PM,7119,Shaker Hts.   U8B,,Chagrin Falls,,Girls,2018(U09),5 East,318
Courtland Oval Field (Courtland West),10/11/26,Sun,11:30 AM,1322,Shaker Hts.   RED,,Warren,,Girls,2017(U10),3 East,318
Courtland Oval Field (Courtland West),10/11/26,Sun,1:00 PM,739,Shaker Hts.   BLK,,Avon,,Girls,2018(U09),2,318
Courtland Oval Field (Courtland West),10/11/26,Sun,2:30 PM,215,Shaker Hts.   BLK,,Orange,,Boys,2019(U08),East,318
Courtland Oval Field (Courtland West),10/11/26,Sun,5:30 PM,7740,Shaker Hts.   WHT,,Tallmadge,,Girls,2017(U10),5 East,318
Courtland Oval Field (Courtland West),10/18/26,Sun,1:00 PM,7125,Shaker Hts.   RED,,Brecksville Bees SA,,Girls,2018(U09),5 East,318
Courtland Oval Field (Courtland West),10/18/26,Sun,2:30 PM,218,Shaker Hts.   BLK,,Kenston,,Boys,2019(U08),East,318
Courtland Oval Field (Courtland West),10/18/26,Sun,2:30 PM,10118,Shaker Hts.   RED,,North Royalton,,Boys,2018(U09),4 East,318
Courtland Oval Field (Courtland West),10/18/26,Sun,4:00 PM,3716,Shaker Hts.   BLK,,North Royalton,,Boys,2018(U09),2,318
Courtland Oval Field (Courtland West),10/18/26,Sun,4:00 PM,1232,Shaker Hts.   BLK,,Avon Lake,,Girls,2017(U10),2,318
Courtland Oval Field (Courtland West),10/18/26,Sun,5:30 PM,724,Shaker Hts.   BLK,,Rocky River   MRN,,Girls,2018(U09),2,318
Courtland Oval Field (Courtland West),10/25/26,Sun,1:00 PM,7128,Shaker Hts.   RED,,Shaker Hts.   U8B,,Girls,2018(U09),5 East,318
Courtland Oval Field (Courtland West),10/25/26,Sun,2:30 PM,220,Shaker Hts.   RED,,Shaker Hts.   BLK,,Boys,2019(U08),East,318
Courtland Oval Field (Courtland West),10/25/26,Sun,4:00 PM,4219,Shaker Hts.   BLK,,Wickliffe,,Boys,2017(U10),2 East,318
Cove Park (Grass Field - 7v7),8/25/26,Tue,6:30 PM,3911,Lakewood   B17P,,Rocky River   WHT,,Boys,2018(U09),4 West EN,312
Cove Park (Grass Field - 7v7),8/26/26,Wed,6:30 PM,15005,Lakewood   G16G,,North Royalton,,Girls,2017(U10),3 West,312
Cove Park (Grass Field - 7v7),8/27/26,Thu,6:30 PM,4310,Lakewood   B16P,,Port Clinton   RED,,Boys,2017(U10),3 West,312
Crestview Elementary (9v9),8/16/26,Sun,10:00 AM,1703,Brunswick,,Cuyahoga Falls   RV,,Girls,2016(U11),2,254
Crestview Elementary (9v9),8/16/26,Sun,4:00 PM,5104,Brunswick   RYL,,Strongsville   NB,,Boys,2015(U12),1,254
Crestview Elementary (9v9),8/16/26,Sun,5:30 PM,12201,Brunswick   WHT,,New Philadelphia   MM,,Boys,2015(U12),4 South EV,254
Crestview Elementary (9v9),8/23/26,Sun,11:00 AM,8808,Brunswick   WHT,,Nordonia,,Girls,2015(U12),5,254
Crestview Elementary (9v9),8/23/26,Sun,1:00 PM,4907,Brunswick   WHT,,LaGrange,,Boys,2016(U11),4 West,254
Crestview Elementary (9v9),8/23/26,Sun,4:00 PM,5106,Brunswick   RYL,,Orange,,Boys,2015(U12),1,254
Crestview Elementary (9v9),8/23/26,Sun,5:30 PM,1709,Brunswick,,Bay Village   AC,,Girls,2016(U11),2,254
Crestview Elementary (9v9),8/26/26,Wed,6:30 PM,11809,Brunswick   RYL,,Highland   KW1,,Boys,2016(U11),2 South,254
Crestview Elementary (9v9),8/27/26,Thu,6:30 PM,8507,Brunswick   RYL,,Highland   BD1,,Girls,2015(U12),3 South,254
Crestview Elementary (9v9),8/30/26,Sun,11:30 AM,8815,Brunswick   WHT,,Amherst,,Girls,2015(U12),5,254
Crestview Elementary (9v9),8/30/26,Sun,2:30 PM,1720,Brunswick,,Westlake   PD,,Girls,2016(U11),2,254
Crestview Elementary (9v9),9/2/26,Wed,6:15 PM,5114,Brunswick   RYL,,Lakewood   B14G,,Boys,2015(U12),1,254
Crestview Elementary (9v9),9/3/26,Thu,6:30 PM,8501,Brunswick   RYL,,Columbia Station,,Girls,2015(U12),3 South,254
Crestview Elementary (9v9),9/10/26,Thu,6:30 PM,4903,Brunswick   WHT,,Bay Village   KD,,Boys,2016(U11),4 West,254
Crestview Elementary (9v9),9/13/26,Sun,1:00 PM,12213,Brunswick   WHT,,Lake Select SC   U12,,Boys,2015(U12),4 South EV,254
Crestview Elementary (9v9),9/13/26,Sun,4:00 PM,8513,Brunswick   RYL,,New Philadelphia   KB,,Girls,2015(U12),3 South,254
Crestview Elementary (9v9),9/18/26,Fri,6:15 PM,11813,Brunswick   RYL,,Ashland,,Boys,2016(U11),2 South,254
Crestview Elementary (9v9),9/20/26,Sun,1:00 PM,8823,Brunswick   WHT,,West Geauga,,Girls,2015(U12),5,254
Crestview Elementary (9v9),9/20/26,Sun,2:30 PM,4924,Brunswick   WHT,,Parma,,Boys,2016(U11),4 West,254
Crestview Elementary (9v9),9/21/26,Mon,6:30 PM,5127,Brunswick   RYL,,NP Aurora,,Boys,2015(U12),1,254
Crestview Elementary (9v9),9/27/26,Sun,1:00 PM,11826,Brunswick   RYL,,Independence,,Boys,2016(U11),2 South,254
Crestview Elementary (9v9),9/27/26,Sun,2:30 PM,4925,Brunswick   WHT,,Fairview Park,,Boys,2016(U11),4 West,254
Crestview Elementary (9v9),9/27/26,Sun,4:00 PM,8519,Brunswick   RYL,,Medina   12GN,,Girls,2015(U12),3 South,254
Crestview Elementary (9v9),9/27/26,Sun,5:30 PM,12219,Brunswick   WHT,,Copley,,Boys,2015(U12),4 South EV,254
Crestview Elementary (9v9),10/11/26,Sun,2:30 PM,1740,Brunswick,,Olmsted Falls   Blue,,Girls,2016(U11),2,254
Crestview Elementary (9v9),10/11/26,Sun,4:00 PM,8832,Brunswick   WHT,,Lakewood   G14P,,Girls,2015(U12),5,254
Crestview Elementary (9v9),10/11/26,Sun,5:30 PM,11831,Brunswick   RYL,,Wadsworth   GAR,,Boys,2016(U11),2 South,254
Crestview Elementary (9v9),10/18/26,Sun,2:30 PM,12207,Brunswick   WHT,,Jackson,,Boys,2015(U12),4 South EV,254
Crossroads Soccer Fields Doylestown (Crossroads 9v9),8/25/26,Tue,6:30 PM,8915,Chippewa,,Dover,,Girls,2015(U12),5 South,582
Crossroads Soccer Fields Doylestown (Crossroads 9v9),9/13/26,Sun,4:00 PM,8921,Chippewa,,Eagles Select   U12,,Girls,2015(U12),5 South,582
Crossroads Soccer Fields Doylestown (Crossroads 9v9),9/27/26,Sun,4:30 PM,8931,Chippewa,,Highland   BM1,,Girls,2015(U12),5 South,582
Crossroads Soccer Fields Doylestown (Crossroads 9v9),10/11/26,Sun,2:30 PM,8938,Chippewa,,Green,,Girls,2015(U12),5 South,582
DePaola Park  ( DePaola #3),8/23/26,Sun,1:00 PM,15106,Amherst,,Port Clinton,,Girls,2017(U10),4 West EV,298
DePaola Park  ( DePaola #3),8/23/26,Sun,2:30 PM,4407,Amherst,,Westlake   MV,,Boys,2017(U10),4 West,298
DePaola Park  ( DePaola #3),8/25/26,Tue,6:30 PM,4309,Amherst,,Bay Village   JH,,Boys,2017(U10),3 West,298
DePaola Park  ( DePaola #3),8/26/26,Wed,6:30 PM,15109,Amherst,,Avon Lake,,Girls,2017(U10),4 West EV,298
DePaola Park  ( DePaola #3),8/30/26,Sun,11:30 AM,15111,Amherst,,Westlake   BL,,Girls,2017(U10),4 West EV,298
DePaola Park  ( DePaola #3),8/30/26,Sun,1:00 PM,4419,Amherst,,Olmsted Falls   Gold,,Boys,2017(U10),4 West,298
DePaola Park  ( DePaola #3),9/10/26,Thu,6:30 PM,4313,Amherst,,Firelands,,Boys,2017(U10),3 West,298
DePaola Park  ( DePaola #3),9/20/26,Sun,11:00 AM,15116,Amherst,,Avon,,Girls,2017(U10),4 West EV,298
DePaola Park  ( DePaola #3),9/20/26,Sun,2:30 PM,4426,Amherst,,Avon,,Boys,2017(U10),4 West,298
DePaola Park  ( DePaola #3),9/27/26,Sun,1:00 PM,4432,Amherst,,North Olmsted,,Boys,2017(U10),4 West,298
DePaola Park  ( DePaola #3),10/11/26,Sun,2:30 PM,4331,Amherst,,Avon Lake,,Boys,2017(U10),3 West,298
DePaola Park  (DePaola #4),9/27/26,Sun,1:00 PM,4326,Amherst,,Rocky River   MRN,,Boys,2017(U10),3 West,298
DePaola Park  (DePaola #7),8/16/26,Sun,2:30 PM,1801,Amherst,,Parma,,Girls,2016(U11),3 West,298
DePaola Park  (DePaola #7),8/23/26,Sun,4:00 PM,5407,Amherst,,Fairview Park,,Boys,2015(U12),4 West,298
DePaola Park  (DePaola #7),8/30/26,Sun,11:30 AM,5312,Amherst,,Olmsted Falls   Blue,,Boys,2015(U12),3 West,298
DePaola Park  (DePaola #7),9/3/26,Thu,6:30 PM,5403,Amherst,,Westlake   ZA,,Boys,2015(U12),4 West,298
DePaola Park  (DePaola #7),9/14/26,Mon,6:30 PM,1807,Amherst,,North Royalton,,Girls,2016(U11),3 West,298
DePaola Park  (DePaola #7),9/20/26,Sun,2:30 PM,8821,Amherst,,Wickliffe,,Girls,2015(U12),5,298
DePaola Park  (DePaola #7),9/20/26,Sun,5:30 PM,5424,Amherst,,Rocky River   WHT,,Boys,2015(U12),4 West,298
DePaola Park  (DePaola #7),9/21/26,Mon,6:00 PM,4921,Amherst,,LaGrange,,Boys,2016(U11),4 West,298
DePaola Park  (DePaola #7),9/27/26,Sun,4:00 PM,1819,Amherst,,Bay Village   CM,,Girls,2016(U11),3 West,298
DePaola Park  (DePaola #7),9/27/26,Sun,5:30 PM,5425,Amherst,,TUSA,,Boys,2015(U12),4 West,298
DePaola Park  (DePaola #7),10/1/26,Thu,6:30 PM,5308,Amherst,,Westlake   TM,,Boys,2015(U12),3 West,298
DePaola Park  (DePaola #7),10/5/26,Mon,6:15 PM,5318,Amherst,,Bay Village   AC,,Boys,2015(U12),3 West,298
DePaola Park  (DePaola #7),10/11/26,Sun,1:00 PM,4930,Amherst,,North Olmsted,,Boys,2016(U11),4 West,298
DePaola Park  (DePaola #7),10/11/26,Sun,5:00 PM,8830,Amherst,,Nordonia,,Girls,2015(U12),5,298
DePaola Park  (DePaola #7),10/18/26,Sun,11:30 AM,4912,Amherst,,Brunswick   WHT,,Boys,2016(U11),4 West,298
Deeds Field (Dover Deeds Field U11/U12 Field),8/16/26,Sun,1:00 PM,8904,Dover,,Eagles Select   U12,,Girls,2015(U12),5 South,596
Deeds Field (Dover Deeds Field U11/U12 Field),8/23/26,Sun,2:30 PM,8906,Dover,,Manchester,,Girls,2015(U12),5 South,596
Deeds Field (Dover Deeds Field U11/U12 Field),8/25/26,Tue,6:30 PM,11712,Dover,,PLX United,,Boys,2016(U11),5 South,596
Deeds Field (Dover Deeds Field U11/U12 Field),8/26/26,Wed,6:30 PM,8112,Dover   SM,,Cloverleaf,,Girls,2016(U11),4 South,596
Deeds Field (Dover Deeds Field U11/U12 Field),8/27/26,Thu,6:30 PM,8110,Dover   TM,,Perry (Stark),,Girls,2016(U11),4 South,596
Deeds Field (Dover Deeds Field U11/U12 Field),8/28/26,Fri,6:30 PM,12414,Dover,,Perry (Stark),,Boys,2015(U12),5 South,596
Deeds Field (Dover Deeds Field U11/U12 Field),9/13/26,Sun,2:30 PM,11723,Dover,,Cloverleaf,,Boys,2016(U11),5 South,596
Deeds Field (Dover Deeds Field U11/U12 Field),9/13/26,Sun,4:00 PM,8120,Dover   TM,,Akron Inner City,,Girls,2016(U11),4 South,596
Deeds Field (Dover Deeds Field U11/U12 Field),9/13/26,Sun,5:30 PM,12425,Dover,,Eagles Select   U12,,Boys,2015(U12),5 South,596
Deeds Field (Dover Deeds Field U11/U12 Field),9/20/26,Sun,11:30 AM,12430,Dover,,Highland   CM1,,Boys,2015(U12),5 South,596
Deeds Field (Dover Deeds Field U11/U12 Field),9/20/26,Sun,1:00 PM,11728,Dover,,Southeast,,Boys,2016(U11),5 South,596
Deeds Field (Dover Deeds Field U11/U12 Field),9/23/26,Wed,6:00 PM,8121,Dover   SM,,Dover   TM,,Girls,2016(U11),4 South,596
Deeds Field (Dover Deeds Field U11/U12 Field),9/27/26,Sun,2:30 PM,8128,Dover   TM,,Norton,,Girls,2016(U11),4 South,596
Deeds Field (Dover Deeds Field U11/U12 Field),9/27/26,Sun,4:00 PM,12434,Dover,,North Canton,,Boys,2015(U12),5 South,596
Deeds Field (Dover Deeds Field U11/U12 Field),10/10/26,Sat,2:30 PM,8927,Dover,,Fairless,,Girls,2015(U12),5 South,596
Deeds Field (Dover Deeds Field U11/U12 Field),10/11/26,Sun,11:30 AM,11736,Dover,,Barberton,,Boys,2016(U11),5 South,596
Deeds Field (Dover Deeds Field U11/U12 Field),10/11/26,Sun,1:00 PM,8130,Dover   SM,,Norton,,Girls,2016(U11),4 South,596
Deeds Field (Dover Deeds Field U11/U12 Field),10/17/26,Sat,2:00 PM,8129,Dover   TM,,Revere,,Girls,2016(U11),4 South,596
Deeds Field (Dover Deeds Field U11/U12 Field),10/18/26,Sun,1:00 PM,8916,Dover,,Copley,,Girls,2015(U12),5 South,596
Deeds Field (Dover Deeds Field U11/U12 Field),10/18/26,Sun,2:30 PM,8117,Dover   SM,,Green,,Girls,2016(U11),4 South,596
Deeds Field (Dover Deeds Field U9/U10 Field 7v7),8/16/26,Sun,2:30 PM,7605,Dover,,Revere,,Girls,2017(U10),5 South,596
Deeds Field (Dover Deeds Field U9/U10 Field 7v7),8/31/26,Mon,6:30 PM,7611,Dover,,Highland   JM1,,Girls,2017(U10),5 South,596
Deeds Field (Dover Deeds Field U9/U10 Field 7v7),9/16/26,Wed,6:30 PM,7622,Dover,,Perry (Stark),,Girls,2017(U10),5 South,596
Deeds Field (Dover Deeds Field U9/U10 Field 7v7),10/11/26,Sun,2:30 PM,7637,Dover,,Lake Select SC   U10,,Girls,2017(U10),5 South,596
Denison Park (Denison A),8/16/26,Sun,5:30 PM,9105,Eastside Kickers,,Aurora,,Girls,2012(U14/15),4 East,61
Denison Park (Denison A),8/30/26,Sun,12:00 PM,13313,Eastside Kickers,,Geneva,,Boys,2012(U14/15),4 East,61
Denison Park (Denison A),8/30/26,Sun,4:00 PM,10814,Eastside Kickers,,Madison,,Boys,2017(U10),4 East EV,61
Denison Park (Denison A),9/3/26,Thu,6:30 PM,9111,Eastside Kickers,,Nordonia,,Girls,2012(U14/15),4 East,61
Denison Park (Denison A),9/13/26,Sun,4:00 PM,12909,Eastside Kickers,,Mentor,,Boys,2014(U13),5 East,61
Denison Park (Denison A),9/13/26,Sun,5:30 PM,9122,Eastside Kickers,,Solon United,,Girls,2012(U14/15),4 East,61
Denison Park (Denison A),9/27/26,Sun,11:30 AM,12913,Eastside Kickers,,North Royalton,,Boys,2014(U13),5 East,61
Denison Park (Denison A),9/27/26,Sun,5:30 PM,13326,Eastside Kickers,,Mentor,,Boys,2012(U14/15),4 East,61
Denison Park (Denison A),10/11/26,Sun,11:30 AM,9137,Eastside Kickers,,Riverside,,Girls,2012(U14/15),4 East,61
Denison Park (Denison A),10/18/26,Sun,12:00 PM,12917,Eastside Kickers,,Shaker Hts.   WHT,,Boys,2014(U13),5 East,61
Denison Park (Denison A),10/18/26,Sun,2:00 PM,13331,Eastside Kickers,,Stow   Mar,,Boys,2012(U14/15),4 East,61
Desan Park (DeSan Park),8/16/26,Sun,1:00 PM,10104,Eastside Kickers   SEL,,Solon United,,Boys,2018(U09),4 East,654
Desan Park (DeSan Park),8/23/26,Sun,1:00 PM,10106,Eastside Kickers   SEL,,Streetsboro,,Boys,2018(U09),4 East,654
Desan Park (DeSan Park),8/25/26,Tue,6:30 PM,7712,Eastside Kickers   SEL,,Nordonia,,Girls,2017(U10),5 East,654
Desan Park (DeSan Park),8/30/26,Sun,2:30 PM,10114,Eastside Kickers   SEL,,Aurora,,Boys,2018(U09),4 East,654
Desan Park (DeSan Park),9/13/26,Sun,1:00 PM,7723,Eastside Kickers   SEL,,Tallmadge,,Girls,2017(U10),5 East,654
Desan Park (DeSan Park),9/13/26,Sun,4:00 PM,14315,Eastside Kickers   SEL,,Stow   Gold,,Boys,2017(U10),4 East EN,654
Desan Park (DeSan Park),9/19/26,Sat,5:00 PM,7728,Eastside Kickers   SEL,,Rootstown,,Girls,2017(U10),5 East,654
Desan Park (DeSan Park),9/27/26,Sun,2:30 PM,10127,Eastside Kickers   SEL,,Kenston   AT,,Boys,2018(U09),4 East,654
Desan Park (DeSan Park),9/27/26,Sun,4:00 PM,14320,Eastside Kickers   SEL,,Twinsburg   WHTE,,Boys,2017(U10),4 East EN,654
Desan Park (DeSan Park),10/11/26,Sun,6:00 PM,7736,Eastside Kickers   SEL,,West Geauga,,Girls,2017(U10),5 East,654
Desan Park (DeSan Park),10/15/26,Thu,6:00 PM,14324,Eastside Kickers   SEL,,Chagrin Falls,,Boys,2017(U10),4 East EN,654
Dodge Intermediate School  (Dodge Front A),8/16/26,Sun,11:30 AM,15001,Twinsburg   Blue,,Westlake   JD,,Girls,2017(U10),3 West,178
Dodge Intermediate School  (Dodge Front A),8/16/26,Sun,2:30 PM,6803,Twinsburg,,Orange,,Girls,2018(U09),4 East,178
Dodge Intermediate School  (Dodge Front A),8/23/26,Sun,11:30 AM,14305,Twinsburg   WHTE,,Eastside Kickers   SEL,,Boys,2017(U10),4 East EN,178
Dodge Intermediate School  (Dodge Front A),8/23/26,Sun,1:00 PM,14108,Twinsburg   WHTE,,Madison,,Boys,2018(U09),5 East EV,178
Dodge Intermediate School  (Dodge Front A),8/23/26,Sun,1:00 PM,4204,Twinsburg   Blue,,Shaker Hts.   BLK,,Boys,2017(U10),2 East,178
Dodge Intermediate School  (Dodge Front A),8/23/26,Sun,5:30 PM,6807,Twinsburg,,Hudson   CHIW,,Girls,2018(U09),4 East,178
Dodge Intermediate School  (Dodge Front A),8/27/26,Thu,6:30 PM,7714,Twinsburg   WHT,,Rootstown,,Girls,2017(U10),5 East,178
Dodge Intermediate School  (Dodge Front A),8/30/26,Sun,4:00 PM,15008,Twinsburg   Blue,,North Royalton,,Girls,2017(U10),3 West,178
Dodge Intermediate School  (Dodge Front A),9/13/26,Sun,1:00 PM,7725,Twinsburg   WHT,,Brecksville Bees SA,,Girls,2017(U10),5 East,178
Dodge Intermediate School  (Dodge Front A),9/13/26,Sun,5:00 PM,14124,Twinsburg   WHTE,,Shaker Hts.   SLV,,Boys,2018(U09),5 East EV,178
Dodge Intermediate School  (Dodge Front A),9/19/26,Sat,4:30 PM,15019,Twinsburg   Blue,,Lakewood   G16G,,Girls,2017(U10),3 West,178
Dodge Intermediate School  (Dodge Front A),9/20/26,Sun,4:00 PM,6824,Twinsburg,,Geauga Federation SC,,Girls,2018(U09),4 East,178
Dodge Intermediate School  (Dodge Front A),9/20/26,Sun,5:30 PM,7730,Twinsburg   WHT,,Willoughby,,Girls,2017(U10),5 East,178
Dodge Intermediate School  (Dodge Front A),9/27/26,Sun,11:30 AM,15014,Twinsburg   Blue,,Brunswick   WHT,,Girls,2017(U10),3 West,178
Dodge Intermediate School  (Dodge Front A),9/27/26,Sun,1:00 PM,10441,Twinsburg   Blue,,Stow   Gold,,Boys,2018(U09),5 East EN,178
Dodge Intermediate School  (Dodge Front A),9/27/26,Sun,2:30 PM,6825,Twinsburg,,Solon United,,Girls,2018(U09),4 East,178
Dodge Intermediate School  (Dodge Front A),9/27/26,Sun,4:00 PM,7734,Twinsburg   WHT,,Nordonia,,Girls,2017(U10),5 East,178
Dodge Intermediate School  (Dodge Front A),10/11/26,Sun,11:30 AM,14322,Twinsburg   WHTE,,Shaker Hts.   WHT,,Boys,2017(U10),4 East EN,178
Dodge Intermediate School  (Dodge Front A),10/11/26,Sun,4:00 PM,14139,Twinsburg   WHTE,,West Geauga,,Boys,2018(U09),5 East EV,178
Dodge Intermediate School  (Dodge Front A),10/25/26,Sun,11:30 AM,10415,Twinsburg   Blue,,Geneva,,Boys,2018(U09),5 East EN,178
Dodge Intermediate School  (Dodge Front B),8/16/26,Sun,1:00 PM,14102,Twinsburg   WHTE,,Mayfield   RC,,Boys,2018(U09),5 East EV,178
Dodge Intermediate School  (Dodge Front B),8/16/26,Sun,4:00 PM,14303,Twinsburg   WHTE,,Chagrin Falls,,Boys,2017(U10),4 East EN,178
Dodge Intermediate School  (Dodge Front B),8/30/26,Sun,2:30 PM,10422,Twinsburg   Blue,,Orange,,Boys,2018(U09),5 East EN,178
Dodge Intermediate School  (Dodge Front B),9/13/26,Sun,2:30 PM,4207,Twinsburg   Blue,,Wickliffe,,Boys,2017(U10),2 East,178
Dodge Intermediate School  (Dodge Front B),9/13/26,Sun,4:00 PM,14314,Twinsburg   WHTE,,Wickliffe,,Boys,2017(U10),4 East EN,178
Dodge Intermediate School  (Dodge Front B),9/20/26,Sun,1:00 PM,4212,Twinsburg   Blue,,Chagrin Falls,,Boys,2017(U10),2 East,178
Dodge Intermediate School  (Dodge Front B),10/11/26,Sun,11:30 AM,10446,Twinsburg   Blue,,Shaker Hts.   WHT,,Boys,2018(U09),5 East EN,178
Dodge Intermediate School  (Dodge Front B),10/18/26,Sun,10:30 AM,4216,Twinsburg   Blue,,Warren,,Boys,2017(U10),2 East,178
Doylestown Memorial Turf Stadium (Doylestown Memorial Turf Stadium),8/16/26,Sun,6:00 PM,3303,Chippewa,,Highland   DE1,,Girls,2012(U14/15),3,581
Doylestown Memorial Turf Stadium (Doylestown Memorial Turf Stadium),8/23/26,Sun,4:00 PM,9407,Chippewa,,Cuyahoga Falls   EK,,Girls,2012(U14/15),5 South,581
Doylestown Memorial Turf Stadium (Doylestown Memorial Turf Stadium),8/23/26,Sun,6:00 PM,3307,Chippewa,,Strongsville   GS,,Girls,2012(U14/15),3,581
Doylestown Memorial Turf Stadium (Doylestown Memorial Turf Stadium),9/15/26,Tue,6:30 PM,9403,Chippewa,,Manchester,,Girls,2012(U14/15),5 South,581
Doylestown Memorial Turf Stadium (Doylestown Memorial Turf Stadium),9/20/26,Sun,12:00 PM,3324,Chippewa,,Avon Lake,,Girls,2012(U14/15),3,581
Doylestown Memorial Turf Stadium (Doylestown Memorial Turf Stadium),9/20/26,Sun,2:00 PM,9424,Chippewa,,Green,,Girls,2012(U14/15),5 South,581
Doylestown Memorial Turf Stadium (Doylestown Memorial Turf Stadium),9/27/26,Sun,1:00 PM,9425,Chippewa,,PLX United,,Girls,2012(U14/15),5 South,581
Doylestown Memorial Turf Stadium (Doylestown Memorial Turf Stadium),9/27/26,Sun,4:00 PM,3325,Chippewa,,Parma,,Girls,2012(U14/15),3,581
Dudley Park (Dudley Park 7v7),8/25/26,Tue,6:30 PM,4205,Wickliffe,,Chagrin Falls,,Boys,2017(U10),2 East,689
Dudley Park (Dudley Park 7v7),8/27/26,Thu,6:30 PM,14309,Wickliffe,,Eastside Kickers   SEL,,Boys,2017(U10),4 East EN,689
Dudley Park (Dudley Park 7v7),8/30/26,Sun,4:30 PM,10424,Wickliffe,,Shaker Hts.   WHT,,Boys,2018(U09),5 East EN,689
Dudley Park (Dudley Park 7v7),8/30/26,Sun,5:30 PM,14311,Wickliffe,,Stow   Gold,,Boys,2017(U10),4 East EN,689
Dudley Park (Dudley Park 7v7),9/13/26,Sun,10:00 AM,4209,Wickliffe,,Shaker Hts.   BLK,,Boys,2017(U10),2 East,689
Dudley Park (Dudley Park 7v7),9/13/26,Sun,2:30 PM,10428,Wickliffe,,Orange,,Boys,2018(U09),5 East EN,689
Dudley Park (Dudley Park 7v7),9/20/26,Sun,11:30 AM,14316,Wickliffe,,Shaker Hts.   WHT,,Boys,2017(U10),4 East EN,689
Dudley Park (Dudley Park 7v7),9/27/26,Sun,11:00 AM,4213,Wickliffe,,Warren,,Boys,2017(U10),2 East,689
Dudley Park (Dudley Park 7v7),10/18/26,Sun,2:30 PM,4217,Wickliffe,,Twinsburg   Blue,,Boys,2017(U10),2 East,689
Dudley Park (Dudley Park 9v9),8/30/26,Sun,2:30 PM,12120,Wickliffe,,Euclid,,Boys,2015(U12),4 East,689
Dudley Park (Dudley Park 9v9),9/13/26,Sun,1:00 PM,8820,Wickliffe,,West Geauga,,Girls,2015(U12),5,689
Dudley Park (Dudley Park 9v9),9/27/26,Sun,2:30 PM,8828,Wickliffe,,Nordonia,,Girls,2015(U12),5,689
Eastlake Travel Soccer  (Eastlake U11),8/16/26,Sun,10:30 AM,12302,Eastlake,,Shaker Hts.   SLV,,Boys,2015(U12),5 East,9
Eastlake Travel Soccer  (Eastlake U11),8/25/26,Tue,6:30 PM,12311,Eastlake,,Solon United,,Boys,2015(U12),5 East,9
Eastlake Travel Soccer  (Eastlake U11),9/13/26,Sun,2:30 PM,12318,Eastlake,,Mantua,,Boys,2015(U12),5 East,9
Eastlake Travel Soccer  (Eastlake U11),9/20/26,Sun,4:00 PM,12322,Eastlake,,Willoughby,,Boys,2015(U12),5 East,9
Eastlake Travel Soccer  (Lower Field U13),8/23/26,Sun,4:30 PM,13504,Eastlake,,Lakewood   B12P,,Boys,2012(U14/15),5,9
Eastlake Travel Soccer  (Lower Field U13),8/30/26,Sun,2:30 PM,13507,Eastlake,,Rocky River   WHT,,Boys,2012(U14/15),5,9
Eastlake Travel Soccer  (Lower Field U13),9/20/26,Sun,1:00 PM,13512,Eastlake,,Nordonia,,Boys,2012(U14/15),5,9
Eastlake Travel Soccer  (Lower Field U13),10/11/26,Sun,11:00 AM,13516,Eastlake,,Streetsboro,,Boys,2012(U14/15),5,9
Edinburg Park (U10 Field B1),8/16/26,Sun,2:30 PM,11102,Southeast,,Copley,,Boys,2017(U10),5 South EV,587
Edinburg Park (U10 Field B1),8/23/26,Sun,2:30 PM,11104,Southeast,,Hudson   VERL,,Boys,2017(U10),5 South EV,587
Edinburg Park (U10 Field B1),9/8/26,Tue,6:30 PM,11117,Southeast,,Highland   KS2,,Boys,2017(U10),5 South EV,587
Edinburg Park (U10 Field B1),10/1/26,Thu,6:30 PM,11123,Southeast,,Revere   BLUE,,Boys,2017(U10),5 South EV,587
Edinburg Park (U12 Field C1),8/16/26,Sun,1:00 PM,11701,Southeast,,New Philadelphia   TM,,Boys,2016(U11),5 South,587
Edinburg Park (U12 Field C1),8/23/26,Sun,1:00 PM,11710,Southeast,,Barberton,,Boys,2016(U11),5 South,587
Edinburg Park (U12 Field C1),8/30/26,Sun,2:30 PM,11717,Southeast,,Perry (Stark),,Boys,2016(U11),5 South,587
Edinburg Park (U12 Field C1),9/27/26,Sun,2:30 PM,11733,Southeast,,Cloverleaf,,Boys,2016(U11),5 South,587
Edson Park U13/U14 (Field #1),8/22/26,Sat,10:00 AM,9107,Field,,Aurora,,Girls,2012(U14/15),4 East,416
Edson Park U13/U14 (Field #1),8/23/26,Sun,2:30 PM,12508,Field,,Nordonia,,Boys,2014(U13),3 East,416
Edson Park U13/U14 (Field #1),8/30/26,Sun,2:30 PM,12515,Field,,Shaker Hts.   RED,,Boys,2014(U13),3 East,416
Edson Park U13/U14 (Field #1),9/20/26,Sun,2:30 PM,12523,Field,,Geneva,,Boys,2014(U13),3 East,416
Edson Park U13/U14 (Field #1),9/20/26,Sun,5:00 PM,9126,Field,,Nordonia,,Girls,2012(U14/15),4 East,416
Edson Park U13/U14 (Field #1),9/26/26,Sat,5:00 PM,9132,Field,,Eastside Kickers,,Girls,2012(U14/15),4 East,416
Edson Park U13/U14 (Field #1),10/11/26,Sun,2:30 PM,12532,Field,,Riverside   JJ,,Boys,2014(U13),3 East,416
Edson Park U13/U14 (Field #1),10/18/26,Sun,2:30 PM,9119,Field,,West Geauga,,Girls,2012(U14/15),4 East,416
Elmwood Park (Field 2),8/16/26,Sun,2:30 PM,10603,Independence,,Geauga Federation SC,,Boys,2017(U10),3 East,124
Elmwood Park (Field 2),8/23/26,Sun,1:00 PM,10605,Independence,,Riverside   JA,,Boys,2017(U10),3 East,124
Elmwood Park (Field 2),8/23/26,Sun,2:30 PM,1408,Independence,,Orange,,Girls,2017(U10),4 East,124
Elmwood Park (Field 2),8/25/26,Tue,6:30 PM,3909,Independence,,Westlake   TB,,Boys,2018(U09),4 West EN,124
Elmwood Park (Field 2),8/26/26,Wed,6:30 PM,1215,Independence,,Bay Village   BW,,Girls,2017(U10),2,124
Elmwood Park (Field 2),8/30/26,Sun,2:30 PM,3913,Independence,,Lakewood   B17P,,Boys,2018(U09),4 West EN,124
Elmwood Park (Field 2),9/8/26,Tue,6:30 PM,1415,Independence,,Solon United,,Girls,2017(U10),4 East,124
Elmwood Park (Field 2),9/13/26,Sun,1:00 PM,10614,Independence,,Solon United,,Boys,2017(U10),3 East,124
Elmwood Park (Field 2),9/13/26,Sun,6:00 PM,1221,Independence,,Kenston,,Girls,2017(U10),2,124
Elmwood Park (Field 2),9/20/26,Sun,2:30 PM,1423,Independence,,Aurora,,Girls,2017(U10),4 East,124
Elmwood Park (Field 2),9/28/26,Mon,6:30 PM,3926,Independence,,North Olmsted,,Boys,2018(U09),4 West EN,124
Elmwood Park (Field 2),9/30/26,Wed,6:00 PM,1231,Independence,,Olmsted Falls   Blue,,Girls,2017(U10),2,124
Elmwood Park (Field 2),10/11/26,Sun,2:30 PM,3931,Independence,,LaGrange,,Boys,2018(U09),4 West EN,124
Elmwood Park (Field 2),10/11/26,Sun,4:00 PM,1432,Independence,,Geauga Federation SC,,Girls,2017(U10),4 East,124
Elmwood Park (Field 2),10/11/26,Sun,5:30 PM,10622,Independence,,Kenston   BL,,Boys,2017(U10),3 East,124
Elmwood Park (Field 2),10/13/26,Tue,6:30 PM,1238,Independence,,Shaker Hts.   BLK,,Girls,2017(U10),2,124
Elmwood Park (Field 4),8/20/26,Thu,6:30 PM,8401,Independence,,Twinsburg   Blue,,Girls,2015(U12),3 East,124
Elmwood Park (Field 4),8/23/26,Sun,2:30 PM,8419,Independence,,Stow   Mar,,Girls,2015(U12),3 East,124
Elmwood Park (Field 4),8/25/26,Tue,6:30 PM,8407,Independence,,Kenston,,Girls,2015(U12),3 East,124
Elmwood Park (Field 4),9/13/26,Sun,2:30 PM,11817,Independence,,Hudson   PEIG,,Boys,2016(U11),2 South,124
Elmwood Park (Field 4),9/13/26,Sun,4:30 PM,8413,Independence,,Kent   TS,,Girls,2015(U12),3 East,124
Elmwood Park (Field 4),9/20/26,Sun,1:00 PM,11821,Independence,,Broadview Hts.,,Boys,2016(U11),2 South,124
Elmwood Park (Field 4),9/23/26,Wed,6:30 PM,11812,Independence,,Wadsworth   GAR,,Boys,2016(U11),2 South,124
Elmwood Park (Field 4),10/13/26,Tue,6:30 PM,11830,Independence,,Ashland,,Boys,2016(U11),2 South,124
Fairlawn Fields (Fairlawn Field 650),8/26/26,Wed,6:30 PM,13210,Copley,,Perry (Stark),,Boys,2012(U14/15),3 South,165
Fairless High School- Fred Brideweser Stadium (Fairless Brideweser Stadium),8/16/26,Sun,12:00 PM,3001,Fairless,,Medina   13WT,,Girls,2014(U13),4 South,793
Fairless High School- Fred Brideweser Stadium (Fairless Brideweser Stadium),8/30/26,Sun,12:00 PM,13612,Fairless,,Wadsworth   PET,,Boys,2012(U14/15),5 South,793
Fairless High School- Fred Brideweser Stadium (Fairless Brideweser Stadium),9/13/26,Sun,12:00 PM,13619,Fairless,,Highland   CM2,,Boys,2012(U14/15),5 South,793
Fairless High School- Fred Brideweser Stadium (Fairless Brideweser Stadium),9/13/26,Sun,4:00 PM,3013,Fairless,,Buckeye,,Girls,2014(U13),4 South,793
Fairless High School- Fred Brideweser Stadium (Fairless Brideweser Stadium),9/20/26,Sun,12:00 PM,13621,Fairless,,North Canton,,Boys,2012(U14/15),5 South,793
Fairless High School- Fred Brideweser Stadium (Fairless Brideweser Stadium),9/27/26,Sun,4:00 PM,3019,Fairless,,Perry (Stark),,Girls,2014(U13),4 South,793
Fairless High School- Fred Brideweser Stadium (Fairless Brideweser Stadium),10/11/26,Sun,12:00 PM,13630,Fairless,,Lake Select SC   U14,,Boys,2012(U14/15),5 South,793
Fairless High School- Fred Brideweser Stadium (Fairless Brideweser Stadium),10/18/26,Sun,4:00 PM,3007,Fairless,,Ashland,,Girls,2014(U13),4 South,793
Fairview Park High School 11 v 11 (Fairview Park High School),8/16/26,Sun,1:00 PM,5803,Fairview Park,,Bay Village   TH,,Boys,2014(U13),3 West,23
Fairview Park High School 11 v 11 (Fairview Park High School),8/16/26,Sun,2:30 PM,2802,Fairview Park,,Independence,,Girls,2014(U13),3,23
Fairview Park High School 11 v 11 (Fairview Park High School),8/16/26,Sun,4:00 PM,3404,Fairview Park,,Olmsted Falls   Blue,,Girls,2012(U14/15),4 West,23
Fairview Park High School 11 v 11 (Fairview Park High School),8/23/26,Sun,1:00 PM,3410,Fairview Park,,Rocky River   GLD,,Girls,2012(U14/15),4 West,23
Fairview Park High School 11 v 11 (Fairview Park High School),8/23/26,Sun,2:30 PM,5805,Fairview Park,,Avon Lake,,Boys,2014(U13),3 West,23
Fairview Park High School 11 v 11 (Fairview Park High School),9/13/26,Sun,1:00 PM,5814,Fairview Park,,LaGrange,,Boys,2014(U13),3 West,23
Fairview Park High School 11 v 11 (Fairview Park High School),9/13/26,Sun,2:30 PM,2818,Fairview Park,,North Royalton,,Girls,2014(U13),3,23
Fairview Park High School 11 v 11 (Fairview Park High School),9/13/26,Sun,4:00 PM,3429,Fairview Park,,North Ridgeville,,Girls,2012(U14/15),4 West,23
Fairview Park High School 11 v 11 (Fairview Park High School),9/20/26,Sun,11:30 AM,2822,Fairview Park,,Parma,,Girls,2014(U13),3,23
Fairview Park High School 11 v 11 (Fairview Park High School),9/20/26,Sun,1:00 PM,3435,Fairview Park,,Lakewood   G11G,,Girls,2012(U14/15),4 West,23
Fairview Park High School 11 v 11 (Fairview Park High School),9/29/26,Tue,6:00 PM,2811,Fairview Park,,Revere,,Girls,2014(U13),3,23
Fairview Park High School 11 v 11 (Fairview Park High School),10/11/26,Sun,2:30 PM,5822,Fairview Park,,Westlake   DS,,Boys,2014(U13),3 West,23
Field High School  (Field High School),8/16/26,Sun,4:00 PM,8602,Field,,Riverside,,Girls,2015(U12),4 East,607
Field High School  (Field High School),8/24/26,Mon,6:30 PM,8611,Field,,Solon United,,Girls,2015(U12),4 East,607
Field High School  (Field High School),9/13/26,Sun,10:00 AM,8618,Field,,Geauga Federation SC,,Girls,2015(U12),4 East,607
Field High School  (Field High School),9/20/26,Sun,2:30 PM,8622,Field,,Eastside Kickers,,Girls,2015(U12),4 East,607
Firelands High School (FHS: Field 6 (7v7)),8/16/26,Sun,2:30 PM,4302,Firelands,,Rocky River   MRN,,Boys,2017(U10),3 West,758
Firelands High School (FHS: Field 6 (7v7)),8/18/26,Tue,6:30 PM,4311,Firelands,,Sandusky,,Boys,2017(U10),3 West,758
Firelands High School (FHS: Field 6 (7v7)),8/25/26,Tue,6:30 PM,13708,Firelands,,Bay Village   JK,,Boys,2018(U09),4 West EV,758
Firelands High School (FHS: Field 6 (7v7)),8/30/26,Sun,2:30 PM,13712,Firelands,,Avon Lake,,Boys,2018(U09),4 West EV,758
Firelands High School (FHS: Field 6 (7v7)),9/15/26,Tue,6:30 PM,4318,Firelands,,Avon Lake,,Boys,2017(U10),3 West,758
Firelands High School (FHS: Field 6 (7v7)),9/20/26,Sun,4:00 PM,13718,Firelands,,Vermilion,,Boys,2018(U09),4 West EV,758
Firelands High School (FHS: Field 6 (7v7)),9/22/26,Tue,6:00 PM,13721,Firelands,,Westlake   SB,,Boys,2018(U09),4 West EV,758
Firelands High School (FHS: Field 6 (7v7)),9/22/26,Tue,6:30 PM,4322,Firelands,,Bay Village   JH,,Boys,2017(U10),3 West,758
Firelands High School (FHS: Field 7 (9v9)),9/13/26,Sun,6:00 PM,2226,Firelands,,Mayfield   KHO,,Girls,2015(U12),2,758
Firelands High School (FHS: Field 7 (9v9)),9/20/26,Sun,6:15 PM,2232,Firelands,,Hudson   BATS,,Girls,2015(U12),2,758
Firelands High School (FHS: Field 7 (9v9)),9/27/26,Sun,1:00 PM,2238,Firelands,,North Olmsted,,Girls,2015(U12),2,758
Firelands High School (FHS: Field 7 (9v9)),10/18/26,Sun,2:00 PM,2208,Firelands,,Hudson   SFER,,Girls,2015(U12),2,758
Fishcreek Field (7v7),8/23/26,Sun,2:30 PM,7503,Kent   TS,,Copley,,Girls,2017(U10),4 South,481
Fishcreek Field (7v7),8/25/26,Tue,6:30 PM,7506,Kent   TS,,Manchester,,Girls,2017(U10),4 South,481
Fishcreek Field (7v7),9/20/26,Sun,2:30 PM,7511,Kent   TS,,Medina   10WT,,Girls,2017(U10),4 South,481
Fishcreek Field (7v7),10/25/26,Sun,2:30 PM,7520,Kent   TS,,Cuyahoga Falls   SV,,Girls,2017(U10),4 South,481
Foltz Fields (Foltz 1),8/16/26,Sun,2:30 PM,12603,Strongsville   AH,,Wadsworth   LET,,Boys,2014(U13),3 South,230
Foltz Fields (Foltz 1),8/23/26,Sun,2:00 PM,12607,Strongsville   AH,,Revere,,Boys,2014(U13),3 South,230
Foltz Fields (Foltz 1),8/23/26,Sun,4:00 PM,2808,Strongsville   CL,,Fairview Park,,Girls,2014(U13),3,230
Foltz Fields (Foltz 1),8/25/26,Tue,6:30 PM,3310,Strongsville   GS,,Parma,,Girls,2012(U14/15),3,230
Foltz Fields (Foltz 1),8/28/26,Fri,6:30 PM,3328,Strongsville   GS,,North Olmsted,,Girls,2012(U14/15),3,230
Foltz Fields (Foltz 1),8/30/26,Sun,2:30 PM,2815,Strongsville   CL,,Independence,,Girls,2014(U13),3,230
Foltz Fields (Foltz 1),8/30/26,Sun,4:00 PM,6210,Strongsville   NH,,North Olmsted,,Boys,2012(U14/15),2,230
Foltz Fields (Foltz 1),9/13/26,Sun,1:00 PM,6215,Strongsville   NH,,Westlake   MW,,Boys,2012(U14/15),2,230
Foltz Fields (Foltz 1),9/13/26,Sun,1:00 PM,3320,Strongsville   GS,,Highland   DE1,,Girls,2012(U14/15),3,230
Foltz Fields (Foltz 1),9/20/26,Sun,5:30 PM,12624,Strongsville   AH,,Broadview Hts.,,Boys,2014(U13),3 South,230
Foltz Fields (Foltz 1),9/20/26,Sun,5:30 PM,2823,Strongsville   CL,,Aurora,,Girls,2014(U13),3,230
Foltz Fields (Foltz 1),9/25/26,Fri,6:30 PM,12625,Strongsville   AH,,Brunswick,,Boys,2014(U13),3 South,230
Foltz Fields (Foltz 1),9/27/26,Sun,5:30 PM,6220,Strongsville   NH,,Midview,,Boys,2012(U14/15),2,230
Foltz Fields (Foltz 1),10/11/26,Sun,11:30 AM,3329,Strongsville   GS,,Sandusky,,Girls,2012(U14/15),3,230
Foltz Fields (Foltz 1),10/11/26,Sun,5:30 PM,6224,Strongsville   NH,,Wadsworth   MUHL,,Boys,2012(U14/15),2,230
Foltz Fields (Foltz 1),10/18/26,Sun,11:30 AM,2832,Strongsville   CL,,Revere,,Girls,2014(U13),3,230
Foltz Fields (Foltz 2),8/16/26,Sun,11:30 AM,4804,Strongsville   TG,,Brecksville Bees SA,,Boys,2016(U11),3,230
Foltz Fields (Foltz 2),8/16/26,Sun,5:30 PM,12003,Strongsville   EE-B,,Buckeye,,Boys,2015(U12),3 South,230
Foltz Fields (Foltz 2),8/23/26,Sun,11:30 AM,4807,Strongsville   KR,,LaGrange,,Boys,2016(U11),3,230
Foltz Fields (Foltz 2),8/23/26,Sun,1:00 PM,4806,Strongsville   TG,,Westlake   RR,,Boys,2016(U11),3,230
Foltz Fields (Foltz 2),8/23/26,Sun,1:00 PM,12007,Strongsville   EE-B,,Ashland,,Boys,2015(U12),3 South,230
Foltz Fields (Foltz 2),8/23/26,Sun,2:30 PM,5108,Strongsville   NB,,Bay Village   GE,,Boys,2015(U12),1,230
Foltz Fields (Foltz 2),8/27/26,Thu,6:30 PM,8009,Strongsville   MO,,Twinsburg   WHT,,Girls,2016(U11),4,230
Foltz Fields (Foltz 2),8/30/26,Sun,1:00 PM,4819,Strongsville   KR,,Sandusky,,Boys,2016(U11),3,230
Foltz Fields (Foltz 2),8/30/26,Sun,2:30 PM,4816,Strongsville   TG,,Bay Village   AS,,Boys,2016(U11),3,230
Foltz Fields (Foltz 2),8/30/26,Sun,4:00 PM,5115,Strongsville   NB,,Shaker Hts.   BLK,,Boys,2015(U12),1,230
Foltz Fields (Foltz 2),8/30/26,Sun,4:00 PM,8013,Strongsville   MO,,Avon Lake,,Girls,2016(U11),4,230
Foltz Fields (Foltz 2),8/30/26,Sun,5:30 PM,1810,Strongsville   MAD,,Amherst,,Girls,2016(U11),3 West,230
Foltz Fields (Foltz 2),9/13/26,Sun,2:30 PM,8515,Strongsville   AS,,Medina   12GN,,Girls,2015(U12),3 South,230
Foltz Fields (Foltz 2),9/13/26,Sun,5:30 PM,1815,Strongsville   MAD,,Bay Village   CM,,Girls,2016(U11),3 West,230
Foltz Fields (Foltz 2),9/20/26,Sun,11:30 AM,12024,Strongsville   EE-B,,Brecksville Bees SA,,Boys,2015(U12),3 South,230
Foltz Fields (Foltz 2),9/20/26,Sun,1:00 PM,4827,Strongsville   TG,,Sandusky,,Boys,2016(U11),3,230
Foltz Fields (Foltz 2),9/20/26,Sun,2:30 PM,4826,Strongsville   KR,,Avon Lake,,Boys,2016(U11),3,230
Foltz Fields (Foltz 2),9/20/26,Sun,4:00 PM,5123,Strongsville   NB,,Orange,,Boys,2015(U12),1,230
Foltz Fields (Foltz 2),9/27/26,Sun,11:30 AM,4832,Strongsville   KR,,Bay Village   AS,,Boys,2016(U11),3,230
Foltz Fields (Foltz 2),9/27/26,Sun,4:00 PM,1820,Strongsville   MAD,,North Royalton,,Girls,2016(U11),3 West,230
Foltz Fields (Foltz 2),9/27/26,Sun,5:30 PM,8026,Strongsville   MO,,Rocky River   WHT,,Girls,2016(U11),4,230
Foltz Fields (Foltz 2),9/28/26,Mon,6:30 PM,8520,Strongsville   AS,,Highland   BD1,,Girls,2015(U12),3 South,230
Foltz Fields (Foltz 2),10/11/26,Sun,11:30 AM,1824,Strongsville   MAD,,Olmsted Falls   Gold,,Girls,2016(U11),3 West,230
Foltz Fields (Foltz 2),10/11/26,Sun,1:00 PM,8524,Strongsville   AS,,New Philadelphia   KB,,Girls,2015(U12),3 South,230
Foltz Fields (Foltz 2),10/11/26,Sun,5:30 PM,5132,Strongsville   NB,,Brunswick   RYL,,Boys,2015(U12),1,230
Foltz Fields (Foltz 2),10/11/26,Sun,5:30 PM,8031,Strongsville   MO,,North Olmsted,,Girls,2016(U11),4,230
Foltz Fields (Foltz 2),10/18/26,Sun,3:00 PM,12025,Strongsville   EE-B,,Cuyahoga Falls   JH12,,Boys,2015(U12),3 South,230
Foltz Fields (Foltz 3A),8/16/26,Sun,10:00 AM,803,Strongsville   DC,,Aurora,,Girls,2018(U09),3,230
Foltz Fields (Foltz 3A),8/16/26,Sun,1:00 PM,10702,Strongsville   KL,,Ashland,,Boys,2017(U10),3 South,230
Foltz Fields (Foltz 3A),8/23/26,Sun,1:00 PM,506,Strongsville   KP,,Olmsted Falls   Blue,,Girls,2019(U08),West V,230
Foltz Fields (Foltz 3A),8/23/26,Sun,2:30 PM,303,Strongsville   TK,,Strongsville   JD,,Boys,2019(U08),South V,230
Foltz Fields (Foltz 3A),8/23/26,Sun,4:00 PM,807,Strongsville   DC,,Mayfield   Sk,,Girls,2018(U09),3,230
Foltz Fields (Foltz 3A),8/25/26,Tue,6:30 PM,306,Strongsville   TK,,Brunswick,,Boys,2019(U08),South V,230
Foltz Fields (Foltz 3A),8/26/26,Wed,6:30 PM,305,Strongsville   JD,,Parma,,Boys,2019(U08),South V,230
Foltz Fields (Foltz 3A),8/27/26,Thu,6:30 PM,509,Strongsville   KP,,Rocky River   STM,,Girls,2019(U08),West V,230
Foltz Fields (Foltz 3A),8/30/26,Sun,12:00 PM,3718,Strongsville   CF,,Westlake   CG,,Boys,2018(U09),2,230
Foltz Fields (Foltz 3A),8/30/26,Sun,2:00 PM,14208,Strongsville   AS,,Medina   10Gr,,Boys,2017(U10),2 South,230
Foltz Fields (Foltz 3A),8/30/26,Sun,2:30 PM,511,Strongsville   KP,,North Ridgeville,,Girls,2019(U08),West V,230
Foltz Fields (Foltz 3A),8/30/26,Sun,4:00 PM,10013,Strongsville   BL,,Norton,,Boys,2018(U09),3 South,230
Foltz Fields (Foltz 3A),9/13/26,Sun,11:00 AM,721,Strongsville   EE-G,,Westlake   JB,,Girls,2018(U09),2,230
Foltz Fields (Foltz 3A),9/13/26,Sun,11:30 AM,10920,Strongsville   DP,,North Royalton,,Boys,2017(U10),4 South EV,230
Foltz Fields (Foltz 3A),9/13/26,Sun,2:30 PM,309,Strongsville   JD,,Broadview Hts.,,Boys,2019(U08),South V,230
Foltz Fields (Foltz 3A),9/15/26,Tue,6:30 PM,10718,Strongsville   KL,,Brunswick   WHT,,Boys,2017(U10),3 South,230
Foltz Fields (Foltz 3A),9/20/26,Sun,11:30 AM,3729,Strongsville   CF,,North Royalton,,Boys,2018(U09),2,230
Foltz Fields (Foltz 3A),9/20/26,Sun,1:00 PM,516,Strongsville   KP,,North Olmsted,,Girls,2019(U08),West V,230
Foltz Fields (Foltz 3A),9/20/26,Sun,2:30 PM,311,Strongsville   TK,,Broadview Hts.,,Boys,2019(U08),South V,230
Foltz Fields (Foltz 3A),9/20/26,Sun,5:30 PM,10722,Strongsville   KL,,Akron Inner City,,Boys,2017(U10),3 South,230
Foltz Fields (Foltz 3A),9/22/26,Tue,6:30 PM,824,Strongsville   DC,,Avon Lake,,Girls,2018(U09),3,230
Foltz Fields (Foltz 3A),9/24/26,Thu,6:00 PM,3735,Strongsville   CF,,Fairview Park,,Boys,2018(U09),2,230
Foltz Fields (Foltz 3A),9/27/26,Sun,12:00 PM,825,Strongsville   DC,,North Ridgeville,,Girls,2018(U09),3,230
Foltz Fields (Foltz 3A),9/27/26,Sun,2:30 PM,313,Strongsville   JD,,Strongsville   TK,,Boys,2019(U08),South V,230
Foltz Fields (Foltz 3A),9/27/26,Sun,5:30 PM,10026,Strongsville   BL,,Ashland,,Boys,2018(U09),3 South,230
Foltz Fields (Foltz 3A),10/11/26,Sun,12:00 PM,738,Strongsville   EE-G,,Lakewood   G17G,,Girls,2018(U09),2,230
Foltz Fields (Foltz 3A),10/11/26,Sun,4:00 PM,10031,Strongsville   BL,,Green,,Boys,2018(U09),3 South,230
Foltz Fields (Foltz 3A),10/11/26,Sun,4:00 PM,10929,Strongsville   DP,,Highland   DT,,Boys,2017(U10),4 South EV,230
Foltz Fields (Foltz 3A),10/14/26,Wed,5:45 PM,731,Strongsville   EE-G,,Hudson   CHIB,,Girls,2018(U09),2,230
Foltz Fields (Foltz 3A),10/18/26,Sun,2:30 PM,317,Strongsville   JD,,Brunswick,,Boys,2019(U08),South V,230
Foltz Fields (Foltz 3A),10/18/26,Sun,4:00 PM,14201,Strongsville   AS,,Highland   NF1,,Boys,2017(U10),2 South,230
Foltz Fields (Foltz 3A),10/25/26,Sun,1:00 PM,14219,Strongsville   AS,,Green,,Boys,2017(U10),2 South,230
Foltz Fields (Foltz 3A),10/25/26,Sun,2:30 PM,320,Strongsville   TK,,Parma,,Boys,2019(U08),South V,230
Foltz Fields (Foltz 3B),8/25/26,Tue,6:30 PM,715,Strongsville   EE-G,,Olmsted Falls   Blue,,Girls,2018(U09),2,230
Foltz Fields (Foltz 3B),8/26/26,Wed,6:30 PM,3713,Strongsville   CF,,Hudson   SATB,,Boys,2018(U09),2,230
Foltz Fields (Foltz 3B),8/27/26,Thu,6:30 PM,10009,Strongsville   BL,,Wadsworth   LID,,Boys,2018(U09),3 South,230
Foltz Fields (Foltz 3B),9/24/26,Thu,6:30 PM,10928,Strongsville   DP,,Cloverleaf,,Boys,2017(U10),4 South EV,230
Foltz Fields (Foltz 3B),9/25/26,Fri,6:00 PM,14214,Strongsville   AS,,Wadsworth   LAM,,Boys,2017(U10),2 South,230
Foltz Fields (Foltz 5 A),8/30/26,Sun,5:30 PM,8510,Strongsville   AS,,Brunswick   RYL,,Girls,2015(U12),3 South,230
Foltz Fields (Foltz 5 B),8/25/26,Tue,6:30 PM,10711,Strongsville   KL,,Brunswick   RYL,,Boys,2017(U10),3 South,230
Foltz Fields (Foltz 5 B),8/26/26,Wed,6:30 PM,10910,Strongsville   DP,,Medina   10Go,,Boys,2017(U10),4 South EV,230
"Garfield Middle School (Turf Stadium - 7v7, 9v9, 11v11)",8/16/26,Sun,10:00 AM,5002,Lakewood   B15G,,Olmsted Falls   Gold,,Boys,2016(U11),5 West,195
"Garfield Middle School (Turf Stadium - 7v7, 9v9, 11v11)",8/16/26,Sun,11:30 AM,8804,Lakewood   G14P,,Brunswick   WHT,,Girls,2015(U12),5,195
"Garfield Middle School (Turf Stadium - 7v7, 9v9, 11v11)",8/16/26,Sun,1:00 PM,2302,Lakewood   G14G,,North Ridgeville,,Girls,2015(U12),3 West,195
"Garfield Middle School (Turf Stadium - 7v7, 9v9, 11v11)",8/16/26,Sun,2:30 PM,13501,Lakewood   B12P,,Streetsboro,,Boys,2012(U14/15),5,195
"Garfield Middle School (Turf Stadium - 7v7, 9v9, 11v11)",8/16/26,Sun,4:00 PM,5902,Lakewood   B13G,,TUSA,,Boys,2014(U13),4 West,195
"Garfield Middle School (Turf Stadium - 7v7, 9v9, 11v11)",8/23/26,Sun,1:00 PM,8806,Lakewood   G14P,,West Geauga,,Girls,2015(U12),5,195
"Garfield Middle School (Turf Stadium - 7v7, 9v9, 11v11)",8/23/26,Sun,2:30 PM,5210,Lakewood   B14P,,Mayfield   MW,,Boys,2015(U12),2,195
"Garfield Middle School (Turf Stadium - 7v7, 9v9, 11v11)",8/23/26,Sun,4:00 PM,3411,Lakewood   G11G,,Midview   DB,,Girls,2012(U14/15),4 West,195
"Garfield Middle School (Turf Stadium - 7v7, 9v9, 11v11)",8/23/26,Sun,5:30 PM,5008,Lakewood   B15G,,Midview   JL,,Boys,2016(U11),5 West,195
"Garfield Middle School (Turf Stadium - 7v7, 9v9, 11v11)",8/23/26,Sun,7:00 PM,6307,Lakewood   B12G,,Elyria,,Boys,2012(U14/15),3 West,195
"Garfield Middle School (Turf Stadium - 7v7, 9v9, 11v11)",8/28/26,Fri,6:00 PM,5110,Lakewood   B14G,,Strongsville   NB,,Boys,2015(U12),1,195
"Garfield Middle School (Turf Stadium - 7v7, 9v9, 11v11)",8/30/26,Sun,11:30 AM,5217,Lakewood   B14P,,Green,,Boys,2015(U12),2,195
"Garfield Middle School (Turf Stadium - 7v7, 9v9, 11v11)",8/30/26,Sun,2:30 PM,3420,Lakewood   G11G,,Rocky River   BLK,,Girls,2012(U14/15),4 West,195
"Garfield Middle School (Turf Stadium - 7v7, 9v9, 11v11)",8/30/26,Sun,4:00 PM,13508,Lakewood   B12P,,Nordonia,,Boys,2012(U14/15),5,195
"Garfield Middle School (Turf Stadium - 7v7, 9v9, 11v11)",8/30/26,Sun,5:30 PM,8814,Lakewood   G14P,,Wickliffe,,Girls,2015(U12),5,195
"Garfield Middle School (Turf Stadium - 7v7, 9v9, 11v11)",8/30/26,Sun,7:00 PM,6319,Lakewood   B12G,,Avon,,Boys,2012(U14/15),3 West,195
"Garfield Middle School (Turf Stadium - 7v7, 9v9, 11v11)",9/13/26,Sun,10:00 AM,3724,Lakewood   B17G,,Fairview Park,,Boys,2018(U09),2,195
"Garfield Middle School (Turf Stadium - 7v7, 9v9, 11v11)",9/13/26,Sun,11:30 AM,5417,Lakewood   B14W,,Rocky River   WHT,,Boys,2015(U12),4 West,195
"Garfield Middle School (Turf Stadium - 7v7, 9v9, 11v11)",9/13/26,Sun,1:00 PM,3430,Lakewood   G11G,,Vermilion,,Girls,2012(U14/15),4 West,195
"Garfield Middle School (Turf Stadium - 7v7, 9v9, 11v11)",9/13/26,Sun,2:30 PM,5910,Lakewood   B13G,,Olmsted Falls   Blue,,Boys,2014(U13),4 West,195
"Garfield Middle School (Turf Stadium - 7v7, 9v9, 11v11)",9/13/26,Sun,4:00 PM,5517,Lakewood   B14B,,Rocky River   GRY,,Boys,2015(U12),5 West,195
"Garfield Middle School (Turf Stadium - 7v7, 9v9, 11v11)",9/20/26,Sun,1:00 PM,6326,Lakewood   B12G,,Avon Lake,,Boys,2012(U14/15),3 West,195
"Garfield Middle School (Turf Stadium - 7v7, 9v9, 11v11)",9/20/26,Sun,2:30 PM,5521,Lakewood   B14B,,Olmsted Falls   Gold,,Boys,2015(U12),5 West,195
"Garfield Middle School (Turf Stadium - 7v7, 9v9, 11v11)",9/20/26,Sun,4:00 PM,10517,Lakewood   B16G,,Westlake   RG,,Boys,2017(U10),2 West,195
"Garfield Middle School (Turf Stadium - 7v7, 9v9, 11v11)",9/20/26,Sun,5:30 PM,5421,Lakewood   B14W,,Fairview Park,,Boys,2015(U12),4 West,195
"Garfield Middle School (Turf Stadium - 7v7, 9v9, 11v11)",9/27/26,Sun,1:00 PM,5233,Lakewood   B14P,,Stow   Mar,,Boys,2015(U12),2,195
"Garfield Middle School (Turf Stadium - 7v7, 9v9, 11v11)",9/27/26,Sun,2:30 PM,732,Lakewood   G17G,,North Royalton,,Girls,2018(U09),2,195
"Garfield Middle School (Turf Stadium - 7v7, 9v9, 11v11)",9/27/26,Sun,4:00 PM,8827,Lakewood   G14P,,Orange,,Girls,2015(U12),5,195
"Garfield Middle School (Turf Stadium - 7v7, 9v9, 11v11)",9/27/26,Sun,5:30 PM,13514,Lakewood   B12P,,Eastlake,,Boys,2012(U14/15),5,195
"Garfield Middle School (Turf Stadium - 7v7, 9v9, 11v11)",9/27/26,Sun,7:00 PM,6332,Lakewood   B12G,,Bay Village   MM,,Boys,2012(U14/15),3 West,195
"Garfield Middle School (Turf Stadium - 7v7, 9v9, 11v11)",10/11/26,Sun,10:00 AM,5915,Lakewood   B13G,,Amherst,,Boys,2014(U13),4 West,195
"Garfield Middle School (Turf Stadium - 7v7, 9v9, 11v11)",10/11/26,Sun,11:30 AM,5530,Lakewood   B14B,,Norwalk HCYSC,,Boys,2015(U12),5 West,195
"Garfield Middle School (Turf Stadium - 7v7, 9v9, 11v11)",10/11/26,Sun,1:00 PM,4022,Lakewood   B17W,,Fairview Park,,Boys,2018(U09),5 West EV,195
"Garfield Middle School (Turf Stadium - 7v7, 9v9, 11v11)",10/11/26,Sun,2:30 PM,5039,Lakewood   B15G,,Rocky River   WHT,,Boys,2016(U11),5 West,195
"Garfield Middle School (Turf Stadium - 7v7, 9v9, 11v11)",10/11/26,Sun,4:00 PM,5430,Lakewood   B14W,,North Ridgeville,,Boys,2015(U12),4 West,195
"Garfield Middle School (Turf Stadium - 7v7, 9v9, 11v11)",10/11/26,Sun,5:30 PM,4329,Lakewood   B16P,,Bay Village   JH,,Boys,2017(U10),3 West,195
"Garfield Middle School (Turf Stadium - 7v7, 9v9, 11v11)",10/18/26,Sun,10:00 AM,5512,Lakewood   B14B,,Avon,,Boys,2015(U12),5 West,195
"Garfield Middle School (Turf Stadium - 7v7, 9v9, 11v11)",10/18/26,Sun,11:30 AM,13909,Lakewood   B17B,,Sandusky,,Boys,2018(U09),5 West EN,195
"Garfield Middle School (Turf Stadium - 7v7, 9v9, 11v11)",10/18/26,Sun,1:00 PM,5918,Lakewood   B13G,,Parma,,Boys,2014(U13),4 West,195
"Garfield Middle School (Turf Stadium - 7v7, 9v9, 11v11)",10/18/26,Sun,2:30 PM,15017,Lakewood   G16G,,Brunswick   WHT,,Girls,2017(U10),3 West,195
"Garfield Middle School (Turf Stadium - 7v7, 9v9, 11v11)",10/18/26,Sun,4:00 PM,5128,Lakewood   B14G,,Bay Village   GE,,Boys,2015(U12),1,195
"Garfield Middle School (Turf Stadium - 7v7, 9v9, 11v11)",10/25/26,Sun,11:30 AM,2322,Lakewood   G14G,,Avon Lake,,Girls,2015(U12),3 West,195
"Garfield Middle School (Turf Stadium - 7v7, 9v9, 11v11)",10/25/26,Sun,1:00 PM,5129,Lakewood   B14G,,NP Aurora,,Boys,2015(U12),1,195
"Garfield Middle School (Turf Stadium - 7v7, 9v9, 11v11)",10/25/26,Sun,2:30 PM,13519,Lakewood   B12P,,Rocky River   WHT,,Boys,2012(U14/15),5,195
"Garfield Middle School (Turf Stadium - 7v7, 9v9, 11v11)",10/25/26,Sun,4:00 PM,4537,Lakewood   B16W,,Olmsted Falls   Wht,,Boys,2017(U10),5 West,195
"Garfield Middle School (Turf Stadium - 7v7, 9v9, 11v11)",10/25/26,Sun,5:30 PM,3413,Lakewood   G11G,,Avon,,Girls,2012(U14/15),4 West,195
Geneva High School (Intermediate),8/30/26,Sun,2:30 PM,11417,Geneva,,Riverside   BP,,Boys,2016(U11),4 East,58
Geneva High School (Large),8/27/26,Thu,6:30 PM,13311,Geneva,,NP Aurora,,Boys,2012(U14/15),4 East,58
Geneva High School (Large),8/30/26,Sun,1:00 PM,12513,Geneva,,Nordonia,,Boys,2014(U13),3 East,58
Glenwillow Fields (Glenwillow Fields- 9v9),8/16/26,Sun,12:00 PM,4604,Solon United,,Hudson   SFER,,Boys,2016(U11),1,44
Glenwillow Fields (Glenwillow Fields- 9v9),8/16/26,Sun,1:00 PM,8604,Solon United,,Madison,,Girls,2015(U12),4 East,44
Glenwillow Fields (Glenwillow Fields- 9v9),8/16/26,Sun,6:00 PM,8201,Solon United,,Geauga Federation SC,,Girls,2016(U11),5 East,44
Glenwillow Fields (Glenwillow Fields- 9v9),8/23/26,Sun,10:00 AM,12306,Solon United,,Hudson   HARR,,Boys,2015(U12),5 East,44
Glenwillow Fields (Glenwillow Fields- 9v9),8/23/26,Sun,11:30 AM,11908,Solon United,,Riverside   Blk,,Boys,2015(U12),3 East,44
Glenwillow Fields (Glenwillow Fields- 9v9),8/23/26,Sun,1:00 PM,4606,Solon United,,North Royalton,,Boys,2016(U11),1,44
Glenwillow Fields (Glenwillow Fields- 9v9),8/23/26,Sun,2:30 PM,8606,Solon United,,Hudson   KENN,,Girls,2015(U12),4 East,44
Glenwillow Fields (Glenwillow Fields- 9v9),8/26/26,Wed,6:30 PM,8207,Solon United,,Orange,,Girls,2016(U11),5 East,44
Glenwillow Fields (Glenwillow Fields- 9v9),8/30/26,Sun,12:00 PM,8614,Solon United,,Shaker Hts.   RED,,Girls,2015(U12),4 East,44
Glenwillow Fields (Glenwillow Fields- 9v9),8/30/26,Sun,1:00 PM,11915,Solon United,,Hudson   RENN,,Boys,2015(U12),3 East,44
Glenwillow Fields (Glenwillow Fields- 9v9),8/30/26,Sun,2:30 PM,12314,Solon United,,West Geauga,,Boys,2015(U12),5 East,44
Glenwillow Fields (Glenwillow Fields- 9v9),8/30/26,Sun,4:00 PM,4614,Solon United,,Avon,,Boys,2016(U11),1,44
Glenwillow Fields (Glenwillow Fields- 9v9),9/13/26,Sun,4:00 PM,8213,Solon United,,Shaker Hts.   RED,,Girls,2016(U11),5 East,44
Glenwillow Fields (Glenwillow Fields- 9v9),9/16/26,Wed,6:30 PM,11412,Solon United,,Geneva,,Boys,2016(U11),4 East,44
Glenwillow Fields (Glenwillow Fields- 9v9),9/20/26,Sun,12:30 PM,11923,Solon United,,Shaker Hts.   RED,,Boys,2015(U12),3 East,44
Glenwillow Fields (Glenwillow Fields- 9v9),9/20/26,Sun,2:30 PM,11427,Solon United,,Kent   GD,,Boys,2016(U11),4 East,44
Glenwillow Fields (Glenwillow Fields- 9v9),9/27/26,Sun,9:00 AM,8219,Solon United,,Chagrin Falls,,Girls,2016(U11),5 East,44
Glenwillow Fields (Glenwillow Fields- 9v9),9/27/26,Sun,11:30 AM,4627,Solon United,,Aurora,,Boys,2016(U11),1,44
Glenwillow Fields (Glenwillow Fields- 9v9),9/27/26,Sun,2:30 PM,8627,Solon United,,Eastside Kickers,,Girls,2015(U12),4 East,44
Glenwillow Fields (Glenwillow Fields- 9v9),9/27/26,Sun,5:30 PM,12327,Solon United,,Willoughby,,Boys,2015(U12),5 East,44
Glenwillow Fields (Glenwillow Fields- 9v9),10/11/26,Sun,2:30 PM,11932,Solon United,,Kenston,,Boys,2015(U12),3 East,44
Glenwillow Fields (Glenwillow Fields- 9v9),10/18/26,Sun,2:30 PM,11441,Solon United,,Streetsboro,,Boys,2016(U11),4 East,44
Glenwillow Fields (Glenwillow Fields- lower ),8/23/26,Sun,10:00 AM,10108,Solon United,,Shaker Hts.   RED,,Boys,2018(U09),4 East,44
Glenwillow Fields (Glenwillow Fields- lower ),8/23/26,Sun,11:00 AM,10412,Solon United,,Twinsburg   Blue,,Boys,2018(U09),5 East EN,44
Glenwillow Fields (Glenwillow Fields- lower ),8/23/26,Sun,1:00 PM,6808,Solon United,,Mentor,,Girls,2018(U09),4 East,44
Glenwillow Fields (Glenwillow Fields- lower ),8/23/26,Sun,2:30 PM,204,Solon United,,Kenston,,Boys,2019(U08),East,44
Glenwillow Fields (Glenwillow Fields- lower ),8/30/26,Sun,10:00 AM,6815,Solon United,,Kenston,,Girls,2018(U09),4 East,44
Glenwillow Fields (Glenwillow Fields- lower ),8/30/26,Sun,11:30 AM,10419,Solon United,,Kenston   SK,,Boys,2018(U09),5 East EN,44
Glenwillow Fields (Glenwillow Fields- lower ),8/30/26,Sun,2:30 PM,207,Solon United,,Orange,,Boys,2019(U08),East,44
Glenwillow Fields (Glenwillow Fields- lower ),8/30/26,Sun,4:00 PM,10115,Solon United,,Riverside,,Boys,2018(U09),4 East,44
Glenwillow Fields (Glenwillow Fields- lower ),9/2/26,Wed,6:30 PM,1412,Solon United,,Olmsted Falls   Gold,,Girls,2017(U10),4 East,44
Glenwillow Fields (Glenwillow Fields- lower ),9/13/26,Sun,1:00 PM,1417,Solon United,,Geauga Federation SC,,Girls,2017(U10),4 East,44
Glenwillow Fields (Glenwillow Fields- lower ),9/20/26,Sun,11:30 AM,212,Solon United,,Shaker Hts.   BLK,,Boys,2019(U08),East,44
Glenwillow Fields (Glenwillow Fields- lower ),9/20/26,Sun,1:00 PM,6823,Solon United,,Orange,,Girls,2018(U09),4 East,44
Glenwillow Fields (Glenwillow Fields- lower ),9/20/26,Sun,3:00 PM,1421,Solon United,,Geneva,,Girls,2017(U10),4 East,44
Glenwillow Fields (Glenwillow Fields- lower ),9/20/26,Sun,4:00 PM,10123,Solon United,,Streetsboro,,Boys,2018(U09),4 East,44
Glenwillow Fields (Glenwillow Fields- lower ),9/26/26,Sat,2:00 PM,11032,Solon United,,Stow   Gray,,Boys,2017(U10),5 East,44
Glenwillow Fields (Glenwillow Fields- lower ),10/11/26,Sun,11:30 AM,216,Solon United,,Shaker Hts.   RED,,Boys,2019(U08),East,44
Glenwillow Fields (Glenwillow Fields- lower ),10/11/26,Sun,11:30 AM,10448,Solon United,,Wickliffe,,Boys,2018(U09),5 East EN,44
Glenwillow Fields (Glenwillow Fields- lower ),10/11/26,Sun,4:00 PM,10132,Solon United,,Eastside Kickers   SEL,,Boys,2018(U09),4 East,44
Glenwillow Fields (Glenwillow Fields- lower ),10/11/26,Sun,4:30 PM,6832,Solon United,,Geauga Federation SC,,Girls,2018(U09),4 East,44
Glenwillow Fields (Glenwillow Fields- lower ),10/11/26,Sun,5:30 PM,1430,Solon United,,Orange,,Girls,2017(U10),4 East,44
Glenwillow Fields (Glenwillow Fields- upper),8/16/26,Sun,1:00 PM,10402,Solon United,,Euclid,,Boys,2018(U09),5 East EN,44
Goldwood Primary School (Goldwood),8/23/26,Sun,4:00 PM,905,Rocky River   WHT,,Avon,,Girls,2018(U09),4 West,361
Goldwood Primary School (Goldwood),8/25/26,Tue,6:30 PM,4009,Rocky River   BLK,,Midview,,Boys,2018(U09),5 West EV,361
Goldwood Primary School (Goldwood),8/26/26,Wed,6:30 PM,7215,Rocky River   BLK,,Westlake   KP,,Girls,2018(U09),5 West,361
Goldwood Primary School (Goldwood),8/27/26,Thu,6:30 PM,7213,Rocky River   GLD,,Avon Lake,,Girls,2018(U09),5 West,361
Goldwood Primary School (Goldwood),9/2/26,Wed,6:30 PM,9707,Rocky River   STM,,Bay Village   NP,,Boys,2019(U08),West N,361
Goldwood Primary School (Goldwood),9/9/26,Wed,6:30 PM,4513,Rocky River   WHT,,Port Clinton   WHT,,Boys,2017(U10),5 West,361
Goldwood Primary School (Goldwood),9/13/26,Sun,4:30 PM,515,Rocky River   STM,,North Ridgeville,,Girls,2019(U08),West V,361
Goldwood Primary School (Goldwood),9/27/26,Sun,4:00 PM,113,Rocky River   SRG,,Olmsted Falls   Gold,,Boys,2019(U08),West V,361
Goldwood Primary School (Goldwood),9/27/26,Sun,5:30 PM,9719,Rocky River   STM,,Olmsted Falls   Blue,,Boys,2019(U08),West N,361
Goldwood Primary School (Goldwood),10/11/26,Sun,2:30 PM,524,Rocky River   STM,,Olmsted Falls   Blue,,Girls,2019(U08),West V,361
Granger Park Fields (7v7 - Field #1A),8/16/26,Sun,10:00 AM,6702,Highland   EM1,,Brunswick,,Girls,2018(U09),3 South,251
Granger Park Fields (7v7 - Field #1A),8/16/26,Sun,11:30 AM,10302,Highland   BR1,,Copley,,Boys,2018(U09),5 South EV,251
Granger Park Fields (7v7 - Field #1A),8/21/26,Fri,6:30 PM,1009,Highland   KR1,,Akron Inner City,,Girls,2018(U09),5 South EV,251
Granger Park Fields (7v7 - Field #1A),8/23/26,Sun,11:30 AM,10308,Highland   BR1,,Buckeye,,Boys,2018(U09),5 South EV,251
Granger Park Fields (7v7 - Field #1A),8/23/26,Sun,1:30 PM,7609,Highland   JM1,,Medina   10GY,,Girls,2017(U10),5 South,251
Granger Park Fields (7v7 - Field #1A),8/24/26,Mon,6:30 PM,11105,Highland   KS2,,Copley,,Boys,2017(U10),5 South EV,251
Granger Park Fields (7v7 - Field #1A),8/30/26,Sun,4:00 PM,14914,Highland   AK1,,Revere   BLUE,,Girls,2018(U09),5 South EN,251
Granger Park Fields (7v7 - Field #1A),8/30/26,Sun,4:30 PM,1011,Highland   KR1,,Wadsworth   ACC,,Girls,2018(U09),5 South EV,251
Granger Park Fields (7v7 - Field #1A),8/30/26,Sun,5:30 PM,10916,Highland   DT,,Columbia Station,,Boys,2017(U10),4 South EV,251
Granger Park Fields (7v7 - Field #1A),9/10/26,Thu,6:30 PM,10901,Highland   DT,,Strongsville   DP,,Boys,2017(U10),4 South EV,251
Granger Park Fields (7v7 - Field #1A),9/11/26,Fri,6:30 PM,7620,Highland   JM1,,Revere,,Girls,2017(U10),5 South,251
Granger Park Fields (7v7 - Field #1A),9/13/26,Sun,11:30 AM,10324,Highland   BR1,,Revere   BLUE,,Boys,2018(U09),5 South EV,251
Granger Park Fields (7v7 - Field #1A),9/13/26,Sun,1:00 PM,10020,Highland   KS1,,Strongsville   BL,,Boys,2018(U09),3 South,251
Granger Park Fields (7v7 - Field #1A),9/14/26,Mon,6:30 PM,14025,Highland   JC1,,Lake Select SC   U9,,Boys,2018(U09),5 South EN,251
Granger Park Fields (7v7 - Field #1A),9/17/26,Thu,6:15 PM,6717,Highland   EM1,,Medina   U9GN,,Girls,2018(U09),3 South,251
Granger Park Fields (7v7 - Field #1A),9/20/26,Sun,2:30 PM,1016,Highland   KR1,,Stow   Gold,,Girls,2018(U09),5 South EV,251
Granger Park Fields (7v7 - Field #1A),9/20/26,Sun,5:30 PM,14030,Highland   JC1,,Jackson,,Boys,2018(U09),5 South EN,251
Granger Park Fields (7v7 - Field #1A),9/27/26,Sun,5:30 PM,14927,Highland   AK1,,Parma,,Girls,2018(U09),5 South EN,251
Granger Park Fields (7v7 - Field #1A),10/11/26,Sun,11:30 AM,10339,Highland   BR1,,Broadview Hts.,,Boys,2018(U09),5 South EV,251
Granger Park Fields (7v7 - Field #1A),10/11/26,Sun,1:00 PM,6723,Highland   EM1,,Mustangs Jr,,Girls,2018(U09),3 South,251
Granger Park Fields (7v7 - Field #1A),10/18/26,Sun,1:00 PM,10010,Highland   KS1,,Cuyahoga Falls   KO,,Boys,2018(U09),3 South,251
Granger Park Fields (7v7 - Field #1A),10/25/26,Sun,2:30 PM,14220,Highland   NF1,,Medina   10Gr,,Boys,2017(U10),2 South,251
Granger Park Fields (7v7 - Field #1B),8/16/26,Sun,2:30 PM,7603,Highland   JM1,,Lake Select SC   U10,,Girls,2017(U10),5 South,251
Granger Park Fields (7v7 - Field #1B),8/16/26,Sun,4:00 PM,10201,Highland   SR1,,Wadsworth   RUFF,,Boys,2018(U09),4 South EN,251
Granger Park Fields (7v7 - Field #1B),8/22/26,Sat,2:30 PM,9505,Highland   NN1,,Akron Inner City,,Boys,2019(U08),South E,251
Granger Park Fields (7v7 - Field #1B),8/23/26,Sun,10:00 AM,10905,Highland   DT,,Buckeye,,Boys,2017(U10),4 South EV,251
Granger Park Fields (7v7 - Field #1B),8/23/26,Sun,2:30 PM,14906,Highland   AK1,,Cloverleaf,,Girls,2018(U09),5 South EN,251
Granger Park Fields (7v7 - Field #1B),8/23/26,Sun,4:00 PM,6704,Highland   EM1,,Green,,Girls,2018(U09),3 South,251
Granger Park Fields (7v7 - Field #1B),8/23/26,Sun,5:30 PM,14203,Highland   NF1,,Green,,Boys,2017(U10),2 South,251
Granger Park Fields (7v7 - Field #1B),9/2/26,Wed,6:30 PM,14206,Highland   NF1,,Wadsworth   LAM,,Boys,2017(U10),2 South,251
Granger Park Fields (7v7 - Field #1B),9/13/26,Sun,11:30 AM,11114,Highland   KS2,,Revere   BLUE,,Boys,2017(U10),5 South EV,251
Granger Park Fields (7v7 - Field #1B),9/13/26,Sun,2:30 PM,10919,Highland   DT,,Medina   10Go,,Boys,2017(U10),4 South EV,251
Granger Park Fields (7v7 - Field #1B),9/16/26,Wed,6:00 PM,14211,Highland   NF1,,Strongsville   AS,,Boys,2017(U10),2 South,251
Granger Park Fields (7v7 - Field #1B),10/10/26,Sat,4:00 PM,11122,Highland   KS2,,Hudson   VERL,,Boys,2017(U10),5 South EV,251
Granger Park Fields (7v7 - Field #1B),10/11/26,Sun,2:30 PM,9522,Highland   NN1,,Copley,,Boys,2019(U08),South E,251
Granger Park Fields (7v7 - Field #1B),10/11/26,Sun,4:00 PM,10029,Highland   KS1,,Wadsworth   LID,,Boys,2018(U09),3 South,251
Granger Park Fields (7v7 - Field #1B),10/11/26,Sun,5:30 PM,7640,Highland   JM1,,New Philadelphia   JS,,Girls,2017(U10),5 South,251
Gurney Elementary (Calvetta Brothers Floor Show - Field A 11v11),8/30/26,Sun,6:45 PM,2715,Chagrin Falls,,Brecksville Bees SA,,Girls,2014(U13),2,49
Gurney Elementary (Calvetta Brothers Floor Show - Field A 11v11),9/13/26,Sun,1:00 PM,5613,Chagrin Falls,,Green,,Boys,2014(U13),1,49
Gurney Elementary (Calvetta Brothers Floor Show - Field A 11v11),9/22/26,Tue,6:15 PM,5619,Chagrin Falls,,Medina   13Gr,,Boys,2014(U13),1,49
Gurney Elementary (Calvetta Brothers Floor Show - Field A 11v11),9/28/26,Mon,6:00 PM,14826,Chagrin Falls,,Mayfield   MA,,Boys,2012(U14/15),2 East,49
Gurney Elementary (Calvetta Brothers Floor Show - Field B 9v9),8/16/26,Sun,4:00 PM,7802,Chagrin Falls,,Mayfield   TS,,Girls,2016(U11),3 East,49
Gurney Elementary (Calvetta Brothers Floor Show - Field B 9v9),8/20/26,Thu,6:30 PM,8202,Chagrin Falls,,Streetsboro,,Girls,2016(U11),5 East,49
Gurney Elementary (Calvetta Brothers Floor Show - Field B 9v9),8/23/26,Sun,9:00 AM,8204,Chagrin Falls,,Solon United,,Girls,2016(U11),5 East,49
Gurney Elementary (Calvetta Brothers Floor Show - Field B 9v9),8/25/26,Tue,6:30 PM,11910,Chagrin Falls,,Solon United,,Boys,2015(U12),3 East,49
Gurney Elementary (Calvetta Brothers Floor Show - Field B 9v9),9/3/26,Thu,6:00 PM,8223,Chagrin Falls,,Geauga Federation SC,,Girls,2016(U11),5 East,49
Gurney Elementary (Calvetta Brothers Floor Show - Field B 9v9),9/13/26,Sun,11:30 AM,11920,Chagrin Falls,,Shaker Hts.   RED,,Boys,2015(U12),3 East,49
Gurney Elementary (Calvetta Brothers Floor Show - Field B 9v9),9/13/26,Sun,5:30 PM,11425,Chagrin Falls,,Solon United,,Boys,2016(U11),4 East,49
Gurney Elementary (Calvetta Brothers Floor Show - Field B 9v9),10/6/26,Tue,6:00 PM,7823,Chagrin Falls,,Orange,,Girls,2016(U11),3 East,49
Gurney Elementary (Calvetta Brothers Floor Show - Field B 9v9),10/18/26,Sun,4:00 PM,11444,Chagrin Falls,,Stow   Gold,,Boys,2016(U11),4 East,49
Gurney Elementary (Calvetta Brothers Floor Show - Field B 9v9),10/25/26,Sun,11:30 AM,11929,Chagrin Falls,,West Geauga,,Boys,2015(U12),3 East,49
Gurney Elementary (Calvetta Brothers Floor Show - Field C 7v7),8/16/26,Sun,1:00 PM,4202,Chagrin Falls,,Twinsburg   Blue,,Boys,2017(U10),2 East,49
Gurney Elementary (Calvetta Brothers Floor Show - Field C 7v7),8/21/26,Fri,6:30 PM,1306,Chagrin Falls,,Hudson   KENW,,Girls,2017(U10),3 East,49
Gurney Elementary (Calvetta Brothers Floor Show - Field C 7v7),8/23/26,Sun,11:30 AM,6805,Chagrin Falls,,Kenston,,Girls,2018(U09),4 East,49
Gurney Elementary (Calvetta Brothers Floor Show - Field C 7v7),8/27/26,Thu,6:30 PM,14308,Chagrin Falls,,Stow   Gold,,Boys,2017(U10),4 East EN,49
Gurney Elementary (Calvetta Brothers Floor Show - Field C 7v7),8/28/26,Fri,6:30 PM,1309,Chagrin Falls,,Stow   Mar,,Girls,2017(U10),3 East,49
Gurney Elementary (Calvetta Brothers Floor Show - Field C 7v7),8/30/26,Sun,1:00 PM,1311,Chagrin Falls,,Mayfield   MF,,Girls,2017(U10),3 East,49
Gurney Elementary (Calvetta Brothers Floor Show - Field C 7v7),8/30/26,Sun,2:30 PM,6816,Chagrin Falls,,Twinsburg,,Girls,2018(U09),4 East,49
Gurney Elementary (Calvetta Brothers Floor Show - Field C 7v7),8/30/26,Sun,5:30 PM,14312,Chagrin Falls,,Twinsburg   WHTE,,Boys,2017(U10),4 East EN,49
Gurney Elementary (Calvetta Brothers Floor Show - Field C 7v7),9/8/26,Tue,6:30 PM,4210,Chagrin Falls,,Warren,,Boys,2017(U10),2 East,49
Gurney Elementary (Calvetta Brothers Floor Show - Field C 7v7),9/13/26,Sun,1:00 PM,7115,Chagrin Falls,,Madison,,Girls,2018(U09),5 East,49
Gurney Elementary (Calvetta Brothers Floor Show - Field C 7v7),9/13/26,Sun,2:30 PM,6819,Chagrin Falls,,Solon United,,Girls,2018(U09),4 East,49
Gurney Elementary (Calvetta Brothers Floor Show - Field C 7v7),9/13/26,Sun,5:00 PM,10817,Chagrin Falls,,Eastside Kickers,,Boys,2017(U10),4 East EV,49
Gurney Elementary (Calvetta Brothers Floor Show - Field C 7v7),9/20/26,Sun,11:30 AM,14318,Chagrin Falls,,Eastside Kickers   SEL,,Boys,2017(U10),4 East EN,49
Gurney Elementary (Calvetta Brothers Floor Show - Field C 7v7),9/20/26,Sun,1:00 PM,1316,Chagrin Falls,,Warren,,Girls,2017(U10),3 East,49
Gurney Elementary (Calvetta Brothers Floor Show - Field C 7v7),9/20/26,Sun,4:00 PM,10821,Chagrin Falls,,Madison,,Boys,2017(U10),4 East EV,49
Gurney Elementary (Calvetta Brothers Floor Show - Field C 7v7),9/22/26,Tue,6:30 PM,7123,Chagrin Falls,,Riverside,,Girls,2018(U09),5 East,49
Gurney Elementary (Calvetta Brothers Floor Show - Field C 7v7),9/27/26,Sun,1:00 PM,14321,Chagrin Falls,,Wickliffe,,Boys,2017(U10),4 East EN,49
Gurney Elementary (Calvetta Brothers Floor Show - Field C 7v7),9/27/26,Sun,2:30 PM,14132,Chagrin Falls,,Madison,,Boys,2018(U09),5 East EV,49
Gurney Elementary (Calvetta Brothers Floor Show - Field C 7v7),10/18/26,Sun,11:30 AM,7126,Chagrin Falls,,Shaker Hts.   U8B,,Girls,2018(U09),5 East,49
Gurney Elementary (Calvetta Brothers Floor Show - Field C 7v7),10/18/26,Sun,1:00 PM,4218,Chagrin Falls,,Shaker Hts.   BLK,,Boys,2017(U10),2 East,49
Gurney Elementary (Calvetta Brothers Floor Show - Field C 7v7),10/18/26,Sun,2:30 PM,10830,Chagrin Falls,,Riverside   CB,,Boys,2017(U10),4 East EV,49
Gurney Elementary (Calvetta Brothers Floor Show - Field E 7v7),8/16/26,Sun,12:00 PM,6801,Chagrin Falls,,Hudson   CHIW,,Girls,2018(U09),4 East,49
Gurney Elementary (Calvetta Brothers Floor Show - Field E 7v7),8/23/26,Sun,4:00 PM,14107,Chagrin Falls,,Hudson   SCHA,,Boys,2018(U09),5 East EV,49
Gurney Elementary (Calvetta Brothers Floor Show - Field E 7v7),8/27/26,Thu,6:30 PM,10812,Chagrin Falls,,Hudson   GRWA,,Boys,2017(U10),4 East EV,49
Gurney Elementary (Calvetta Brothers Floor Show - Field E 7v7),8/30/26,Sun,11:30 AM,7110,Chagrin Falls,,Shaker Hts.   RED,,Girls,2018(U09),5 East,49
Gurney Elementary (Calvetta Brothers Floor Show - Field E 7v7),8/30/26,Sun,5:00 PM,14119,Chagrin Falls,,Twinsburg   WHTE,,Boys,2018(U09),5 East EV,49
Gurney Elementary (Calvetta Brothers Floor Show - Field E 7v7),9/20/26,Sun,1:00 PM,14126,Chagrin Falls,,Shaker Hts.   SLV,,Boys,2018(U09),5 East EV,49
Gurney Elementary (Calvetta Brothers Floor Show - Field E 7v7),9/27/26,Sun,3:00 PM,4215,Chagrin Falls,,Wickliffe,,Boys,2017(U10),2 East,49
Hartman Park (Field 12),8/16/26,Sun,11:30 AM,12501,NP Aurora,,Hudson   PRIN,,Boys,2014(U13),3 East,663
Hartman Park (Field 12),8/16/26,Sun,4:00 PM,2702,NP Aurora,,Brecksville Bees SA,,Girls,2014(U13),2,663
Hartman Park (Field 12),8/16/26,Sun,5:30 PM,13304,NP Aurora,,Aurora,,Boys,2012(U14/15),4 East,663
Hartman Park (Field 12),8/23/26,Sun,10:00 AM,13306,NP Aurora,,Eastside Kickers,,Boys,2012(U14/15),4 East,663
Hartman Park (Field 12),8/23/26,Sun,11:30 AM,12505,NP Aurora,,Shaker Hts.   RED,,Boys,2014(U13),3 East,663
Hartman Park (Field 12),8/27/26,Thu,6:30 PM,2711,NP Aurora,,Highland   GP1,,Girls,2014(U13),2,663
Hartman Park (Field 12),8/30/26,Sun,10:00 AM,13314,NP Aurora,,Shaker Hts.   B/R,,Boys,2012(U14/15),4 East,663
Hartman Park (Field 12),8/30/26,Sun,5:30 PM,12516,NP Aurora,,Riverside   KC,,Boys,2014(U13),3 East,663
Hartman Park (Field 12),9/13/26,Sun,11:30 AM,2718,NP Aurora,,Olmsted Falls   Blue,,Girls,2014(U13),2,663
Hartman Park (Field 12),9/13/26,Sun,5:30 PM,12519,NP Aurora,,Field,,Boys,2014(U13),3 East,663
Hartman Park (Field 12),9/20/26,Sun,10:00 AM,2722,NP Aurora,,Brunswick,,Girls,2014(U13),2,663
Hartman Park (Field 12),9/27/26,Sun,1:00 PM,13327,NP Aurora,,Wickliffe,,Boys,2012(U14/15),4 East,663
Hartman Park (Field 7),8/25/26,Tue,6:30 PM,10809,NP Aurora,,Stow   Mar,,Boys,2017(U10),4 East EV,663
Hartman Park (Field 7),8/30/26,Sun,2:30 PM,10813,NP Aurora,,Riverside   CB,,Boys,2017(U10),4 East EV,663
Hartman Park (Field 7),10/1/26,Thu,6:00 PM,10826,NP Aurora,,Chagrin Falls,,Boys,2017(U10),4 East EV,663
Hartman Park (Field 7),10/11/26,Sun,11:00 AM,10831,NP Aurora,,Hudson   GRWA,,Boys,2017(U10),4 East EV,663
Hartman Park (Field 8),8/16/26,Sun,1:00 PM,5101,NP Aurora,,Lakewood   B14G,,Boys,2015(U12),1,663
Hartman Park (Field 8),8/16/26,Sun,2:30 PM,11201,NP Aurora,,Shaker Hts.   RED,,Boys,2016(U11),3 East,663
Hartman Park (Field 8),8/23/26,Sun,10:00 AM,11205,NP Aurora,,Stow   Mar,,Boys,2016(U11),3 East,663
Hartman Park (Field 8),8/23/26,Sun,4:00 PM,5105,NP Aurora,,Shaker Hts.   BLK,,Boys,2015(U12),1,663
Hartman Park (Field 8),8/30/26,Sun,11:30 AM,5116,NP Aurora,,Avon Lake,,Boys,2015(U12),1,663
Hartman Park (Field 8),8/30/26,Sun,1:00 PM,11216,NP Aurora,,Willoughby,,Boys,2016(U11),3 East,663
Hartman Park (Field 8),8/30/26,Sun,4:00 PM,2220,NP Aurora,,Firelands,,Girls,2015(U12),2,663
Hartman Park (Field 8),9/13/26,Sun,2:30 PM,11219,NP Aurora,,Mentor,,Boys,2016(U11),3 East,663
Hartman Park (Field 8),9/13/26,Sun,4:00 PM,5119,NP Aurora,,Strongsville   NB,,Boys,2015(U12),1,663
Hartman Park (Field 8),9/13/26,Sun,4:30 PM,2211,NP Aurora,,Midview,,Girls,2015(U12),2,663
Hartman Park (Field 8),9/16/26,Wed,6:00 PM,2230,NP Aurora,,Broadview Hts.,,Girls,2015(U12),2,663
Hartman Park (Field 8),10/25/26,Sun,1:00 PM,2213,NP Aurora,,Green,,Girls,2015(U12),2,663
Hartman Park (Townline Rd soccer fields) (#10),8/16/26,Sun,2:30 PM,4601,Aurora,,Avon,,Boys,2016(U11),1,448
Hartman Park (Townline Rd soccer fields) (#10),8/17/26,Mon,6:30 PM,7801,Aurora,,Orange,,Girls,2016(U11),3 East,448
Hartman Park (Townline Rd soccer fields) (#10),8/23/26,Sun,1:00 PM,12308,Aurora,,Eastlake,,Boys,2015(U12),5 East,448
Hartman Park (Townline Rd soccer fields) (#10),8/25/26,Tue,6:30 PM,7807,Aurora,,Shaker Hts.   BLK,,Girls,2016(U11),3 East,448
Hartman Park (Townline Rd soccer fields) (#10),8/27/26,Thu,6:30 PM,1409,Aurora,,Eastside Kickers,,Girls,2017(U10),4 East,448
Hartman Park (Townline Rd soccer fields) (#10),8/30/26,Sun,9:30 AM,12315,Aurora,,Shaker Hts.   SLV,,Boys,2015(U12),5 East,448
Hartman Park (Townline Rd soccer fields) (#10),8/30/26,Sun,1:00 PM,1413,Aurora,,Orange,,Girls,2017(U10),4 East,448
Hartman Park (Townline Rd soccer fields) (#10),8/30/26,Sun,5:00 PM,11615,Aurora,,Willoughby,,Boys,2016(U11),5 East EV,448
Hartman Park (Townline Rd soccer fields) (#10),9/9/26,Wed,6:30 PM,4605,Aurora,,Medina   11Gr,,Boys,2016(U11),1,448
Hartman Park (Townline Rd soccer fields) (#10),9/11/26,Fri,6:30 PM,4616,Aurora,,North Canton,,Boys,2016(U11),1,448
Hartman Park (Townline Rd soccer fields) (#10),9/13/26,Sun,1:00 PM,4619,Aurora,,Hudson   SFER,,Boys,2016(U11),1,448
Hartman Park (Townline Rd soccer fields) (#10),9/13/26,Sun,4:30 PM,7813,Aurora,,Hudson   RENN,,Girls,2016(U11),3 East,448
Hartman Park (Townline Rd soccer fields) (#10),9/20/26,Sun,12:00 PM,12323,Aurora,,Hudson   HARR,,Boys,2015(U12),5 East,448
Hartman Park (Townline Rd soccer fields) (#10),9/20/26,Sun,2:30 PM,11624,Aurora,,Mantua,,Boys,2016(U11),5 East EV,448
Hartman Park (Townline Rd soccer fields) (#10),9/27/26,Sun,11:30 AM,7819,Aurora,,Chagrin Falls,,Girls,2016(U11),3 East,448
Hartman Park (Townline Rd soccer fields) (#10),9/27/26,Sun,1:00 PM,1426,Aurora,,Solon United,,Girls,2017(U10),4 East,448
Hartman Park (Townline Rd soccer fields) (#10),10/11/26,Sun,11:30 AM,12332,Aurora,,Solon United,,Boys,2015(U12),5 East,448
Hartman Park (Townline Rd soccer fields) (#10),10/18/26,Sun,1:00 PM,1431,Aurora,,Olmsted Falls   Gold,,Girls,2017(U10),4 East,448
Hartman Park (Townline Rd soccer fields) (#10),10/21/26,Wed,6:00 PM,11633,Aurora,,Eastside Kickers,,Boys,2016(U11),5 East EV,448
Hartman Park (Townline Rd soccer fields) (#10),10/25/26,Sun,10:00 AM,11626,Aurora,,Shaker Hts.   GLD,,Boys,2016(U11),5 East EV,448
Hartman Park (Townline Rd soccer fields) (#12),8/23/26,Sun,4:00 PM,13308,Aurora,,Geneva,,Boys,2012(U14/15),4 East,448
Hartman Park (Townline Rd soccer fields) (#12),8/27/26,Thu,6:30 PM,9012,Aurora,,Streetsboro,,Girls,2012(U14/15),3 East,448
Hartman Park (Townline Rd soccer fields) (#12),8/30/26,Sun,1:00 PM,13315,Aurora,,Mentor,,Boys,2012(U14/15),4 East,448
Hartman Park (Townline Rd soccer fields) (#12),8/30/26,Sun,5:30 PM,2813,Aurora,,Fairview Park,,Girls,2014(U13),3,448
Hartman Park (Townline Rd soccer fields) (#12),9/11/26,Fri,6:30 PM,9112,Aurora,,West Geauga,,Girls,2012(U14/15),4 East,448
Hartman Park (Townline Rd soccer fields) (#12),9/13/26,Sun,9:45 AM,9123,Aurora,,Madison,,Girls,2012(U14/15),4 East,448
Hartman Park (Townline Rd soccer fields) (#12),9/13/26,Sun,11:30 AM,9017,Aurora,,Mayfield   TB,,Girls,2012(U14/15),3 East,448
Hartman Park (Townline Rd soccer fields) (#12),9/17/26,Thu,6:00 PM,9021,Aurora,,Geauga Federation SC,,Girls,2012(U14/15),3 East,448
Hartman Park (Townline Rd soccer fields) (#12),9/18/26,Fri,6:30 PM,2809,Aurora,,Parma,,Girls,2014(U13),3,448
Hartman Park (Townline Rd soccer fields) (#12),9/20/26,Sun,11:30 AM,9128,Aurora,,Solon United,,Girls,2012(U14/15),4 East,448
Hartman Park (Townline Rd soccer fields) (#12),9/20/26,Sun,5:30 PM,13323,Aurora,,Eastside Kickers,,Boys,2012(U14/15),4 East,448
Hartman Park (Townline Rd soccer fields) (#12),9/27/26,Sun,3:30 PM,2826,Aurora,,Independence,,Girls,2014(U13),3,448
Hartman Park (Townline Rd soccer fields) (#12),10/11/26,Sun,11:30 AM,9030,Aurora,,Independence,,Girls,2012(U14/15),3 East,448
Hartman Park (Townline Rd soccer fields) (#12),10/11/26,Sun,1:30 PM,9136,Aurora,,Hudson   CARP,,Girls,2012(U14/15),4 East,448
Hartman Park (Townline Rd soccer fields) (#12),10/11/26,Sun,3:00 PM,2831,Aurora,,North Royalton,,Girls,2014(U13),3,448
Hartman Park (Townline Rd soccer fields) (#12),10/11/26,Sun,4:00 PM,13332,Aurora,,NP Aurora,,Boys,2012(U14/15),4 East,448
Hartman Park (Townline Rd soccer fields) (#8),8/26/26,Wed,6:30 PM,10110,Aurora,,Solon United,,Boys,2018(U09),4 East,448
Hartman Park (Townline Rd soccer fields) (#8),9/5/26,Sat,3:00 PM,809,Aurora,,Kenston,,Girls,2018(U09),3,448
Hartman Park (Townline Rd soccer fields) (#8),9/13/26,Sun,2:30 PM,10120,Aurora,,Streetsboro,,Boys,2018(U09),4 East,448
Hartman Park (Townline Rd soccer fields) (#8),9/27/26,Sun,2:30 PM,826,Aurora,,Bay Village   JW,,Girls,2018(U09),3,448
Hartman Park (Townline Rd soccer fields) (#8),10/11/26,Sun,1:00 PM,10129,Aurora,,Kenston   AT,,Boys,2018(U09),4 East,448
Hartman Park (Townline Rd soccer fields) (#8),10/11/26,Sun,2:30 PM,831,Aurora,,Strongsville   DC,,Girls,2018(U09),3,448
Hartman Park (Townline Rd soccer fields) (#8),10/16/26,Fri,6:30 PM,813,Aurora,,Olmsted Falls   Gold,,Girls,2018(U09),3,448
Hartman Park (Townline Rd soccer fields) (#8),10/25/26,Sun,1:00 PM,10128,Aurora,,Shaker Hts.   RED,,Boys,2018(U09),4 East,448
Heigel Park (Heigel Field 1 9v9),9/13/26,Sun,2:30 PM,5519,Port Clinton,,Bay Village   JS,,Boys,2015(U12),5 West,662
Heigel Park (Heigel Field 2 11v11),9/13/26,Sun,4:00 PM,3428,Port Clinton,,Rocky River   GLD,,Girls,2012(U14/15),4 West,662
Heigel Park (Heigel Field 2 11v11),10/13/26,Tue,6:00 PM,5823,Port Clinton,,LaGrange,,Boys,2014(U13),3 West,662
High School Field (High school field),9/13/26,Sun,11:30 AM,6325,Amherst,,Lakewood   B12G,,Boys,2012(U14/15),3 West,767
Hoover High Soccer Stadium (Turf),8/16/26,Sun,1:00 PM,9202,North Canton,,Buckeye,,Girls,2012(U14/15),4 South,524
Hoover High Soccer Stadium (Turf),8/16/26,Sun,2:30 PM,12802,North Canton,,Cloverleaf,,Boys,2014(U13),4 South,524
Hoover High Soccer Stadium (Turf),8/16/26,Sun,4:00 PM,13603,North Canton,,Wadsworth   PET,,Boys,2012(U14/15),5 South,524
Hoover High Soccer Stadium (Turf),8/23/26,Sun,1:00 PM,13608,North Canton,,Buckeye,,Boys,2012(U14/15),5 South,524
Hoover High Soccer Stadium (Turf),8/23/26,Sun,2:30 PM,12804,North Canton,,Copley,,Boys,2014(U13),4 South,524
Hoover High Soccer Stadium (Turf),8/25/26,Tue,6:30 PM,9211,North Canton,,Medina   14WT,,Girls,2012(U14/15),4 South,524
Hoover High Soccer Stadium (Turf),8/26/26,Wed,6:30 PM,13610,North Canton,,Highland   CM2,,Boys,2012(U14/15),5 South,524
Hoover High Soccer Stadium (Turf),9/13/26,Sun,2:30 PM,9218,North Canton,,Northwest,,Girls,2012(U14/15),4 South,524
Hoover High Soccer Stadium (Turf),9/13/26,Sun,5:30 PM,13617,North Canton,,Lake Select SC   U14,,Boys,2012(U14/15),5 South,524
Hoover High Soccer Stadium (Turf),9/20/26,Sun,2:30 PM,12817,North Canton,,Northwest,,Boys,2014(U13),4 South,524
Hoover High Soccer Stadium (Turf),9/20/26,Sun,4:00 PM,9222,North Canton,,Akron Inner City,,Girls,2012(U14/15),4 South,524
Hoover High Soccer Stadium (Turf),10/11/26,Sun,2:30 PM,12823,North Canton,,Perry (Stark),,Boys,2014(U13),4 South,524
Hoover Park (9v9),8/16/26,Sun,1:00 PM,5203,North Canton,,Broadview Hts.,,Boys,2015(U12),2,614
Hoover Park (9v9),8/16/26,Sun,2:30 PM,4603,North Canton,,North Royalton,,Boys,2016(U11),1,614
Hoover Park (9v9),8/23/26,Sun,11:00 AM,5209,North Canton,,Green,,Boys,2015(U12),2,614
Hoover Park (9v9),8/23/26,Sun,2:30 PM,4607,North Canton,,Avon,,Boys,2016(U11),1,614
Hoover Park (9v9),8/23/26,Sun,4:00 PM,12408,North Canton,,Cloverleaf,,Boys,2015(U12),5 South,614
Hoover Park (9v9),8/27/26,Thu,6:30 PM,11512,North Canton,,Highland   BB1,,Boys,2016(U11),4 South,614
Hoover Park (9v9),8/30/26,Sun,1:00 PM,8710,North Canton,,Buckeye,,Girls,2015(U12),4 South,614
Hoover Park (9v9),8/31/26,Mon,6:30 PM,5220,North Canton,,Ashland,,Boys,2015(U12),2,614
Hoover Park (9v9),9/13/26,Sun,1:00 PM,8715,North Canton,,Revere,,Girls,2015(U12),4 South,614
Hoover Park (9v9),9/13/26,Sun,2:30 PM,11523,North Canton,,Green,,Boys,2016(U11),4 South,614
Hoover Park (9v9),9/13/26,Sun,4:00 PM,12424,North Canton,,Manchester,,Boys,2015(U12),5 South,614
Hoover Park (9v9),9/20/26,Sun,1:00 PM,11528,North Canton,,Wadsworth   DOL,,Boys,2016(U11),4 South,614
Hoover Park (9v9),9/20/26,Sun,2:30 PM,4624,North Canton,,Solon United,,Boys,2016(U11),1,614
Hoover Park (9v9),9/27/26,Sun,11:30 AM,4625,North Canton,,Hudson   SFER,,Boys,2016(U11),1,614
Hoover Park (9v9),9/27/26,Sun,1:00 PM,8720,North Canton,,Cloverleaf,,Girls,2015(U12),4 South,614
Hoover Park (9v9),10/1/26,Thu,6:00 PM,5240,North Canton,,Stow   Mar,,Boys,2015(U12),2,614
Hoover Park (9v9),10/11/26,Sun,11:30 AM,12439,North Canton,,Perry (Stark),,Boys,2015(U12),5 South,614
Hoover Park (9v9),10/11/26,Sun,2:30 PM,11536,North Canton,,Northwest,,Boys,2016(U11),4 South,614
Hoover Park (9v9),10/11/26,Sun,4:00 PM,8724,North Canton,,Perry (Stark),,Girls,2015(U12),4 South,614
Hoover Park (9v9),10/18/26,Sun,3:00 PM,12402,North Canton,,Highland   CM1,,Boys,2015(U12),5 South,614
Hopfinger Zimmerman Park (Field 1 - 7v7),8/23/26,Sun,11:30 AM,4507,Port Clinton   WHT,,Sandusky,,Boys,2017(U10),5 West,717
Hopfinger Zimmerman Park (Field 1 - 7v7),8/23/26,Sun,2:30 PM,4308,Port Clinton   RED,,Firelands,,Boys,2017(U10),3 West,717
Hopfinger Zimmerman Park (Field 1 - 7v7),8/25/26,Tue,6:30 PM,7212,Port Clinton,,Vermilion,,Girls,2018(U09),5 West,717
Hopfinger Zimmerman Park (Field 1 - 7v7),8/28/26,Fri,6:30 PM,15108,Port Clinton,,Westlake   BL,,Girls,2017(U10),4 West EV,717
Hopfinger Zimmerman Park (Field 1 - 7v7),8/30/26,Sun,2:30 PM,4315,Port Clinton   RED,,Rocky River   MRN,,Boys,2017(U10),3 West,717
Hopfinger Zimmerman Park (Field 1 - 7v7),8/30/26,Sun,4:00 PM,15112,Port Clinton,,Bay Village   BH,,Girls,2017(U10),4 West EV,717
Hopfinger Zimmerman Park (Field 1 - 7v7),9/20/26,Sun,10:00 AM,4526,Port Clinton   WHT,,Bay Village   SA,,Boys,2017(U10),5 West,717
Hopfinger Zimmerman Park (Field 1 - 7v7),9/20/26,Sun,11:30 AM,4323,Port Clinton   RED,,Amherst,,Boys,2017(U10),3 West,717
Hopfinger Zimmerman Park (Field 1 - 7v7),9/20/26,Sun,1:00 PM,15118,Port Clinton,,Avon Lake,,Girls,2017(U10),4 West EV,717
Hopfinger Zimmerman Park (Field 1 - 7v7),9/20/26,Sun,2:30 PM,7228,Port Clinton,,Midview,,Girls,2018(U09),5 West,717
Hopfinger Zimmerman Park (Field 1 - 7v7),9/27/26,Sun,11:30 AM,15121,Port Clinton,,Amherst,,Girls,2017(U10),4 West EV,717
Hopfinger Zimmerman Park (Field 1 - 7v7),9/27/26,Sun,1:00 PM,4532,Port Clinton   WHT,,Lakewood   B16W,,Boys,2017(U10),5 West,717
Hopfinger Zimmerman Park (Field 1 - 7v7),10/25/26,Sun,4:30 PM,4519,Port Clinton   WHT,,Parma,,Boys,2017(U10),5 West,717
Hopfinger Zimmerman Park (Field 2 - 9v9),8/16/26,Sun,12:30 PM,5501,Port Clinton,,Olmsted Falls   Gold,,Boys,2015(U12),5 West,717
Hopfinger Zimmerman Park (Field 2 - 9v9),8/16/26,Sun,2:00 PM,2304,Port Clinton,,Avon Lake,,Girls,2015(U12),3 West,717
Hopfinger Zimmerman Park (Field 2 - 9v9),8/23/26,Sun,1:00 PM,5505,Port Clinton,,Lakewood   B14B,,Boys,2015(U12),5 West,717
Hopfinger Zimmerman Park (Field 2 - 9v9),8/23/26,Sun,2:30 PM,2306,Port Clinton,,Parma,,Girls,2015(U12),3 West,717
Hopfinger Zimmerman Park (Field 2 - 9v9),8/30/26,Sun,1:00 PM,2314,Port Clinton,,Westlake   CG,,Girls,2015(U12),3 West,717
Hopfinger Zimmerman Park (Field 2 - 9v9),8/30/26,Sun,4:00 PM,5516,Port Clinton,,Avon,,Boys,2015(U12),5 West,717
Hopfinger Zimmerman Park (Field 2 - 9v9),10/25/26,Sun,10:00 AM,2327,Port Clinton,,Olmsted Falls   Blue,,Girls,2015(U12),3 West,717
Hopkins Park (Laurel) (L3 11v11),8/16/26,Sun,2:30 PM,2701,Brunswick,,Jackson,,Girls,2014(U13),2,256
Hopkins Park (Laurel) (L3 11v11),8/16/26,Sun,6:30 PM,3103,Brunswick,,Stow   Mar,,Girls,2012(U14/15),1,256
Hopkins Park (Laurel) (L3 11v11),8/21/26,Fri,6:30 PM,3122,Brunswick,,Ashland,,Girls,2012(U14/15),1,256
Hopkins Park (Laurel) (L3 11v11),8/23/26,Sun,1:00 PM,12608,Brunswick,,Norton,,Boys,2014(U13),3 South,256
Hopkins Park (Laurel) (L3 11v11),8/23/26,Sun,5:00 PM,2705,Brunswick,,Brecksville Bees SA,,Girls,2014(U13),2,256
Hopkins Park (Laurel) (L3 11v11),8/23/26,Sun,6:30 PM,3105,Brunswick,,Bay Village   DR,,Girls,2012(U14/15),1,256
Hopkins Park (Laurel) (L3 11v11),8/26/26,Wed,6:30 PM,13412,Brunswick,,Manchester,,Boys,2012(U14/15),4 South,256
Hopkins Park (Laurel) (L3 11v11),8/30/26,Sun,1:00 PM,12615,Brunswick,,Brecksville Bees SA,,Boys,2014(U13),3 South,256
Hopkins Park (Laurel) (L3 11v11),9/1/26,Tue,6:30 PM,2716,Brunswick,,Olmsted Falls   Blue,,Girls,2014(U13),2,256
Hopkins Park (Laurel) (L3 11v11),9/2/26,Wed,6:30 PM,13421,Brunswick,,Green,,Boys,2012(U14/15),4 South,256
Hopkins Park (Laurel) (L3 11v11),9/13/26,Sun,10:00 AM,2719,Brunswick,,Chagrin Falls,,Girls,2014(U13),2,256
Hopkins Park (Laurel) (L3 11v11),9/16/26,Wed,6:00 PM,13417,Brunswick,,Parma,,Boys,2012(U14/15),4 South,256
Hopkins Park (Laurel) (L3 11v11),9/24/26,Thu,6:30 PM,13430,Brunswick,,Cloverleaf,,Boys,2012(U14/15),4 South,256
Hopkins Park (Laurel) (L3 11v11),10/5/26,Mon,6:00 PM,3114,Brunswick,,Westlake   JD,,Girls,2012(U14/15),1,256
Hopkins Park (Laurel) (L3 11v11),10/11/26,Sun,11:00 AM,12632,Brunswick,,Broadview Hts.,,Boys,2014(U13),3 South,256
Hopkins Park (Laurel) (L3 11v11),10/11/26,Sun,2:30 PM,12623,Brunswick,,Wadsworth   LET,,Boys,2014(U13),3 South,256
HowlandTownship Park (Howland u10),8/16/26,Sun,6:00 PM,1301,Warren,,Chagrin Falls,,Girls,2017(U10),3 East,759
HowlandTownship Park (Howland u10),8/23/26,Sun,5:00 PM,4203,Warren,,Wickliffe,,Boys,2017(U10),2 East,759
HowlandTownship Park (Howland u10),8/24/26,Mon,6:30 PM,1307,Warren,,Shaker Hts.   RED,,Girls,2017(U10),3 East,759
HowlandTownship Park (Howland u10),8/30/26,Sun,12:00 PM,4206,Warren,,Twinsburg   Blue,,Boys,2017(U10),2 East,759
HowlandTownship Park (Howland u10),9/13/26,Sun,11:15 AM,1313,Warren,,Hudson   KENW,,Girls,2017(U10),3 East,759
HowlandTownship Park (Howland u10),9/20/26,Sun,9:30 AM,4211,Warren,,Shaker Hts.   BLK,,Boys,2017(U10),2 East,759
HowlandTownship Park (Howland u10),9/27/26,Sun,5:00 PM,1319,Warren,,Mayfield   MF,,Girls,2017(U10),3 East,759
HowlandTownship Park (Howland u10),10/25/26,Sun,1:00 PM,4220,Warren,,Chagrin Falls,,Boys,2017(U10),2 East,759
Hudson High School  (Hudson HS Grass Field),9/20/26,Sun,11:30 AM,14824,Hudson   GUTI,,Green,,Boys,2012(U14/15),2 East,456
Hudson High School  (Hudson HS Grass Field),9/20/26,Sun,1:00 PM,9129,Hudson   CARP,,Eastside Kickers,,Girls,2012(U14/15),4 East,456
Independence High School (Grass) (Field 7),8/16/26,Sun,10:00 AM,9002,Independence,,Aurora,,Girls,2012(U14/15),3 East,126
Independence High School (Grass) (Field 7),8/16/26,Sun,3:00 PM,6304,Independence,,Sandusky,,Boys,2012(U14/15),3 West,126
Independence High School (Grass) (Field 7),8/23/26,Sun,12:00 PM,6306,Independence,,Amherst,,Boys,2012(U14/15),3 West,126
Independence High School (Grass) (Field 7),8/26/26,Wed,6:30 PM,2812,Independence,,North Royalton,,Girls,2014(U13),3,126
Independence High School (Grass) (Field 7),8/27/26,Thu,6:30 PM,9011,Independence,,Mayfield   TB,,Girls,2012(U14/15),3 East,126
Independence High School (Grass) (Field 7),8/30/26,Sun,2:30 PM,6316,Independence,,Bay Village   MM,,Boys,2012(U14/15),3 West,126
Independence High School (Grass) (Field 7),9/13/26,Sun,1:00 PM,9018,Independence,,Streetsboro,,Girls,2012(U14/15),3 East,126
Independence High School (Grass) (Field 7),9/13/26,Sun,4:30 PM,2817,Independence,,Revere,,Girls,2014(U13),3,126
Independence High School (Grass) (Field 7),9/20/26,Sun,1:00 PM,6327,Independence,,Avon,,Boys,2012(U14/15),3 West,126
Independence High School (Grass) (Field 7),9/20/26,Sun,4:00 PM,9022,Independence,,West Geauga,,Girls,2012(U14/15),3 East,126
Independence High School (Grass) (Field 7),9/20/26,Sun,6:00 PM,2821,Independence,,Shaker Hts.   RED,,Girls,2014(U13),3,126
Independence High School (Grass) (Field 7),10/11/26,Sun,5:30 PM,2830,Independence,,Fairview Park,,Girls,2014(U13),3,126
Jackson High School (Jackson Netz Stadium (turf)),8/16/26,Sun,4:00 PM,3201,Jackson,,Green,,Girls,2012(U14/15),2,728
Jackson High School (Jackson Netz Stadium (turf)),9/13/26,Sun,11:30 AM,2720,Jackson,,Twinsburg,,Girls,2014(U13),2,728
Jackson High School (Jackson Netz Stadium (turf)),9/27/26,Sun,4:00 PM,2728,Jackson,,NP Aurora,,Girls,2014(U13),2,728
Jackson High School (Jackson Netz Stadium (turf)),9/27/26,Sun,5:30 PM,3233,Jackson,,Solon United,,Girls,2012(U14/15),2,728
Jackson High School (Jackson Netz Stadium (turf)),10/11/26,Sun,5:30 PM,2729,Jackson,,Brunswick,,Girls,2014(U13),2,728
Jackson High School (Jackson Netz Stadium (turf)),10/18/26,Sun,5:30 PM,2710,Jackson,,Chagrin Falls,,Girls,2014(U13),2,728
Jackson North Park (Jackson 9v9),8/16/26,Sun,1:00 PM,12203,Jackson,,Lake Select SC   U12,,Boys,2015(U12),4 South EV,243
Jackson North Park (Jackson 9v9),9/27/26,Sun,1:00 PM,1735,Jackson,,Brunswick,,Girls,2016(U11),2,243
James Day Park (Field # 3),8/16/26,Sun,12:00 PM,902,Parma,,Avon,,Girls,2018(U09),4 West,332
James Day Park (Field # 3),8/16/26,Sun,2:30 PM,302,Parma,,Brunswick,,Boys,2019(U08),South V,332
James Day Park (Field # 3),8/16/26,Sun,4:00 PM,3803,Parma,,Olmsted Falls   Blue,,Boys,2018(U09),3 West,332
James Day Park (Field # 3),8/16/26,Sun,5:30 PM,4502,Parma,,Olmsted Falls   Wht,,Boys,2017(U10),5 West,332
James Day Park (Field # 3),8/23/26,Sun,2:30 PM,4508,Parma,,Lakewood   B16W,,Boys,2017(U10),5 West,332
James Day Park (Field # 3),8/23/26,Sun,4:00 PM,14905,Parma,,Medina   U8WT,,Girls,2018(U09),5 South EN,332
James Day Park (Field # 3),8/26/26,Wed,6:30 PM,7409,Parma,,Lakewood   G16P,,Girls,2017(U10),4 West,332
James Day Park (Field # 3),8/30/26,Sun,10:00 AM,14916,Parma,,North Royalton,,Girls,2018(U09),5 South EN,332
James Day Park (Field # 3),8/30/26,Sun,11:30 AM,7411,Parma,,North Ridgeville,,Girls,2017(U10),4 West,332
James Day Park (Field # 3),8/30/26,Sun,1:00 PM,10319,Parma,,Highland   BR1,,Boys,2018(U09),5 South EV,332
James Day Park (Field # 3),9/1/26,Tue,6:30 PM,907,Parma,,Westlake   GF,,Girls,2018(U09),4 West,332
James Day Park (Field # 3),9/2/26,Wed,6:30 PM,7406,Parma,,Bay Village   ND,,Girls,2017(U10),4 West,332
James Day Park (Field # 3),9/8/26,Tue,6:30 PM,14919,Parma,,Wadsworth   PHA,,Girls,2018(U09),5 South EN,332
James Day Park (Field # 3),9/13/26,Sun,2:30 PM,310,Parma,,Strongsville   TK,,Boys,2019(U08),South V,332
James Day Park (Field # 3),9/13/26,Sun,4:00 PM,4524,Parma,,Bay Village   SA,,Boys,2017(U10),5 West,332
James Day Park (Field # 3),9/20/26,Sun,11:30 AM,7416,Parma,,Rocky River   WHT,,Girls,2017(U10),4 West,332
James Day Park (Field # 3),9/20/26,Sun,1:00 PM,916,Parma,,Rocky River   WHT,,Girls,2018(U09),4 West,332
James Day Park (Field # 3),9/20/26,Sun,5:30 PM,3824,Parma,,Brunswick   RYL,,Boys,2018(U09),3 West,332
James Day Park (Field # 3),9/23/26,Wed,6:00 PM,10326,Parma,,Revere   BLUE,,Boys,2018(U09),5 South EV,332
James Day Park (Field # 3),9/27/26,Sun,11:30 AM,10332,Parma,,Buckeye,,Boys,2018(U09),5 South EV,332
James Day Park (Field # 3),9/27/26,Sun,1:00 PM,3825,Parma,,Bay Village   SM,,Boys,2018(U09),3 West,332
James Day Park (Field # 3),9/27/26,Sun,2:30 PM,921,Parma,,Bay Village   TU,,Girls,2018(U09),4 West,332
James Day Park (Field # 3),10/11/26,Sun,1:00 PM,4539,Parma,,Brunswick   BLK,,Boys,2017(U10),5 West,332
James Day Park (Field # 3),10/12/26,Mon,6:00 PM,315,Parma,,Strongsville   JD,,Boys,2019(U08),South V,332
James Day Park (Field # 3),10/18/26,Sun,11:00 AM,14901,Parma,,Revere   BLUE,,Girls,2018(U09),5 South EN,332
James Day Park (Field # 3),10/18/26,Sun,1:00 PM,3807,Parma,,Rocky River   MRN,,Boys,2018(U09),3 West,332
James Day Park (Field # 3),10/18/26,Sun,2:30 PM,318,Parma,,Broadview Hts.,,Boys,2019(U08),South V,332
James Day Park (Field # 3),10/18/26,Sun,4:00 PM,10307,Parma,,Rootstown,,Boys,2018(U09),5 South EV,332
James Day Park (Field # 7),8/16/26,Sun,1:00 PM,2331,Parma,,Olmsted Falls   Blue,,Girls,2015(U12),3 West,332
James Day Park (Field # 7),8/16/26,Sun,2:30 PM,4904,Parma,,Fairview Park,,Boys,2016(U11),4 West,332
James Day Park (Field # 7),8/23/26,Sun,1:00 PM,4906,Parma,,Bay Village   KD,,Boys,2016(U11),4 West,332
James Day Park (Field # 7),8/23/26,Sun,2:30 PM,1806,Parma,,Olmsted Falls   Gold,,Girls,2016(U11),3 West,332
James Day Park (Field # 7),8/27/26,Thu,6:30 PM,1809,Parma,,Strongsville   MAD,,Girls,2016(U11),3 West,332
James Day Park (Field # 7),8/30/26,Sun,11:30 AM,1811,Parma,,Bay Village   CM,,Girls,2016(U11),3 West,332
James Day Park (Field # 7),8/30/26,Sun,1:00 PM,5513,Parma,,Norwalk HCYSC,,Boys,2015(U12),5 West,332
James Day Park (Field # 7),8/30/26,Sun,2:30 PM,2313,Parma,,Lakewood   G14G,,Girls,2015(U12),3 West,332
James Day Park (Field # 7),9/9/26,Wed,6:00 PM,4914,Parma,,LaGrange,,Boys,2016(U11),4 West,332
James Day Park (Field # 7),9/20/26,Sun,5:30 PM,1816,Parma,,Amherst,,Girls,2016(U11),3 West,332
James Day Park (Field # 7),9/27/26,Sun,11:30 AM,4927,Parma,,Norwalk HCYSC,,Boys,2016(U11),4 West,332
James Day Park (Field # 7),9/27/26,Sun,2:30 PM,5526,Parma,,Lakewood   B14B,,Boys,2015(U12),5 West,332
James Day Park (Field # 7),9/27/26,Sun,5:30 PM,2326,Parma,,North Ridgeville,,Girls,2015(U12),3 West,332
James Day Park (Field # 7),10/11/26,Sun,11:30 AM,5531,Parma,,Avon,,Boys,2015(U12),5 West,332
James Day Park (Field # 7),10/18/26,Sun,5:00 PM,5509,Parma,,Port Clinton,,Boys,2015(U12),5 West,332
James Day Park (Field # 7),10/25/26,Sun,6:30 PM,2309,Parma,,Westlake   CG,,Girls,2015(U12),3 West,332
James Day Park (Field #1),8/16/26,Sun,11:30 AM,13404,Parma,,North Ridgeville,,Boys,2012(U14/15),4 South,332
James Day Park (Field #1),8/16/26,Sun,2:30 PM,5911,Parma,,Olmsted Falls   Blue,,Boys,2014(U13),4 West,332
James Day Park (Field #1),8/16/26,Sun,4:00 PM,5901,Parma,,Olmsted Falls   Blue,,Boys,2014(U13),4 West,332
James Day Park (Field #1),8/16/26,Sun,5:30 PM,2801,Parma,,Shaker Hts.   RED,,Girls,2014(U13),3,332
James Day Park (Field #1),8/23/26,Sun,4:00 PM,2805,Parma,,Independence,,Girls,2014(U13),3,332
James Day Park (Field #1),8/23/26,Sun,5:30 PM,13406,Parma,,Northwest,,Boys,2012(U14/15),4 South,332
James Day Park (Field #1),8/30/26,Sun,11:30 AM,5908,Parma,,Lakewood   B13G,,Boys,2014(U13),4 West,332
James Day Park (Field #1),8/30/26,Sun,2:30 PM,13414,Parma,,Green,,Boys,2012(U14/15),4 South,332
James Day Park (Field #1),8/30/26,Sun,5:30 PM,3315,Parma,,Westlake   RR,,Girls,2012(U14/15),3,332
James Day Park (Field #1),9/1/26,Tue,6:00 PM,3308,Parma,,North Olmsted,,Girls,2012(U14/15),3,332
James Day Park (Field #1),9/9/26,Wed,6:00 PM,2819,Parma,,Strongsville   CL,,Girls,2014(U13),3,332
James Day Park (Field #1),9/20/26,Sun,2:30 PM,3323,Parma,,Highland   DE1,,Girls,2012(U14/15),3,332
James Day Park (Field #1),9/27/26,Sun,1:00 PM,5914,Parma,,TUSA,,Boys,2014(U13),4 West,332
James Day Park (Field #1),9/27/26,Sun,4:00 PM,13427,Parma,,Tallmadge,,Boys,2012(U14/15),4 South,332
James Day Park (Field #1),10/11/26,Sun,5:30 PM,3332,Parma,,Avon Lake,,Girls,2012(U14/15),3,332
James Day Park (Field #1),10/18/26,Sun,12:00 PM,2816,Parma,,North Royalton,,Girls,2014(U13),3,332
Jindra Park (Jindra Park),8/16/26,Sun,4:30 PM,12103,Wickliffe,,Shaker Hts.   WHT,,Boys,2015(U12),4 East,161
Jindra Park (Jindra Park),8/23/26,Sun,1:00 PM,12109,Wickliffe,,Eastside Kickers,,Boys,2015(U12),4 East,161
Jindra Park (Jindra Park),8/25/26,Tue,6:30 PM,8810,Wickliffe,,Brunswick   WHT,,Girls,2015(U12),5,161
Jindra Park (Jindra Park),10/11/26,Sun,1:00 PM,12140,Wickliffe,,Orange,,Boys,2015(U12),4 East,161
Jindra Park (Jindra Park),10/11/26,Sun,2:30 PM,8829,Wickliffe,,Orange,,Girls,2015(U12),5,161
John Braun Park (John Braun Field 1 7v7),9/13/26,Sun,2:30 PM,7223,Port Clinton,,Westlake   KP,,Girls,2018(U09),5 West,716
John Braun Park (John Braun Field 1 7v7),10/11/26,Sun,1:00 PM,4332,Port Clinton   RED,,Sandusky,,Boys,2017(U10),3 West,716
John Braun Park (John Braun Field 1 7v7),10/11/26,Sun,2:30 PM,7236,Port Clinton,,Rocky River   GLD,,Girls,2018(U09),5 West,716
Kenston High School Bomber Stadium (Stadium Turf),8/16/26,Sun,1:00 PM,12702,Kenston   SLV,,Hudson   HARR,,Boys,2014(U13),4 East,618
Kenston High School Bomber Stadium (Stadium Turf),8/16/26,Sun,4:00 PM,14802,Kenston,,Mayfield   MA,,Boys,2012(U14/15),2 East,618
Kenston High School Bomber Stadium (Stadium Turf),8/23/26,Sun,1:00 PM,12704,Kenston   SLV,,Mayfield   DW,,Boys,2014(U13),4 East,618
Kenston High School Bomber Stadium (Stadium Turf),8/23/26,Sun,2:30 PM,12705,Kenston   BLK,,Hudson   HARR,,Boys,2014(U13),4 East,618
Kenston High School Bomber Stadium (Stadium Turf),8/27/26,Thu,6:30 PM,14811,Kenston,,Green,,Boys,2012(U14/15),2 East,618
Kenston High School Bomber Stadium (Stadium Turf),8/30/26,Sun,6:00 PM,2610,Kenston,,Mayfield   SS,,Girls,2014(U13),1,618
Kenston High School Bomber Stadium (Stadium Turf),9/6/26,Sun,4:00 PM,14818,Kenston,,Hudson   GUTI,,Boys,2012(U14/15),2 East,618
Kenston High School Bomber Stadium (Stadium Turf),9/13/26,Sun,1:00 PM,12714,Kenston   BLK,,Wickliffe,,Boys,2014(U13),4 East,618
Kenston High School Bomber Stadium (Stadium Turf),9/20/26,Sun,1:00 PM,14822,Kenston,,Warren,,Boys,2012(U14/15),2 East,618
Kenston High School Bomber Stadium (Stadium Turf),9/20/26,Sun,2:30 PM,12717,Kenston   SLV,,Kenston   BLK,,Boys,2014(U13),4 East,618
Kenston High School Bomber Stadium (Stadium Turf),9/27/26,Sun,6:00 PM,2615,Kenston,,Medina   13GN,,Girls,2014(U13),1,618
Kenston High School Bomber Stadium (Stadium Turf),10/11/26,Sun,1:00 PM,12722,Kenston   BLK,,Mayfield   DW,,Boys,2014(U13),4 East,618
Kenston High School Bomber Stadium (Stadium Turf),10/11/26,Sun,4:00 PM,12723,Kenston   SLV,,Wickliffe,,Boys,2014(U13),4 East,618
Kenston High School Bomber Stadium (Stadium Turf),10/11/26,Sun,5:30 PM,2623,Kenston,,North Royalton,,Girls,2014(U13),1,618
Kenston High School Bomber Stadium (Stadium Turf),10/18/26,Sun,1:30 PM,2626,Kenston,,Shaker Hts.   BLK,,Girls,2014(U13),1,618
Kenston High School Bomber Stadium (Stadium Turf),10/25/26,Sun,1:00 PM,12703,Kenston   BLK,,Kent   BW,,Boys,2014(U13),4 East,618
Kirk Schuring Park (KSP 11v11 Field 7),8/31/26,Mon,6:30 PM,3217,Jackson,,Hudson   BOWM,,Girls,2012(U14/15),2,775
Kirk Schuring Park (KSP 11v11 Field 7),9/8/26,Tue,6:30 PM,3210,Jackson,,Perry (Stark),,Girls,2012(U14/15),2,775
Kirk Schuring Park (KSP 7v7 Field 8),8/23/26,Sun,5:30 PM,7304,Jackson,,Ashland,,Girls,2017(U10),3 South,775
Kirk Schuring Park (KSP 7v7 Field 8),8/25/26,Tue,6:30 PM,14015,Jackson,,Eagles Select   U8B,,Boys,2018(U09),5 South EN,775
Kirk Schuring Park (KSP 7v7 Field 8),8/30/26,Sun,2:30 PM,7010,Jackson,,Medina   U9WT,,Girls,2018(U09),4 South,775
Kirk Schuring Park (KSP 7v7 Field 8),9/13/26,Sun,1:00 PM,14021,Jackson,,Barberton,,Boys,2018(U09),5 South EN,775
Kirk Schuring Park (KSP 7v7 Field 8),9/13/26,Sun,2:30 PM,7015,Jackson,,Ashland,,Girls,2018(U09),4 South,775
Kirk Schuring Park (KSP 7v7 Field 8),9/20/26,Sun,2:30 PM,7317,Jackson,,North Canton,,Girls,2017(U10),3 South,775
Kirk Schuring Park (KSP 7v7 Field 8),10/11/26,Sun,1:00 PM,14038,Jackson,,Lake Select SC   U9,,Boys,2018(U09),5 South EN,775
Kirk Schuring Park (KSP 7v7 Field 8),10/11/26,Sun,2:30 PM,7024,Jackson,,Medina   U8GN,,Girls,2018(U09),4 South,775
Kirk Schuring Park (KSP 7v7 Field 8),10/11/26,Sun,4:00 PM,7323,Jackson,,Mustangs Jr,,Girls,2017(U10),3 South,775
Kirk Schuring Park (KSP 9v9 Field 3),8/23/26,Sun,1:00 PM,12205,Jackson,,Medina   12Wh,,Boys,2015(U12),4 South EV,775
Kirk Schuring Park (KSP 9v9 Field 3),9/3/26,Thu,6:30 PM,1718,Jackson,,Cuyahoga Falls   RV,,Girls,2016(U11),2,775
Kirk Schuring Park (KSP 9v9 Field 3),9/13/26,Sun,4:00 PM,12214,Jackson,,New Philadelphia   MM,,Boys,2015(U12),4 South EV,775
Kirk Schuring Park (KSP 9v9 Field 3),9/20/26,Sun,1:00 PM,1729,Jackson,,Avon Lake,,Girls,2016(U11),2,775
Kirk Schuring Park (KSP 9v9 Field 3),10/11/26,Sun,1:00 PM,12222,Jackson,,Brunswick   WHT,,Boys,2015(U12),4 South EV,775
Kirk Schuring Park (KSP 9v9 Field 3),10/18/26,Sun,4:00 PM,1713,Jackson,,Green,,Girls,2016(U11),2,775
Kreuger Park (11v11 #1),8/16/26,Sun,1:00 PM,12901,Mentor,,North Royalton,,Boys,2014(U13),5 East,77
Kreuger Park (11v11 #1),8/26/26,Wed,6:30 PM,2909,Mentor,,Firelands,,Girls,2014(U13),4,77
Kreuger Park (11v11 #1),8/27/26,Thu,6:30 PM,13312,Mentor,,Stow   Mar,,Boys,2012(U14/15),4 East,77
Kreuger Park (11v11 #1),8/30/26,Sun,11:30 AM,12908,Mentor,,West Geauga,,Boys,2014(U13),5 East,77
Kreuger Park (11v11 #1),8/30/26,Sun,4:00 PM,2911,Mentor,,Bay Village   JK,,Girls,2014(U13),4,77
Kreuger Park (11v11 #1),9/13/26,Sun,11:30 AM,13317,Mentor,,NP Aurora,,Boys,2012(U14/15),4 East,77
Kreuger Park (11v11 #1),9/20/26,Sun,11:30 AM,2916,Mentor,,North Royalton,,Girls,2014(U13),4,77
Kreuger Park (11v11 #1),9/20/26,Sun,5:30 PM,13321,Mentor,,Shaker Hts.   B/R,,Boys,2012(U14/15),4 East,77
Kreuger Park (11v11 #1),9/27/26,Sun,11:30 AM,12914,Mentor,,Shaker Hts.   WHT,,Boys,2014(U13),5 East,77
Kreuger Park (11v11 #1),10/11/26,Sun,11:30 AM,13330,Mentor,,Geneva,,Boys,2012(U14/15),4 East,77
Kreuger Park (11v11 #1),10/18/26,Sun,1:30 PM,2906,Mentor,,LaGrange,,Girls,2014(U13),4,77
Kreuger Park (11v11 #1),10/25/26,Sun,2:30 PM,12919,Mentor,,Eastside Kickers,,Boys,2014(U13),5 East,77
Kreuger Park (7v7 #2),8/16/26,Sun,2:30 PM,6802,Mentor,,Kenston,,Girls,2018(U09),4 East,77
Kreuger Park (7v7 #2),8/25/26,Tue,6:30 PM,6811,Mentor,,Geauga Federation SC,,Girls,2018(U09),4 East,77
Kreuger Park (7v7 #2),8/26/26,Wed,6:30 PM,14113,Mentor,,Chagrin Falls,,Boys,2018(U09),5 East EV,77
Kreuger Park (7v7 #2),8/27/26,Thu,6:30 PM,11015,Mentor,,Geneva,,Boys,2017(U10),5 East,77
Kreuger Park (7v7 #2),8/30/26,Sun,2:30 PM,14118,Mentor,,Nordonia,,Boys,2018(U09),5 East EV,77
Kreuger Park (7v7 #2),9/13/26,Sun,1:00 PM,11021,Mentor,,Willoughby,,Boys,2017(U10),5 East,77
Kreuger Park (7v7 #2),9/13/26,Sun,2:30 PM,6818,Mentor,,Twinsburg,,Girls,2018(U09),4 East,77
Kreuger Park (7v7 #2),9/20/26,Sun,1:00 PM,14129,Mentor,,Madison,,Boys,2018(U09),5 East EV,77
Kreuger Park (7v7 #2),9/20/26,Sun,2:30 PM,6822,Mentor,,Chagrin Falls,,Girls,2018(U09),4 East,77
Kreuger Park (7v7 #2),9/27/26,Sun,11:00 AM,14135,Mentor,,Shaker Hts.   SLV,,Boys,2018(U09),5 East EV,77
Kreuger Park (7v7 #2),9/27/26,Sun,1:00 PM,11031,Mentor,,Kenston   WT,,Boys,2017(U10),5 East,77
Kreuger Park (7v7 #2),10/11/26,Sun,5:00 PM,11038,Mentor,,Solon United,,Boys,2017(U10),5 East,77
Kreuger Park (9v9 #6),8/23/26,Sun,2:30 PM,11208,Mentor,,Kenston,,Boys,2016(U11),3 East,77
Kreuger Park (9v9 #6),8/25/26,Tue,6:30 PM,8010,Mentor,,Westlake   GF,,Girls,2016(U11),4,77
Kreuger Park (9v9 #6),8/30/26,Sun,1:00 PM,11215,Mentor,,Stow   Mar,,Boys,2016(U11),3 East,77
Kreuger Park (9v9 #6),9/13/26,Sun,4:00 PM,8020,Mentor,,Strongsville   MO,,Girls,2016(U11),4,77
Kreuger Park (9v9 #6),9/20/26,Sun,5:00 PM,11223,Mentor,,Twinsburg   Blue,,Boys,2016(U11),3 East,77
Kreuger Park (9v9 #6),9/27/26,Sun,4:00 PM,8028,Mentor,,Avon Lake,,Girls,2016(U11),4,77
Kreuger Park (9v9 #6),10/11/26,Sun,1:00 PM,8029,Mentor,,Twinsburg   WHT,,Girls,2016(U11),4,77
Kreuger Park (9v9 #6),10/11/26,Sun,4:00 PM,11232,Mentor,,Riverside   BH,,Boys,2016(U11),3 East,77
LaGrange Community Park (Field #3),8/16/26,Sun,2:30 PM,3903,LaGrange,,Independence,,Boys,2018(U09),4 West EN,16
LaGrange Community Park (Field #3),8/16/26,Sun,4:00 PM,7203,LaGrange,,Avon,,Girls,2018(U09),5 West,16
LaGrange Community Park (Field #3),8/23/26,Sun,10:00 AM,7209,LaGrange,,Rocky River   BLK,,Girls,2018(U09),5 West,16
LaGrange Community Park (Field #3),8/26/26,Wed,6:00 PM,3907,LaGrange,,Bay Village   SE,,Boys,2018(U09),4 West EN,16
LaGrange Community Park (Field #3),8/30/26,Sun,10:00 AM,7220,LaGrange,,Port Clinton,,Girls,2018(U09),5 West,16
LaGrange Community Park (Field #3),9/22/26,Tue,6:30 PM,3924,LaGrange,,Rocky River   WHT,,Boys,2018(U09),4 West EN,16
LaGrange Community Park (Field #3),10/2/26,Fri,6:30 PM,3925,LaGrange,,Bay Village   DS,,Boys,2018(U09),4 West EN,16
LaGrange Community Park (Field #3),10/11/26,Sun,2:30 PM,7240,LaGrange,,Westlake   KP,,Girls,2018(U09),5 West,16
LaGrange Community Park (Field #4),9/10/26,Thu,6:30 PM,4910,LaGrange,,Fairview Park,,Boys,2016(U11),4 West,16
LaGrange Community Park (Field #4),9/13/26,Sun,11:00 AM,4920,LaGrange,,Bay Village   KD,,Boys,2016(U11),4 West,16
LaGrange Community Park (Field #4),9/13/26,Sun,6:00 PM,4823,LaGrange,,Strongsville   TG,,Boys,2016(U11),3,16
LaGrange Community Park (Field #4),9/20/26,Sun,6:00 PM,4828,LaGrange,,Revere,,Boys,2016(U11),3,16
LaGrange Community Park (Field #4),9/27/26,Sun,1:00 PM,4928,LaGrange,,North Olmsted,,Boys,2016(U11),4 West,16
LaGrange Community Park (Field #4),9/30/26,Wed,6:00 PM,4929,LaGrange,,Norwalk HCYSC,,Boys,2016(U11),4 West,16
LaGrange Community Park (Field #4),10/4/26,Sun,6:00 PM,4812,LaGrange,,Sandusky,,Boys,2016(U11),3,16
LaGrange Community Park (Field #4),10/11/26,Sun,1:00 PM,4836,LaGrange,,Brecksville Bees SA,,Boys,2016(U11),3,16
LaGrange Community Park (Field #5),8/25/26,Tue,6:30 PM,5809,LaGrange,,Avon Lake,,Boys,2014(U13),3 West,16
LaGrange Community Park (Field #5),8/27/26,Thu,6:30 PM,5806,LaGrange,,Bay Village   TH,,Boys,2014(U13),3 West,16
LaGrange Community Park (Field #5),9/1/26,Tue,6:00 PM,5811,LaGrange,,Port Clinton,,Boys,2014(U13),3 West,16
LaGrange Community Park (Field #5),9/8/26,Tue,6:30 PM,2912,LaGrange,,Amherst,,Girls,2014(U13),4,16
LaGrange Community Park (Field #5),9/11/26,Fri,6:30 PM,2918,LaGrange,,Firelands,,Girls,2014(U13),4,16
LaGrange Community Park (Field #5),9/15/26,Tue,6:30 PM,2908,LaGrange,,Bay Village   JK,,Girls,2014(U13),4,16
LaGrange Community Park (Field #5),9/17/26,Thu,6:00 PM,5816,LaGrange,,Westlake   DS,,Boys,2014(U13),3 West,16
LaGrange Community Park (Field #5),9/27/26,Sun,4:00 PM,2921,LaGrange,,Mentor,,Girls,2014(U13),4,16
Lake Community Park (Behind Lake HS Stadium) (11U/12U 9v9 Field),8/16/26,Sun,5:30 PM,8901,Lake Select SC   U12,,Green,,Girls,2015(U12),5 South,668
Lake Community Park (Behind Lake HS Stadium) (11U/12U 9v9 Field),8/23/26,Sun,1:00 PM,8910,Lake Select SC   U12,,Eagles Select   U12,,Girls,2015(U12),5 South,668
Lake Community Park (Behind Lake HS Stadium) (11U/12U 9v9 Field),8/26/26,Wed,6:30 PM,11515,Lake Select SC   U11,,Green,,Boys,2016(U11),4 South,668
Lake Community Park (Behind Lake HS Stadium) (11U/12U 9v9 Field),8/27/26,Thu,6:30 PM,12208,Lake Select SC   U12,,Copley,,Boys,2015(U12),4 South EV,668
Lake Community Park (Behind Lake HS Stadium) (11U/12U 9v9 Field),8/30/26,Sun,1:00 PM,8917,Lake Select SC   U12,,Chippewa,,Girls,2015(U12),5 South,668
Lake Community Park (Behind Lake HS Stadium) (11U/12U 9v9 Field),8/30/26,Sun,4:30 PM,12212,Lake Select SC   U12,,Jackson,,Boys,2015(U12),4 South EV,668
Lake Community Park (Behind Lake HS Stadium) (11U/12U 9v9 Field),9/13/26,Sun,1:00 PM,11521,Lake Select SC   U11,,Northwest,,Boys,2016(U11),4 South,668
Lake Community Park (Behind Lake HS Stadium) (11U/12U 9v9 Field),9/20/26,Sun,4:00 PM,12218,Lake Select SC   U12,,Medina   12Wh,,Boys,2015(U12),4 South EV,668
Lake Community Park (Behind Lake HS Stadium) (11U/12U 9v9 Field),9/27/26,Sun,11:30 AM,8933,Lake Select SC   U12,,Dover,,Girls,2015(U12),5 South,668
Lake Community Park (Behind Lake HS Stadium) (11U/12U 9v9 Field),9/27/26,Sun,1:00 PM,11531,Lake Select SC   U11,,North Canton,,Boys,2016(U11),4 South,668
Lake Community Park (Behind Lake HS Stadium) (11U/12U 9v9 Field),9/27/26,Sun,5:30 PM,12221,Lake Select SC   U12,,New Philadelphia   MM,,Boys,2015(U12),4 South EV,668
Lake Community Park (Behind Lake HS Stadium) (11U/12U 9v9 Field),10/11/26,Sun,5:30 PM,11538,Lake Select SC   U11,,North Royalton,,Boys,2016(U11),4 South,668
Lake Community Park (Behind Lake HS Stadium) (13U/14U/15U/HS 11v11),8/16/26,Sun,11:30 AM,13601,Lake Select SC   U14,,Highland   CM2,,Boys,2012(U14/15),5 South,668
Lake Community Park (Behind Lake HS Stadium) (13U/14U/15U/HS 11v11),8/16/26,Sun,4:00 PM,9401,Lake Select SC   U14,,Cuyahoga Falls   EK,,Girls,2012(U14/15),5 South,668
Lake Community Park (Behind Lake HS Stadium) (13U/14U/15U/HS 11v11),8/16/26,Sun,6:00 PM,13003,Lake Select SC   U13,,Manchester,,Boys,2014(U13),5 South,668
Lake Community Park (Behind Lake HS Stadium) (13U/14U/15U/HS 11v11),8/23/26,Sun,4:00 PM,13005,Lake Select SC   U13,,Barberton,,Boys,2014(U13),5 South,668
Lake Community Park (Behind Lake HS Stadium) (13U/14U/15U/HS 11v11),8/23/26,Sun,5:30 PM,13606,Lake Select SC   U14,,Wadsworth   PET,,Boys,2012(U14/15),5 South,668
Lake Community Park (Behind Lake HS Stadium) (13U/14U/15U/HS 11v11),8/29/26,Sat,1:00 PM,9405,Lake Select SC   U14,,Revere   BLUE,,Girls,2012(U14/15),5 South,668
Lake Community Park (Behind Lake HS Stadium) (13U/14U/15U/HS 11v11),9/13/26,Sun,4:00 PM,13014,Lake Select SC   U13,,Tallmadge,,Boys,2014(U13),5 South,668
Lake Community Park (Behind Lake HS Stadium) (13U/14U/15U/HS 11v11),9/13/26,Sun,5:30 PM,9419,Lake Select SC   U14,,PLX United,,Girls,2012(U14/15),5 South,668
Lake Community Park (Behind Lake HS Stadium) (13U/14U/15U/HS 11v11),9/27/26,Sun,2:30 PM,13628,Lake Select SC   U14,,Barberton,,Boys,2012(U14/15),5 South,668
Lake Community Park (Behind Lake HS Stadium) (13U/14U/15U/HS 11v11),10/4/26,Sun,2:30 PM,9416,Lake Select SC   U14,,Chippewa,,Girls,2012(U14/15),5 South,668
Lake Community Park (Behind Lake HS Stadium) (13U/14U/15U/HS 11v11),10/11/26,Sun,4:00 PM,13022,Lake Select SC   U13,,Dover,,Boys,2014(U13),5 South,668
Lake Community Park (Behind Lake HS Stadium) (13U/14U/15U/HS 11v11),10/18/26,Sun,5:00 PM,13635,Lake Select SC   U14,,Buckeye,,Boys,2012(U14/15),5 South,668
Lake Community Park (Behind Lake HS Stadium) (9U/10U 7v7 Field),8/25/26,Tue,6:30 PM,7614,Lake Select SC   U10,,Perry (Stark),,Girls,2017(U10),5 South,668
Lake Community Park (Behind Lake HS Stadium) (9U/10U 7v7 Field),8/29/26,Sat,2:00 PM,14007,Lake Select SC   U9,,Revere   WHIT,,Boys,2018(U09),5 South EN,668
Lake Community Park (Behind Lake HS Stadium) (9U/10U 7v7 Field),8/30/26,Sun,2:30 PM,14019,Lake Select SC   U9,,New Philadelphia   MV,,Boys,2018(U09),5 South EN,668
Lake Community Park (Behind Lake HS Stadium) (9U/10U 7v7 Field),9/17/26,Thu,6:30 PM,7625,Lake Select SC   U10,,Green,,Girls,2017(U10),5 South,668
Lake Community Park (Behind Lake HS Stadium) (9U/10U 7v7 Field),9/20/26,Sun,2:30 PM,14026,Lake Select SC   U9,,Manchester,,Boys,2018(U09),5 South EN,668
Lake Community Park (Behind Lake HS Stadium) (9U/10U 7v7 Field),9/20/26,Sun,5:00 PM,7630,Lake Select SC   U10,,Medina   10GY,,Girls,2017(U10),5 South,668
Lake Community Park (Behind Lake HS Stadium) (9U/10U 7v7 Field),9/27/26,Sun,1:00 PM,7634,Lake Select SC   U10,,Buckeye,,Girls,2017(U10),5 South,668
Lake Community Park (Behind Lake HS Stadium) (9U/10U 7v7 Field),9/27/26,Sun,2:30 PM,14032,Lake Select SC   U9,,Ashland,,Boys,2018(U09),5 South EN,668
Liberty Park  (Lower),8/16/26,Sun,1:00 PM,8001,Twinsburg   WHT,,Mentor,,Girls,2016(U11),4,73
Liberty Park  (Lower),8/16/26,Sun,2:30 PM,1701,Twinsburg   Blue,,Green,,Girls,2016(U11),2,73
Liberty Park  (Lower),8/21/26,Fri,6:30 PM,13109,Twinsburg   WHTE,,Geauga Federation SC,,Boys,2012(U14/15),3 East,73
Liberty Park  (Lower),8/23/26,Sun,5:30 PM,12108,Twinsburg,,Madison,,Boys,2015(U12),4 East,73
Liberty Park  (Lower),8/30/26,Sun,1:00 PM,8016,Twinsburg   WHT,,North Olmsted,,Girls,2016(U11),4,73
Liberty Park  (Lower),8/30/26,Sun,4:00 PM,11213,Twinsburg   Blue,,Kenston,,Boys,2016(U11),3 East,73
Liberty Park  (Lower),8/30/26,Sun,5:30 PM,1717,Twinsburg   Blue,,Bay Village   AC,,Girls,2016(U11),2,73
Liberty Park  (Lower),9/11/26,Fri,6:30 PM,8409,Twinsburg   Blue,,Cuyahoga Falls   GL,,Girls,2015(U12),3 East,73
Liberty Park  (Lower),9/13/26,Sun,2:30 PM,8019,Twinsburg   WHT,,Westlake   GF,,Girls,2016(U11),4,73
Liberty Park  (Lower),9/20/26,Sun,2:30 PM,8416,Twinsburg   Blue,,Independence,,Girls,2015(U12),3 East,73
Liberty Park  (Lower),9/25/26,Fri,6:00 PM,6124,Twinsburg   Blue,,Highland   AS1,,Boys,2012(U14/15),1,73
Liberty Park  (Lower),10/11/26,Sun,4:00 PM,12139,Twinsburg,,Nordonia,,Boys,2015(U12),4 East,73
Liberty Park  (Upper),8/16/26,Sun,2:00 PM,12102,Twinsburg,,Eastside Kickers,,Boys,2015(U12),4 East,73
Liberty Park  (Upper),8/16/26,Sun,4:00 PM,8803,Twinsburg   WHT,,West Geauga,,Girls,2015(U12),5,73
Liberty Park  (Upper),8/23/26,Sun,1:00 PM,8005,Twinsburg   WHT,,Rocky River   WHT,,Girls,2016(U11),4,73
Liberty Park  (Upper),8/23/26,Sun,2:30 PM,8807,Twinsburg   WHT,,Wickliffe,,Girls,2015(U12),5,73
Liberty Park  (Upper),8/23/26,Sun,4:00 PM,8406,Twinsburg   Blue,,Kent   TS,,Girls,2015(U12),3 East,73
Liberty Park  (Upper),8/23/26,Sun,5:30 PM,1710,Twinsburg   Blue,,Jackson,,Girls,2016(U11),2,73
Liberty Park  (Upper),8/30/26,Sun,11:30 AM,14610,Twinsburg   WHTE,,Westlake   LD,,Boys,2016(U11),5 East EN,73
Liberty Park  (Upper),8/30/26,Sun,4:00 PM,2709,Twinsburg,,Brunswick,,Girls,2014(U13),2,73
Liberty Park  (Upper),8/30/26,Sun,5:30 PM,8411,Twinsburg   Blue,,Stow   Mar,,Girls,2015(U12),3 East,73
Liberty Park  (Upper),9/13/26,Sun,1:00 PM,14615,Twinsburg   WHTE,,Streetsboro,,Boys,2016(U11),5 East EN,73
Liberty Park  (Upper),9/13/26,Sun,4:00 PM,12124,Twinsburg,,Orange,,Boys,2015(U12),4 East,73
Liberty Park  (Upper),9/18/26,Fri,6:30 PM,11209,Twinsburg   Blue,,NP Aurora,,Boys,2016(U11),3 East,73
Liberty Park  (Upper),9/20/26,Sun,1:00 PM,8824,Twinsburg   WHT,,Lakewood   G14P,,Girls,2015(U12),5,73
Liberty Park  (Upper),9/27/26,Sun,11:30 AM,11226,Twinsburg   Blue,,Stow   Mar,,Boys,2016(U11),3 East,73
Liberty Park  (Upper),9/27/26,Sun,2:30 PM,1733,Twinsburg   Blue,,Olmsted Falls   Blue,,Girls,2016(U11),2,73
Liberty Park  (Upper),9/27/26,Sun,4:00 PM,14620,Twinsburg   WHTE,,Nordonia,,Boys,2016(U11),5 East EN,73
Liberty Park  (Upper),9/27/26,Sun,4:00 PM,8825,Twinsburg   WHT,,Brunswick   WHT,,Girls,2015(U12),5,73
Liberty Park  (Upper),9/27/26,Sun,5:30 PM,2726,Twinsburg,,Brecksville Bees SA,,Girls,2014(U13),2,73
Liberty Park  (Upper),9/27/26,Sun,5:30 PM,9026,Twinsburg,,Aurora,,Girls,2012(U14/15),3 East,73
Liberty Park  (Upper),10/11/26,Sun,2:30 PM,11231,Twinsburg   Blue,,Willoughby,,Boys,2016(U11),3 East,73
Liberty Park  (Upper),10/25/26,Sun,1:00 PM,6109,Twinsburg   Blue,,Amherst,,Boys,2012(U14/15),1,73
Linden Park (Linden North),8/16/26,Sun,11:30 AM,3904,Rocky River   WHT,,Bay Village   DS,,Boys,2018(U09),4 West EN,6
Linden Park (Linden North),8/16/26,Sun,2:30 PM,9701,Rocky River   STM,,Avon Lake,,Boys,2019(U08),West N,6
Linden Park (Linden North),8/16/26,Sun,4:00 PM,901,Rocky River   WHT,,Fairview Park,,Girls,2018(U09),4 West,6
Linden Park (Linden North),8/16/26,Sun,5:30 PM,1203,Rocky River   MRN,,Brecksville Bees SA,,Girls,2017(U10),2,6
Linden Park (Linden North),8/23/26,Sun,2:30 PM,6603,Rocky River   SRG,,Bay Village   MU,,Girls,2019(U08),West E,6
Linden Park (Linden North),8/23/26,Sun,4:00 PM,1508,Rocky River   GRY,,Sandusky,,Girls,2017(U10),5 West,6
Linden Park (Linden North),8/23/26,Sun,5:30 PM,4004,Rocky River   BLK,,Fairview Park,,Boys,2018(U09),5 West EV,6
Linden Park (Linden North),8/25/26,Tue,6:30 PM,105,Rocky River   SRG,,Westlake   MC,,Boys,2019(U08),West V,6
Linden Park (Linden North),8/26/26,Wed,6:30 PM,405,Rocky River   TID,,Bay Village   MU,,Girls,2019(U08),West N,6
Linden Park (Linden North),8/27/26,Thu,6:30 PM,6606,Rocky River   SRG,,Westlake   HH,,Girls,2019(U08),West E,6
Linden Park (Linden North),8/28/26,Fri,6:30 PM,4312,Rocky River   MRN,,Avon Lake,,Boys,2017(U10),3 West,6
Linden Park (Linden North),8/30/26,Sun,11:30 AM,7218,Rocky River   GLD,,Avon,,Girls,2018(U09),5 West,6
Linden Park (Linden North),8/30/26,Sun,2:30 PM,720,Rocky River   MRN,,Hudson   CHIB,,Girls,2018(U09),2,6
Linden Park (Linden North),8/30/26,Sun,4:00 PM,3914,Rocky River   WHT,,Bay Village   SE,,Boys,2018(U09),4 West EN,6
Linden Park (Linden North),8/30/26,Sun,5:30 PM,13915,Rocky River   GLD,,Fairview Park,,Boys,2018(U09),5 West EN,6
Linden Park (Linden North),9/13/26,Sun,10:00 AM,109,Rocky River   SRG,,Bay Village   BK,,Boys,2019(U08),West V,6
Linden Park (Linden North),9/13/26,Sun,1:00 PM,409,Rocky River   TID,,Avon Lake,,Girls,2019(U08),West N,6
Linden Park (Linden North),9/20/26,Sun,11:30 AM,1523,Rocky River   GRY,,Avon,,Girls,2017(U10),5 West,6
Linden Park (Linden North),9/20/26,Sun,1:00 PM,7229,Rocky River   GLD,,North Olmsted,,Girls,2018(U09),5 West,6
Linden Park (Linden North),9/20/26,Sun,2:30 PM,4529,Rocky River   WHT,,Lakewood   B16W,,Boys,2017(U10),5 West,6
Linden Park (Linden North),9/20/26,Sun,4:00 PM,13923,Rocky River   GLD,,Lakewood   B17B,,Boys,2018(U09),5 West EN,6
Linden Park (Linden North),9/20/26,Sun,5:30 PM,4321,Rocky River   MRN,,Lakewood   B16P,,Boys,2017(U10),3 West,6
Linden Park (Linden North),9/27/26,Sun,11:30 AM,4535,Rocky River   WHT,,Bay Village   SA,,Boys,2017(U10),5 West,6
Linden Park (Linden North),9/27/26,Sun,1:00 PM,7419,Rocky River   WHT,,North Ridgeville,,Girls,2017(U10),4 West,6
Linden Park (Linden North),9/27/26,Sun,4:00 PM,7231,Rocky River   BLK,,Port Clinton,,Girls,2018(U09),5 West,6
Linden Park (Linden North),9/27/26,Sun,5:30 PM,9813,Rocky River   TID,,North Ridgeville,,Boys,2019(U08),West E,6
Linden Park (Linden North),9/29/26,Tue,6:30 PM,4518,Rocky River   WHT,,Parma,,Boys,2017(U10),5 West,6
Linden Park (Linden North),10/11/26,Sun,11:30 AM,3829,Rocky River   MRN,,Westlake   EL,,Boys,2018(U09),3 West,6
Linden Park (Linden North),10/11/26,Sun,2:30 PM,922,Rocky River   WHT,,Parma,,Girls,2018(U09),4 West,6
Linden Park (Linden North),10/11/26,Sun,5:30 PM,4024,Rocky River   BLK,,Olmsted Falls   Silv,,Boys,2018(U09),5 West EV,6
Linden Park (Linden North),10/13/26,Tue,5:45 PM,413,Rocky River   TID,,Westlake   BL,,Girls,2019(U08),West N,6
Linden Park (Linden North),10/18/26,Sun,11:30 AM,4027,Rocky River   BLK,,Columbia Station,,Boys,2018(U09),5 West EV,6
Linden Park (Linden North),10/18/26,Sun,1:00 PM,417,Rocky River   TID,,Bay Village   AC,,Girls,2019(U08),West N,6
Linden Park (Linden North),10/18/26,Sun,2:30 PM,117,Rocky River   SRG,,Avon Lake,,Boys,2019(U08),West V,6
Linden Park (Linden North),10/25/26,Sun,2:30 PM,6620,Rocky River   SRG,,Westlake   RG,,Girls,2019(U08),West E,6
Linden Park (Linden South),8/16/26,Sun,11:30 AM,2201,Rocky River   MRN,,Green,,Girls,2015(U12),2,6
Linden Park (Linden South),8/16/26,Sun,1:00 PM,2003,Rocky River   GRY,,Fairview Park,,Girls,2016(U11),5 West,6
Linden Park (Linden South),8/16/26,Sun,2:30 PM,1702,Rocky River   MRN,,Bay Village   AC,,Girls,2016(U11),2,6
Linden Park (Linden South),8/23/26,Sun,1:00 PM,5010,Rocky River   WHT,,Sandusky,,Boys,2016(U11),5 West,6
Linden Park (Linden South),8/23/26,Sun,2:30 PM,1708,Rocky River   MRN,,Avon Lake,,Girls,2016(U11),2,6
Linden Park (Linden South),8/23/26,Sun,5:30 PM,5406,Rocky River   WHT,,Westlake   ZA,,Boys,2015(U12),4 West,6
Linden Park (Linden South),8/26/26,Wed,6:30 PM,4713,Rocky River   MRN,,North Olmsted,,Boys,2016(U11),2,6
Linden Park (Linden South),8/30/26,Sun,10:00 AM,5017,Rocky River   WHT,,Olmsted Falls   Gold,,Boys,2016(U11),5 West,6
Linden Park (Linden South),8/30/26,Sun,11:30 AM,5414,Rocky River   WHT,,Fairview Park,,Boys,2015(U12),4 West,6
Linden Park (Linden South),8/30/26,Sun,2:30 PM,4718,Rocky River   MRN,,Avon Lake,,Boys,2016(U11),2,6
Linden Park (Linden South),8/30/26,Sun,4:00 PM,5311,Rocky River   MRN,,Westlake   TM,,Boys,2015(U12),3 West,6
Linden Park (Linden South),8/30/26,Sun,5:30 PM,5514,Rocky River   GRY,,Olmsted Falls   Gold,,Boys,2015(U12),5 West,6
Linden Park (Linden South),9/13/26,Sun,1:00 PM,8017,Rocky River   WHT,,Riverside,,Girls,2016(U11),4,6
Linden Park (Linden South),9/13/26,Sun,2:30 PM,1724,Rocky River   MRN,,Brunswick,,Girls,2016(U11),2,6
Linden Park (Linden South),9/20/26,Sun,10:00 AM,4729,Rocky River   MRN,,Vermilion,,Boys,2016(U11),2,6
Linden Park (Linden South),9/20/26,Sun,11:30 AM,5316,Rocky River   MRN,,Sandusky,,Boys,2015(U12),3 West,6
Linden Park (Linden South),9/20/26,Sun,1:00 PM,8021,Rocky River   WHT,,Mentor,,Girls,2016(U11),4,6
Linden Park (Linden South),9/20/26,Sun,2:30 PM,2233,Rocky River   MRN,,Hudson   SFER,,Girls,2015(U12),2,6
Linden Park (Linden South),9/27/26,Sun,2:30 PM,5427,Rocky River   WHT,,North Olmsted,,Boys,2015(U12),4 West,6
Linden Park (Linden South),9/27/26,Sun,4:00 PM,5033,Rocky River   WHT,,North Ridgeville,,Boys,2016(U11),5 West,6
Linden Park (Linden South),9/27/26,Sun,5:30 PM,5527,Rocky River   GRY,,Port Clinton,,Boys,2015(U12),5 West,6
Linden Park (Linden South),9/29/26,Tue,6:00 PM,2239,Rocky River   MRN,,Bay Village   KB,,Girls,2015(U12),2,6
Linden Park (Linden South),10/6/26,Tue,6:00 PM,8012,Rocky River   WHT,,North Olmsted,,Girls,2016(U11),4,6
Linden Park (Linden South),10/11/26,Sun,11:30 AM,2424,Rocky River   WHT,,Brecksville Bees SA,,Girls,2015(U12),4 West,6
Linden Park (Linden South),10/11/26,Sun,1:00 PM,8030,Rocky River   WHT,,Avon Lake,,Girls,2016(U11),4,6
Linden Park (Linden South),10/11/26,Sun,4:00 PM,2244,Rocky River   MRN,,Firelands,,Girls,2015(U12),2,6
Linden Park (Linden South),10/18/26,Sun,2:30 PM,2427,Rocky River   WHT,,Vermilion,,Girls,2015(U12),4 West,6
Linden Park (Linden South),10/18/26,Sun,4:00 PM,5001,Rocky River   WHT,,TUSA,,Boys,2016(U11),5 West,6
Linden Park (Linden South),10/18/26,Sun,5:30 PM,2025,Rocky River   GRY,,Buckeye,,Girls,2016(U11),5 West,6
Linden Park (Linden South),10/25/26,Sun,1:00 PM,2028,Rocky River   GRY,,Midview,,Girls,2016(U11),5 West,6
Location Not Assigned,8/16/26,Sun,5:00 PM,6001,Oberlin,,Avon,,Boys,2014(U13),5 West,
Location Not Assigned,8/30/26,Sun,5:00 PM,6008,Oberlin,,Vermilion,,Boys,2014(U13),5 West,
Location Not Assigned,9/28/26,Mon,7:00 PM,6014,Oberlin,,North Ridgeville,,Boys,2014(U13),5 West,
Location Not Assigned,10/25/26,Sun,12:00 AM,6019,Oberlin,,Sandusky,,Boys,2014(U13),5 West,
Logan Field - #330 (Logan Field 330),8/23/26,Sun,1:00 PM,11708,PLX United,,Mustangs Jr,,Boys,2016(U11),5 South,594
Logan Field - #330 (Logan Field 330),9/9/26,Wed,6:30 PM,11702,PLX United,,Perry (Stark),,Boys,2016(U11),5 South,594
Logan Field - #330 (Logan Field 330),9/13/26,Sun,2:30 PM,11724,PLX United,,Eagles Select   U11,,Boys,2016(U11),5 South,594
Logan Field - #330 (Logan Field 330),10/11/26,Sun,2:30 PM,11739,PLX United,,Southeast,,Boys,2016(U11),5 South,594
Logan Field - #330 (Logan Field 331),8/16/26,Sun,1:00 PM,13002,PLX United,,Barberton,,Boys,2014(U13),5 South,594
Logan Field - #330 (Logan Field 331),8/23/26,Sun,2:30 PM,13004,PLX United,,Dover,,Boys,2014(U13),5 South,594
Logan Field - #330 (Logan Field 331),8/23/26,Sun,4:00 PM,9408,PLX United,,Mustangs Jr,,Girls,2012(U14/15),5 South,594
Logan Field - #330 (Logan Field 331),8/30/26,Sun,12:00 PM,9415,PLX United,,Revere   BLUE,,Girls,2012(U14/15),5 South,594
Logan Field - #330 (Logan Field 331),9/20/26,Sun,1:00 PM,9423,PLX United,,Manchester,,Girls,2012(U14/15),5 South,594
Logan Field - #330 (Logan Field 331),9/20/26,Sun,2:30 PM,13017,PLX United,,Lake Select SC   U13,,Boys,2014(U13),5 South,594
Logan Field - #330 (Logan Field 331),10/11/26,Sun,1:00 PM,13023,PLX United,,Tallmadge,,Boys,2014(U13),5 South,594
Logan Field - #330 (Logan Field 331),10/11/26,Sun,5:00 PM,9432,PLX United,,Green,,Girls,2012(U14/15),5 South,594
Lomond School (Field #1),8/16/26,Sun,11:30 AM,4201,Shaker Hts.   BLK,,Warren,,Boys,2017(U10),2 East,420
Lomond School (Field #1),8/16/26,Sun,1:00 PM,14103,Shaker Hts.   SLV,,Nordonia,,Boys,2018(U09),5 East EV,420
Lomond School (Field #1),8/16/26,Sun,2:30 PM,10405,Shaker Hts.   WHT,,Willoughby,,Boys,2018(U09),5 East EN,420
Lomond School (Field #1),8/16/26,Sun,4:00 PM,11001,Shaker Hts.   SLV,,Solon United,,Boys,2017(U10),5 East,420
Lomond School (Field #1),8/23/26,Sun,11:00 AM,7709,Shaker Hts.   WHT,,Willoughby,,Girls,2017(U10),5 East,420
Lomond School (Field #1),8/23/26,Sun,11:30 AM,10604,Shaker Hts.   RED,,Kenston   BL,,Boys,2017(U10),3 East,420
Lomond School (Field #1),8/23/26,Sun,1:00 PM,1305,Shaker Hts.   RED,,Stow   Mar,,Girls,2017(U10),3 East,420
Lomond School (Field #1),8/23/26,Sun,2:30 PM,1207,Shaker Hts.   BLK,,Olmsted Falls   Blue,,Girls,2017(U10),2,420
Lomond School (Field #1),8/25/26,Tue,6:30 PM,10418,Shaker Hts.   WHT,,Solon United,,Boys,2018(U09),5 East EN,420
Lomond School (Field #1),8/26/26,Wed,6:30 PM,11014,Shaker Hts.   GLD,,Shaker Hts.   SLV,,Boys,2017(U10),5 East,420
Lomond School (Field #1),8/30/26,Sun,1:00 PM,11017,Shaker Hts.   SLV,,Mentor,,Boys,2017(U10),5 East,420
Lomond School (Field #1),8/30/26,Sun,2:30 PM,7720,Shaker Hts.   WHT,,Eastside Kickers   SEL,,Girls,2017(U10),5 East,420
Lomond School (Field #1),9/2/26,Wed,6:30 PM,14307,Shaker Hts.   WHT,,Twinsburg   WHTE,,Boys,2017(U10),4 East EN,420
Lomond School (Field #1),9/20/26,Sun,9:00 AM,11030,Shaker Hts.   GLD,,Mentor,,Boys,2017(U10),5 East,420
Lomond School (Field #1),9/20/26,Sun,9:30 AM,10617,Shaker Hts.   RED,,Independence,,Boys,2017(U10),3 East,420
Lomond School (Field #1),10/11/26,Sun,2:30 PM,10623,Shaker Hts.   RED,,Solon United,,Boys,2017(U10),3 East,420
Lomond School (Field #1),10/17/26,Sat,4:00 PM,14319,Shaker Hts.   WHT,,Stow   Gold,,Boys,2017(U10),4 East EN,420
Lomond School (Field #1),10/18/26,Sun,11:30 AM,11025,Shaker Hts.   GLD,,Solon United,,Boys,2017(U10),5 East,420
Lomond School (Field #1),10/18/26,Sun,1:00 PM,14313,Shaker Hts.   WHT,,Chagrin Falls,,Boys,2017(U10),4 East EN,420
Lomond School (Field #1),10/25/26,Sun,11:00 AM,11033,Shaker Hts.   SLV,,Geneva,,Boys,2017(U10),5 East,420
Lomond School (Field #1),10/25/26,Sun,4:00 PM,11034,Shaker Hts.   GLD,,Nordonia,,Boys,2017(U10),5 East,420
Lomond School (Field #2),8/16/26,Sun,1:00 PM,10602,Shaker Hts.   RED,,Riverside   JA,,Boys,2017(U10),3 East,420
Lomond School (Field #2),8/16/26,Sun,2:30 PM,14301,Shaker Hts.   WHT,,Wickliffe,,Boys,2017(U10),4 East EN,420
Lomond School (Field #2),8/16/26,Sun,5:30 PM,7703,Shaker Hts.   WHT,,Twinsburg   WHT,,Girls,2017(U10),5 East,420
Lomond School (Field #2),8/23/26,Sun,4:30 PM,10409,Shaker Hts.   WHT,,Geneva,,Boys,2018(U09),5 East EN,420
Lomond School (Field #2),8/23/26,Sun,5:30 PM,14109,Shaker Hts.   SLV,,Mayfield   RC,,Boys,2018(U09),5 East EV,420
Lomond School (Field #2),8/23/26,Sun,6:30 PM,11010,Shaker Hts.   SLV,,Willoughby,,Boys,2017(U10),5 East,420
Lomond School (Field #2),8/30/26,Sun,2:30 PM,14120,Shaker Hts.   SLV,,Hudson   SCHA,,Boys,2018(U09),5 East EV,420
Lucille Heasley Soccer Fields (Heasley 1),8/16/26,Sun,11:30 AM,12002,North Royalton,,Highland   JC2,,Boys,2015(U12),3 South,261
Lucille Heasley Soccer Fields (Heasley 1),8/16/26,Sun,1:00 PM,1803,North Royalton,,Olmsted Falls   Gold,,Girls,2016(U11),3 West,261
Lucille Heasley Soccer Fields (Heasley 1),8/16/26,Sun,4:00 PM,2402,North Royalton,,North Olmsted,,Girls,2015(U12),4 West,261
Lucille Heasley Soccer Fields (Heasley 1),8/23/26,Sun,11:30 AM,11507,North Royalton,,North Canton,,Boys,2016(U11),4 South,261
Lucille Heasley Soccer Fields (Heasley 1),8/23/26,Sun,1:00 PM,1805,North Royalton,,Strongsville   MAD,,Girls,2016(U11),3 West,261
Lucille Heasley Soccer Fields (Heasley 1),8/27/26,Thu,6:30 PM,2407,North Royalton,,Avon,,Girls,2015(U12),4 West,261
Lucille Heasley Soccer Fields (Heasley 1),8/30/26,Sun,2:30 PM,11519,North Royalton,,Highland   BB1,,Boys,2016(U11),4 South,261
Lucille Heasley Soccer Fields (Heasley 1),8/31/26,Mon,6:30 PM,1608,North Royalton,,Highland   EM2,,Girls,2016(U11),1,261
Lucille Heasley Soccer Fields (Heasley 1),9/9/26,Wed,6:00 PM,1621,North Royalton,,Medina   11GN,,Girls,2016(U11),1,261
Lucille Heasley Soccer Fields (Heasley 1),9/13/26,Sun,1:00 PM,12018,North Royalton,,Strongsville   EE-B,,Boys,2015(U12),3 South,261
Lucille Heasley Soccer Fields (Heasley 1),9/13/26,Sun,5:30 PM,1814,North Royalton,,Parma,,Girls,2016(U11),3 West,261
Lucille Heasley Soccer Fields (Heasley 1),9/16/26,Wed,6:30 PM,1612,North Royalton,,Stow   Mar,,Girls,2016(U11),1,261
Lucille Heasley Soccer Fields (Heasley 1),9/19/26,Sat,6:00 PM,2416,North Royalton,,Sandusky,,Girls,2015(U12),4 West,261
Lucille Heasley Soccer Fields (Heasley 1),9/20/26,Sun,2:30 PM,11526,North Royalton,,Tallmadge,,Boys,2016(U11),4 South,261
Lucille Heasley Soccer Fields (Heasley 1),9/20/26,Sun,4:00 PM,12022,North Royalton,,Wadsworth   KEN,,Boys,2015(U12),3 South,261
Lucille Heasley Soccer Fields (Heasley 1),9/20/26,Sun,5:30 PM,1618,North Royalton,,Avon,,Girls,2016(U11),1,261
Lucille Heasley Soccer Fields (Heasley 1),9/25/26,Fri,6:30 PM,4609,North Royalton,,Aurora,,Boys,2016(U11),1,261
Lucille Heasley Soccer Fields (Heasley 1),9/27/26,Sun,11:30 AM,11532,North Royalton,,Medina   11Wh,,Boys,2016(U11),4 South,261
Lucille Heasley Soccer Fields (Heasley 1),9/27/26,Sun,4:00 PM,4626,North Royalton,,Medina   11Gr,,Boys,2016(U11),1,261
Lucille Heasley Soccer Fields (Heasley 1),9/27/26,Sun,5:30 PM,2421,North Royalton,,Brecksville Bees SA,,Girls,2015(U12),4 West,261
Lucille Heasley Soccer Fields (Heasley 1),10/9/26,Fri,6:30 PM,4631,North Royalton,,North Canton,,Boys,2016(U11),1,261
Lucille Heasley Soccer Fields (Heasley 1),10/11/26,Sun,5:30 PM,1822,North Royalton,,Amherst,,Girls,2016(U11),3 West,261
Lucille Heasley Soccer Fields (Heasley 1),10/18/26,Sun,2:30 PM,4613,North Royalton,,Green,,Boys,2016(U11),1,261
Lucille Heasley Soccer Fields (Heasley 2 W),8/16/26,Sun,2:30 PM,705,North Royalton,,Hudson   CHIB,,Girls,2018(U09),2,261
Lucille Heasley Soccer Fields (Heasley 2 W),8/16/26,Sun,4:00 PM,10103,North Royalton,,Streetsboro,,Boys,2018(U09),4 East,261
Lucille Heasley Soccer Fields (Heasley 2 W),8/16/26,Sun,5:30 PM,10501,North Royalton,,Avon Lake,,Boys,2017(U10),2 West,261
Lucille Heasley Soccer Fields (Heasley 2 W),8/21/26,Fri,6:15 PM,14903,North Royalton,,Cloverleaf,,Girls,2018(U09),5 South EN,261
Lucille Heasley Soccer Fields (Heasley 2 W),8/21/26,Fri,6:30 PM,1112,North Royalton,,Brunswick   RYL,,Girls,2017(U10),1,261
Lucille Heasley Soccer Fields (Heasley 2 W),8/23/26,Sun,10:30 AM,14907,North Royalton,,Revere   BLUE,,Girls,2018(U09),5 South EN,261
Lucille Heasley Soccer Fields (Heasley 2 W),8/23/26,Sun,2:30 PM,10107,North Royalton,,Aurora,,Boys,2018(U09),4 East,261
Lucille Heasley Soccer Fields (Heasley 2 W),8/26/26,Wed,6:30 PM,3711,North Royalton,,Fairview Park,,Boys,2018(U09),2,261
Lucille Heasley Soccer Fields (Heasley 2 W),8/26/26,Wed,6:30 PM,711,North Royalton,,Rocky River   MRN,,Girls,2018(U09),2,261
Lucille Heasley Soccer Fields (Heasley 2 W),8/30/26,Sun,2:30 PM,10318,North Royalton,,Brunswick   WHT,,Boys,2018(U09),5 South EV,261
Lucille Heasley Soccer Fields (Heasley 2 W),8/30/26,Sun,4:00 PM,10913,North Royalton,,Cloverleaf,,Boys,2017(U10),4 South EV,261
Lucille Heasley Soccer Fields (Heasley 2 W),8/31/26,Mon,6:30 PM,10313,North Royalton,,Parma,,Boys,2018(U09),5 South EV,261
Lucille Heasley Soccer Fields (Heasley 2 W),9/13/26,Sun,1:00 PM,3722,North Royalton,,Avon Lake,,Boys,2018(U09),2,261
Lucille Heasley Soccer Fields (Heasley 2 W),9/13/26,Sun,2:30 PM,722,North Royalton,,Avon,,Girls,2018(U09),2,261
Lucille Heasley Soccer Fields (Heasley 2 W),9/13/26,Sun,4:00 PM,10513,North Royalton,,North Olmsted,,Boys,2017(U10),2 West,261
Lucille Heasley Soccer Fields (Heasley 2 W),9/20/26,Sun,11:30 AM,1118,North Royalton,,Avon,,Girls,2017(U10),1,261
Lucille Heasley Soccer Fields (Heasley 2 W),9/20/26,Sun,1:00 PM,10329,North Royalton,,Buckeye,,Boys,2018(U09),5 South EV,261
Lucille Heasley Soccer Fields (Heasley 2 W),9/20/26,Sun,2:30 PM,10124,North Royalton,,Eastside Kickers   SEL,,Boys,2018(U09),4 East,261
Lucille Heasley Soccer Fields (Heasley 2 W),9/20/26,Sun,4:00 PM,14924,North Royalton,,Highland   AK1,,Girls,2018(U09),5 South EN,261
Lucille Heasley Soccer Fields (Heasley 2 W),9/20/26,Sun,6:00 PM,15010,North Royalton,,Westlake   JD,,Girls,2017(U10),3 West,261
Lucille Heasley Soccer Fields (Heasley 2 W),9/27/26,Sun,11:30 AM,1121,North Royalton,,Medina   10GN,,Girls,2017(U10),1,261
Lucille Heasley Soccer Fields (Heasley 2 W),9/27/26,Sun,2:30 PM,10125,North Royalton,,Solon United,,Boys,2018(U09),4 East,261
Lucille Heasley Soccer Fields (Heasley 2 W),9/27/26,Sun,5:30 PM,10335,North Royalton,,Revere   BLUE,,Boys,2018(U09),5 South EV,261
Lucille Heasley Soccer Fields (Heasley 2 W),9/27/26,Sun,5:30 PM,10519,North Royalton,,Lakewood   B16G,,Boys,2017(U10),2 West,261
Lucille Heasley Soccer Fields (Heasley 2 W),9/27/26,Sun,5:30 PM,14925,North Royalton,,Wadsworth   PHA,,Girls,2018(U09),5 South EN,261
Lucille Heasley Soccer Fields (Heasley 2 W),10/5/26,Mon,6:00 PM,3705,North Royalton,,Avon,,Boys,2018(U09),2,261
Lucille Heasley Soccer Fields (Heasley 2 W),10/11/26,Sun,11:30 AM,15015,North Royalton,,Lakewood   G16G,,Girls,2017(U10),3 West,261
Lucille Heasley Soccer Fields (Heasley 2 W),10/11/26,Sun,1:00 PM,3737,North Royalton,,Westlake   CG,,Boys,2018(U09),2,261
Lucille Heasley Soccer Fields (Heasley 2 W),10/11/26,Sun,2:30 PM,737,North Royalton,,Avon Lake,,Girls,2018(U09),2,261
Lucille Heasley Soccer Fields (Heasley 2 W),10/11/26,Sun,4:00 PM,10931,North Royalton,,Columbia Station,,Boys,2017(U10),4 South EV,261
Lucille Heasley Soccer Fields (Heasley 2 W),10/18/26,Sun,2:30 PM,15018,North Royalton,,Twinsburg   Blue,,Girls,2017(U10),3 West,261
Lucille Heasley Soccer Fields (Heasley 2),8/16/26,Sun,12:30 PM,2803,North Royalton,,Aurora,,Girls,2014(U13),3,261
Lucille Heasley Soccer Fields (Heasley 2),8/16/26,Sun,2:30 PM,2901,North Royalton,,Mentor,,Girls,2014(U13),4,261
Lucille Heasley Soccer Fields (Heasley 2),8/23/26,Sun,10:00 AM,2807,North Royalton,,Shaker Hts.   RED,,Girls,2014(U13),3,261
Lucille Heasley Soccer Fields (Heasley 2),8/23/26,Sun,11:30 AM,2606,North Royalton,,Shaker Hts.   BLK,,Girls,2014(U13),1,261
Lucille Heasley Soccer Fields (Heasley 2),8/23/26,Sun,4:00 PM,12903,North Royalton,,Eastside Kickers,,Boys,2014(U13),5 East,261
Lucille Heasley Soccer Fields (Heasley 2),8/23/26,Sun,4:00 PM,9008,North Royalton,,Independence,,Girls,2012(U14/15),3 East,261
Lucille Heasley Soccer Fields (Heasley 2),8/26/26,Wed,6:30 PM,2907,North Royalton,,Amherst,,Girls,2014(U13),4,261
Lucille Heasley Soccer Fields (Heasley 2),8/27/26,Thu,6:30 PM,5712,North Royalton,,Solon United,,Boys,2014(U13),2,261
Lucille Heasley Soccer Fields (Heasley 2),8/28/26,Fri,6:30 PM,12906,North Royalton,,Shaker Hts.   WHT,,Boys,2014(U13),5 East,261
Lucille Heasley Soccer Fields (Heasley 2),8/30/26,Sun,11:30 AM,13112,North Royalton,,Riverside   CT,,Boys,2012(U14/15),3 East,261
Lucille Heasley Soccer Fields (Heasley 2),9/13/26,Sun,1:00 PM,2614,North Royalton,,Green,,Girls,2014(U13),1,261
Lucille Heasley Soccer Fields (Heasley 2),9/13/26,Sun,2:30 PM,5717,North Royalton,,Avon Lake,,Boys,2014(U13),2,261
Lucille Heasley Soccer Fields (Heasley 2),9/13/26,Sun,4:00 PM,2913,North Royalton,,LaGrange,,Girls,2014(U13),4,261
Lucille Heasley Soccer Fields (Heasley 2),9/20/26,Sun,1:00 PM,12911,North Royalton,,Mentor,,Boys,2014(U13),5 East,261
Lucille Heasley Soccer Fields (Heasley 2),9/20/26,Sun,2:30 PM,5721,North Royalton,,Stow   Mar,,Boys,2014(U13),2,261
Lucille Heasley Soccer Fields (Heasley 2),9/20/26,Sun,4:00 PM,9023,North Royalton,,Twinsburg,,Girls,2012(U14/15),3 East,261
Lucille Heasley Soccer Fields (Heasley 2),9/20/26,Sun,5:30 PM,2824,North Royalton,,Revere,,Girls,2014(U13),3,261
Lucille Heasley Soccer Fields (Heasley 2),9/23/26,Wed,6:30 PM,2618,North Royalton,,Bay Village   CA,,Girls,2014(U13),1,261
Lucille Heasley Soccer Fields (Heasley 2),9/25/26,Fri,6:30 PM,9015,North Royalton,,Aurora,,Girls,2012(U14/15),3 East,261
Lucille Heasley Soccer Fields (Heasley 2),9/27/26,Sun,1:00 PM,2919,North Royalton,,Bay Village   JK,,Girls,2014(U13),4,261
Lucille Heasley Soccer Fields (Heasley 2),9/27/26,Sun,4:00 PM,13121,North Royalton,,Twinsburg   WHTE,,Boys,2012(U14/15),3 East,261
Lucille Heasley Soccer Fields (Heasley 2),9/30/26,Wed,6:00 PM,2825,North Royalton,,Strongsville   CL,,Girls,2014(U13),3,261
Lucille Heasley Soccer Fields (Heasley 2),10/11/26,Sun,4:00 PM,9032,North Royalton,,Mayfield   TB,,Girls,2012(U14/15),3 East,261
Lucille Heasley Soccer Fields (Heasley 2),10/11/26,Sun,5:30 PM,5730,North Royalton,,Highland   NF2,,Boys,2014(U13),2,261
Lucille Heasley Soccer Fields (Heasley 2),10/25/26,Sun,2:30 PM,12920,North Royalton,,West Geauga,,Boys,2014(U13),5 East,261
Lucille Heasley Soccer Fields (Heasley 2),10/25/26,Sun,5:30 PM,2611,North Royalton,,Medina   13GN,,Girls,2014(U13),1,261
Lucille Heasley Soccer Fields (Heasley 2E),8/16/26,Sun,2:30 PM,15002,North Royalton,,Brunswick   WHT,,Girls,2017(U10),3 West,261
Lucille Heasley Soccer Fields (Heasley 2E),8/24/26,Mon,6:30 PM,1108,North Royalton,,Hudson   BATS,,Girls,2017(U10),1,261
Lucille Heasley Soccer Fields (Heasley 2E),8/26/26,Wed,6:30 PM,10507,North Royalton,,Westlake   RG,,Boys,2017(U10),2 West,261
Lucille Heasley Soccer Fields (Heasley 2E),8/27/26,Thu,6:30 PM,10909,North Royalton,,Highland   DT,,Boys,2017(U10),4 South EV,261
Lucille Heasley Soccer Fields (Heasley 2E),9/30/26,Wed,6:30 PM,10926,North Royalton,,Buckeye,,Boys,2017(U10),4 South EV,261
Lucille Heasley Soccer Fields (Heasley 3),10/18/26,Sun,11:30 AM,12011,North Royalton,,Brecksville Bees SA,,Boys,2015(U12),3 South,261
MQA Soccer Fields (Mary Queen of the Apostle's Church) (Field 1 9v9),8/23/26,Sun,1:00 PM,5007,TUSA,,Avon,,Boys,2016(U11),5 West,19
MQA Soccer Fields (Mary Queen of the Apostle's Church) (Field 1 9v9),8/23/26,Sun,2:30 PM,2006,TUSA,,Midview,,Girls,2016(U11),5 West,19
MQA Soccer Fields (Mary Queen of the Apostle's Church) (Field 1 9v9),8/30/26,Sun,1:00 PM,5019,TUSA,,Lakewood   B15G,,Boys,2016(U11),5 West,19
MQA Soccer Fields (Mary Queen of the Apostle's Church) (Field 1 9v9),8/30/26,Sun,2:30 PM,2011,TUSA,,Columbia Station,,Girls,2016(U11),5 West,19
MQA Soccer Fields (Mary Queen of the Apostle's Church) (Field 1 9v9),8/30/26,Sun,4:00 PM,5415,TUSA,,Lakewood   B14W,,Boys,2015(U12),4 West,19
MQA Soccer Fields (Mary Queen of the Apostle's Church) (Field 1 9v9),9/13/26,Sun,5:30 PM,2014,TUSA,,Buckeye,,Girls,2016(U11),5 West,19
MQA Soccer Fields (Mary Queen of the Apostle's Church) (Field 1 9v9),9/20/26,Sun,1:00 PM,5026,TUSA,,Midview   TJ,,Boys,2016(U11),5 West,19
MQA Soccer Fields (Mary Queen of the Apostle's Church) (Field 1 9v9),9/20/26,Sun,2:30 PM,2018,TUSA,,Fairview Park,,Girls,2016(U11),5 West,19
MQA Soccer Fields (Mary Queen of the Apostle's Church) (Field 1 9v9),9/20/26,Sun,4:00 PM,5423,TUSA,,Westlake   ZA,,Boys,2015(U12),4 West,19
MQA Soccer Fields (Mary Queen of the Apostle's Church) (Field 1 9v9),9/27/26,Sun,2:30 PM,5032,TUSA,,Midview   JL,,Boys,2016(U11),5 West,19
MQA Soccer Fields (Mary Queen of the Apostle's Church) (Field 1 9v9),10/11/26,Sun,2:30 PM,5432,TUSA,,Rocky River   WHT,,Boys,2015(U12),4 West,19
MQA Soccer Fields (Mary Queen of the Apostle's Church) (Field 1 9v9),10/18/26,Sun,2:30 PM,5408,TUSA,,North Ridgeville,,Boys,2015(U12),4 West,19
MQA Soccer Fields (Mary Queen of the Apostle's Church) (Field 2 - 11v11),8/30/26,Sun,11:30 AM,5907,TUSA,,Amherst,,Boys,2014(U13),4 West,19
MQA Soccer Fields (Mary Queen of the Apostle's Church) (Field 2 - 11v11),9/20/26,Sun,11:30 AM,5912,TUSA,,Lakewood   B13G,,Boys,2014(U13),4 West,19
MQA Soccer Fields (Mary Queen of the Apostle's Church) (Field 2 - 11v11),10/11/26,Sun,1:00 PM,5916,TUSA,,Olmsted Falls   Blue,,Boys,2014(U13),4 West,19
MQA Soccer Fields (Mary Queen of the Apostle's Church) (Field 2 - 11v11),10/18/26,Sun,4:00 PM,5904,TUSA,,Parma,,Boys,2014(U13),4 West,19
Macedonia Rec Center 9v9 Field (North Fields),8/16/26,Sun,10:30 AM,11002,Nordonia,,Mentor,,Boys,2017(U10),5 East,115
Macedonia Rec Center 9v9 Field (North Fields),8/16/26,Sun,11:30 AM,8802,Nordonia,,Amherst,,Girls,2015(U12),5,115
Macedonia Rec Center 9v9 Field (North Fields),8/16/26,Sun,3:00 PM,7702,Nordonia,,Willoughby,,Girls,2017(U10),5 East,115
Macedonia Rec Center 9v9 Field (North Fields),8/16/26,Sun,4:00 PM,14603,Nordonia,,Broadview Hts.,,Boys,2016(U11),5 East EN,115
Macedonia Rec Center 9v9 Field (North Fields),8/17/26,Mon,6:30 PM,12101,Nordonia,,Stow   Gold,,Boys,2015(U12),4 East,115
Macedonia Rec Center 9v9 Field (North Fields),8/23/26,Sun,11:30 AM,14605,Nordonia,,Twinsburg   WHTE,,Boys,2016(U11),5 East EN,115
Macedonia Rec Center 9v9 Field (North Fields),8/23/26,Sun,12:00 PM,7708,Nordonia,,Hudson   KENS,,Girls,2017(U10),5 East,115
Macedonia Rec Center 9v9 Field (North Fields),8/23/26,Sun,1:00 PM,11008,Nordonia,,Stow   Gray,,Boys,2017(U10),5 East,115
Macedonia Rec Center 9v9 Field (North Fields),8/23/26,Sun,2:20 PM,12110,Nordonia,,Riverside   Gold,,Boys,2015(U12),4 East,115
Macedonia Rec Center 9v9 Field (North Fields),8/30/26,Sun,2:30 PM,12117,Nordonia,,Eastside Kickers,,Boys,2015(U12),4 East,115
Macedonia Rec Center 9v9 Field (North Fields),9/13/26,Sun,11:30 AM,14614,Nordonia,,Shaker Hts.   SLV,,Boys,2016(U11),5 East EN,115
Macedonia Rec Center 9v9 Field (North Fields),9/13/26,Sun,1:00 PM,7724,Nordonia,,Shaker Hts.   WHT,,Girls,2017(U10),5 East,115
Macedonia Rec Center 9v9 Field (North Fields),9/13/26,Sun,2:30 PM,14125,Nordonia,,Chagrin Falls,,Boys,2018(U09),5 East EV,115
Macedonia Rec Center 9v9 Field (North Fields),9/13/26,Sun,5:30 PM,8818,Nordonia,,Twinsburg   WHT,,Girls,2015(U12),5,115
Macedonia Rec Center 9v9 Field (North Fields),9/17/26,Thu,6:30 PM,11024,Nordonia,,Mantua,,Boys,2017(U10),5 East,115
Macedonia Rec Center 9v9 Field (North Fields),9/20/26,Sun,1:00 PM,8822,Nordonia,,Orange,,Girls,2015(U12),5,115
Macedonia Rec Center 9v9 Field (North Fields),9/20/26,Sun,2:30 PM,14130,Nordonia,,Mayfield   RC,,Boys,2018(U09),5 East EV,115
Macedonia Rec Center 9v9 Field (North Fields),9/27/26,Sun,1:00 PM,12133,Nordonia,,Orange,,Boys,2015(U12),4 East,115
Macedonia Rec Center 9v9 Field (North Fields),9/27/26,Sun,3:00 PM,14134,Nordonia,,Twinsburg   WHTE,,Boys,2018(U09),5 East EV,115
Macedonia Rec Center 9v9 Field (North Fields),10/11/26,Sun,1:00 PM,11039,Nordonia,,Shaker Hts.   SLV,,Boys,2017(U10),5 East,115
Macedonia Rec Center 9v9 Field (North Fields),10/11/26,Sun,4:00 PM,14622,Nordonia,,Westlake   LD,,Boys,2016(U11),5 East EN,115
Macedonia Rec Center 9v9 Field (North Fields),10/18/26,Sun,10:00 AM,7739,Nordonia,,Rootstown,,Girls,2017(U10),5 East,115
Macedonia Rec Center 9v9 Field (North Fields),10/18/26,Sun,11:30 AM,14114,Nordonia,,West Geauga,,Boys,2018(U09),5 East EV,115
Macedonia Rec Center 9v9 Field (North Fields),10/18/26,Sun,1:00 PM,8811,Nordonia,,Lakewood   G14P,,Girls,2015(U12),5,115
Madison Middle School (11v11),8/16/26,Sun,10:00 AM,9104,Madison,,Hudson   CARP,,Girls,2012(U14/15),4 East,289
Madison Middle School (11v11),8/23/26,Sun,1:00 PM,9106,Madison,,Riverside,,Girls,2012(U14/15),4 East,289
Madison Middle School (11v11),8/30/26,Sun,4:00 PM,9116,Madison,,Eastside Kickers,,Girls,2012(U14/15),4 East,289
Madison Middle School (11v11),9/20/26,Sun,11:30 AM,9127,Madison,,West Geauga,,Girls,2012(U14/15),4 East,289
Madison Middle School (7v7),8/16/26,Sun,2:30 PM,7102,Madison,,Chagrin Falls,,Girls,2018(U09),5 East,289
Madison Middle School (7v7),8/26/26,Wed,6:30 PM,10810,Madison,,West Geauga,,Boys,2017(U10),4 East EV,289
Madison Middle School (7v7),8/29/26,Sat,10:30 AM,14111,Madison,,Shaker Hts.   SLV,,Boys,2018(U09),5 East EV,289
Madison Middle School (7v7),9/13/26,Sun,1:00 PM,10820,Madison,,NP Aurora,,Boys,2017(U10),4 East EV,289
Madison Middle School (7v7),9/13/26,Sun,2:30 PM,14122,Madison,,West Geauga,,Boys,2018(U09),5 East EV,289
Madison Middle School (7v7),9/20/26,Sun,10:00 AM,7116,Madison,,Brecksville Bees SA,,Girls,2018(U09),5 East,289
Madison Middle School (7v7),9/27/26,Sun,1:00 PM,10828,Madison,,Riverside   CB,,Boys,2017(U10),4 East EV,289
Madison Middle School (7v7),9/27/26,Sun,2:30 PM,7121,Madison,,Shaker Hts.   RED,,Girls,2018(U09),5 East,289
Madison Middle School (7v7),10/11/26,Sun,1:00 PM,10829,Madison,,Stow   Mar,,Boys,2017(U10),4 East EV,289
Madison Middle School (7v7),10/11/26,Sun,2:30 PM,14137,Madison,,Nordonia,,Boys,2018(U09),5 East EV,289
Madison Middle School (7v7),10/18/26,Sun,1:00 PM,14105,Madison,,Hudson   SCHA,,Boys,2018(U09),5 East EV,289
Madison Middle School (9v9),8/16/26,Sun,4:00 PM,12105,Madison,,Euclid,,Boys,2015(U12),4 East,289
Madison Middle School (9v9),8/23/26,Sun,11:00 AM,8608,Madison,,Field,,Girls,2015(U12),4 East,289
Madison Middle School (9v9),8/25/26,Tue,6:30 PM,12111,Madison,,Wickliffe,,Boys,2015(U12),4 East,289
Madison Middle School (9v9),8/30/26,Sun,1:00 PM,8615,Madison,,Riverside,,Girls,2015(U12),4 East,289
Madison Middle School (9v9),9/13/26,Sun,4:00 PM,12122,Madison,,Nordonia,,Boys,2015(U12),4 East,289
Madison Middle School (9v9),9/20/26,Sun,1:00 PM,11623,Madison,,Euclid,,Boys,2016(U11),5 East EV,289
Madison Middle School (9v9),9/27/26,Sun,11:30 AM,11625,Madison,,Geauga Federation SC,,Boys,2016(U11),5 East EV,289
Madison Middle School (9v9),10/11/26,Sun,4:00 PM,11632,Madison,,Aurora,,Boys,2016(U11),5 East EV,289
Madison Middle School (9v9),10/11/26,Sun,5:30 PM,12137,Madison,,Shaker Hts.   WHT,,Boys,2015(U12),4 East,289
Madison Middle School (9v9),10/18/26,Sun,11:30 AM,8632,Madison,,Solon United,,Girls,2015(U12),4 East,289
Madison Middle School (9v9),10/25/26,Sun,2:30 PM,11614,Madison,,Eastside Kickers,,Boys,2016(U11),5 East EV,289
"Madison Park  (Grass Field - 7v7, 9v9)",8/16/26,Sun,10:00 AM,5201,Lakewood   B14P,,Westlake   EL,,Boys,2015(U12),2,311
"Madison Park  (Grass Field - 7v7, 9v9)",8/16/26,Sun,11:30 AM,4505,Lakewood   B16W,,Sandusky,,Boys,2017(U10),5 West,311
"Madison Park  (Grass Field - 7v7, 9v9)",8/16/26,Sun,1:00 PM,3902,Lakewood   B17P,,North Olmsted,,Boys,2018(U09),4 West EN,311
"Madison Park  (Grass Field - 7v7, 9v9)",8/16/26,Sun,2:30 PM,10502,Lakewood   B16G,,Olmsted Falls   Blue,,Boys,2017(U10),2 West,311
"Madison Park  (Grass Field - 7v7, 9v9)",8/16/26,Sun,4:00 PM,4001,Lakewood   B17W,,Columbia Station,,Boys,2018(U09),5 West EV,311
"Madison Park  (Grass Field - 7v7, 9v9)",8/18/26,Tue,7:00 PM,3702,Lakewood   B17G,,Medina   9Grn,,Boys,2018(U09),2,311
"Madison Park  (Grass Field - 7v7, 9v9)",8/23/26,Sun,11:30 AM,10504,Lakewood   B16G,,North Royalton,,Boys,2017(U10),2 West,311
"Madison Park  (Grass Field - 7v7, 9v9)",8/23/26,Sun,1:00 PM,3708,Lakewood   B17G,,North Royalton,,Boys,2018(U09),2,311
"Madison Park  (Grass Field - 7v7, 9v9)",8/23/26,Sun,2:30 PM,707,Lakewood   G17G,,Hudson   CHIB,,Girls,2018(U09),2,311
"Madison Park  (Grass Field - 7v7, 9v9)",8/23/26,Sun,4:00 PM,4005,Lakewood   B17W,,Midview,,Boys,2018(U09),5 West EV,311
"Madison Park  (Grass Field - 7v7, 9v9)",8/26/26,Wed,6:30 PM,5412,Lakewood   B14W,,Amherst,,Boys,2015(U12),4 West,311
"Madison Park  (Grass Field - 7v7, 9v9)",8/27/26,Thu,6:30 PM,2311,Lakewood   G14G,,Port Clinton,,Girls,2015(U12),3 West,311
"Madison Park  (Grass Field - 7v7, 9v9)",8/30/26,Sun,11:30 AM,13913,Lakewood   B17B,,North Olmsted,,Boys,2018(U09),5 West EN,311
"Madison Park  (Grass Field - 7v7, 9v9)",8/30/26,Sun,2:30 PM,719,Lakewood   G17G,,Shaker Hts.   BLK,,Girls,2018(U09),2,311
"Madison Park  (Grass Field - 7v7, 9v9)",8/30/26,Sun,4:00 PM,7410,Lakewood   G16P,,Rocky River   WHT,,Girls,2017(U10),4 West,311
"Madison Park  (Grass Field - 7v7, 9v9)",9/9/26,Wed,6:30 PM,4511,Lakewood   B16W,,Bay Village   SA,,Boys,2017(U10),5 West,311
"Madison Park  (Grass Field - 7v7, 9v9)",9/11/26,Fri,6:30 PM,5120,Lakewood   B14G,,Orange,,Boys,2015(U12),1,311
"Madison Park  (Grass Field - 7v7, 9v9)",9/13/26,Sun,10:00 AM,15009,Lakewood   G16G,,Twinsburg   Blue,,Girls,2017(U10),3 West,311
"Madison Park  (Grass Field - 7v7, 9v9)",9/13/26,Sun,11:30 AM,4522,Lakewood   B16W,,Brunswick   BLK,,Boys,2017(U10),5 West,311
"Madison Park  (Grass Field - 7v7, 9v9)",9/13/26,Sun,1:00 PM,3918,Lakewood   B17P,,LaGrange,,Boys,2018(U09),4 West EN,311
"Madison Park  (Grass Field - 7v7, 9v9)",9/13/26,Sun,2:30 PM,5024,Lakewood   B15G,,Midview   TJ,,Boys,2016(U11),5 West,311
"Madison Park  (Grass Field - 7v7, 9v9)",9/13/26,Sun,4:00 PM,4320,Lakewood   B16P,,Amherst,,Boys,2017(U10),3 West,311
"Madison Park  (Grass Field - 7v7, 9v9)",9/13/26,Sun,5:30 PM,7415,Lakewood   G16P,,North Ridgeville,,Girls,2017(U10),4 West,311
"Madison Park  (Grass Field - 7v7, 9v9)",9/16/26,Wed,6:30 PM,2318,Lakewood   G14G,,Olmsted Falls   Blue,,Girls,2015(U12),3 West,311
"Madison Park  (Grass Field - 7v7, 9v9)",9/18/26,Fri,5:30 PM,15013,Lakewood   G16G,,Westlake   JD,,Girls,2017(U10),3 West,311
"Madison Park  (Grass Field - 7v7, 9v9)",9/20/26,Sun,1:00 PM,3922,Lakewood   B17P,,Westlake   TB,,Boys,2018(U09),4 West EN,311
"Madison Park  (Grass Field - 7v7, 9v9)",9/20/26,Sun,2:30 PM,726,Lakewood   G17G,,Rocky River   MRN,,Girls,2018(U09),2,311
"Madison Park  (Grass Field - 7v7, 9v9)",9/27/26,Sun,1:00 PM,4020,Lakewood   B17W,,Rocky River   BLK,,Boys,2018(U09),5 West EV,311
"Madison Park  (Grass Field - 7v7, 9v9)",9/27/26,Sun,2:30 PM,4328,Lakewood   B16P,,Firelands,,Boys,2017(U10),3 West,311
"Madison Park  (Grass Field - 7v7, 9v9)",9/27/26,Sun,4:00 PM,13926,Lakewood   B17B,,Fairview Park,,Boys,2018(U09),5 West EN,311
"Madison Park  (Grass Field - 7v7, 9v9)",9/27/26,Sun,5:30 PM,7420,Lakewood   G16P,,Fairview Park,,Girls,2017(U10),4 West,311
"Madison Park  (Grass Field - 7v7, 9v9)",10/11/26,Sun,11:30 AM,3739,Lakewood   B17G,,Avon Lake,,Boys,2018(U09),2,311
"Madison Park  (Grass Field - 7v7, 9v9)",10/11/26,Sun,1:00 PM,10523,Lakewood   B16G,,Avon Lake,,Boys,2017(U10),2 West,311
"Madison Park  (Grass Field - 7v7, 9v9)",10/11/26,Sun,2:30 PM,7424,Lakewood   G16P,,Bay Village   ND,,Girls,2017(U10),4 West,311
"Madison Park  (Grass Field - 7v7, 9v9)",10/11/26,Sun,4:00 PM,13931,Lakewood   B17B,,Olmsted Falls   Gold,,Boys,2018(U09),5 West EN,311
Manchester Middle School (MSC 11v11),8/16/26,Sun,11:30 AM,13403,Manchester,,Northwest,,Boys,2012(U14/15),4 South,497
Manchester Middle School (MSC 11v11),8/23/26,Sun,5:30 PM,13407,Manchester,,Green,,Boys,2012(U14/15),4 South,497
Manchester Middle School (MSC 11v11),8/25/26,Tue,6:00 PM,13008,Manchester,,PLX United,,Boys,2014(U13),5 South,497
Manchester Middle School (MSC 11v11),8/27/26,Thu,6:30 PM,9409,Manchester,,Lake Select SC   U14,,Girls,2012(U14/15),5 South,497
Manchester Middle School (MSC 11v11),8/30/26,Sun,12:30 PM,13012,Manchester,,Lake Select SC   U13,,Boys,2014(U13),5 South,497
Manchester Middle School (MSC 11v11),8/30/26,Sun,5:30 PM,9413,Manchester,,Mustangs Jr,,Girls,2012(U14/15),5 South,497
Manchester Middle School (MSC 11v11),9/20/26,Sun,11:30 AM,13018,Manchester,,Barberton,,Boys,2014(U13),5 South,497
Manchester Middle School (MSC 11v11),9/20/26,Sun,5:30 PM,13424,Manchester,,Parma,,Boys,2012(U14/15),4 South,497
Manchester Middle School (MSC 11v11),9/27/26,Sun,11:30 AM,13425,Manchester,,North Ridgeville,,Boys,2012(U14/15),4 South,497
Manchester Middle School (MSC 11v11),9/27/26,Sun,1:00 PM,13021,Manchester,,Tallmadge,,Boys,2014(U13),5 South,497
Manchester Middle School (MSC 11v11),9/27/26,Sun,5:00 PM,9426,Manchester,,Revere   BLUE,,Girls,2012(U14/15),5 South,497
Manchester Middle School (MSC 11v11),10/11/26,Sun,5:00 PM,9431,Manchester,,Chippewa,,Girls,2012(U14/15),5 South,497
Manchester Middle School (MSC 7v7),8/16/26,Sun,1:00 PM,14502,Manchester,,Barberton,,Boys,2017(U10),5 South EN,497
Manchester Middle School (MSC 7v7),8/16/26,Sun,2:30 PM,14003,Manchester,,Highland   JC1,,Boys,2018(U09),5 South EN,497
Manchester Middle School (MSC 7v7),8/23/26,Sun,11:00 AM,7504,Manchester,,Medina   10WT,,Girls,2017(U10),4 South,497
Manchester Middle School (MSC 7v7),8/23/26,Sun,2:30 PM,14009,Manchester,,Jackson,,Boys,2018(U09),5 South EN,497
Manchester Middle School (MSC 7v7),8/23/26,Sun,4:00 PM,14504,Manchester,,New Philadelphia   NMc,,Boys,2017(U10),5 South EN,497
Manchester Middle School (MSC 7v7),8/30/26,Sun,11:00 AM,14020,Manchester,,Revere   WHIT,,Boys,2018(U09),5 South EN,497
Manchester Middle School (MSC 7v7),8/30/26,Sun,1:00 PM,7507,Manchester,,Copley,,Girls,2017(U10),4 South,497
Manchester Middle School (MSC 7v7),9/12/26,Sat,12:00 PM,7516,Manchester,,Kent   TS,,Girls,2017(U10),4 South,497
Manchester Middle School (MSC 7v7),9/20/26,Sun,1:00 PM,14517,Manchester,,Northwest,,Boys,2017(U10),5 South EN,497
Manchester Middle School (MSC 7v7),9/20/26,Sun,2:30 PM,7512,Manchester,,Cuyahoga Falls   SV,,Girls,2017(U10),4 South,497
Manchester Middle School (MSC 7v7),10/11/26,Sun,2:30 PM,14040,Manchester,,Eagles Select   U8B,,Boys,2018(U09),5 South EN,497
Manchester Middle School (MSC 7v7),10/11/26,Sun,4:00 PM,14523,Manchester,,Perry (Stark),,Boys,2017(U10),5 South EN,497
Manchester Middle School (MSC 9v9),8/22/26,Sat,11:00 AM,12403,Manchester,,Dover,,Boys,2015(U12),5 South,497
Manchester Middle School (MSC 9v9),8/23/26,Sun,11:30 AM,12409,Manchester,,Highland   CM1,,Boys,2015(U12),5 South,497
Manchester Middle School (MSC 9v9),8/25/26,Tue,6:30 PM,8914,Manchester,,Lake Select SC   U12,,Girls,2015(U12),5 South,497
Manchester Middle School (MSC 9v9),8/30/26,Sun,4:00 PM,12420,Manchester,,Buckeye,,Boys,2015(U12),5 South,497
Manchester Middle School (MSC 9v9),9/13/26,Sun,4:00 PM,8925,Manchester,,Green,,Girls,2015(U12),5 South,497
Manchester Middle School (MSC 9v9),9/20/26,Sun,4:00 PM,8930,Manchester,,Chippewa,,Girls,2015(U12),5 South,497
Manchester Middle School (MSC 9v9),9/27/26,Sun,1:00 PM,8934,Manchester,,Fairless,,Girls,2015(U12),5 South,497
Manchester Middle School (MSC 9v9),10/11/26,Sun,2:30 PM,12440,Manchester,,Akron Inner City,,Boys,2015(U12),5 South,497
Mantua Soccer (Field 4 (9v9 Field; 7v7 Field)),8/23/26,Sun,1:00 PM,12307,Mantua,,West Geauga,,Boys,2015(U12),5 East,715
Mantua Soccer (Field 4 (9v9 Field; 7v7 Field)),8/23/26,Sun,2:30 PM,11605,Mantua,,Madison,,Boys,2016(U11),5 East EV,715
Mantua Soccer (Field 4 (9v9 Field; 7v7 Field)),8/23/26,Sun,4:00 PM,11009,Mantua,,Mentor,,Boys,2017(U10),5 East,715
Mantua Soccer (Field 4 (9v9 Field; 7v7 Field)),8/30/26,Sun,2:30 PM,11616,Mantua,,Euclid,,Boys,2016(U11),5 East EV,715
Mantua Soccer (Field 4 (9v9 Field; 7v7 Field)),8/30/26,Sun,5:00 PM,11020,Mantua,,Kenston   WT,,Boys,2017(U10),5 East,715
Mantua Soccer (Field 4 (9v9 Field; 7v7 Field)),9/22/26,Tue,6:00 PM,12324,Mantua,,Solon United,,Boys,2015(U12),5 East,715
Mantua Soccer (Field 4 (9v9 Field; 7v7 Field)),10/17/26,Sat,3:00 PM,11040,Mantua,,Geneva,,Boys,2017(U10),5 East,715
Mantua Soccer (Field 4 (9v9 Field; 7v7 Field)),10/18/26,Sun,2:30 PM,11634,Mantua,,Geauga Federation SC,,Boys,2016(U11),5 East EV,715
Mantua Soccer (Field 4 (9v9 Field; 7v7 Field)),10/18/26,Sun,4:00 PM,11003,Mantua,,Shaker Hts.   GLD,,Boys,2017(U10),5 East,715
Mantua Soccer (Field 4 (9v9 Field; 7v7 Field)),10/18/26,Sun,5:30 PM,12303,Mantua,,Hudson   HARR,,Boys,2015(U12),5 East,715
Mantua Soccer (Field 4 (9v9 Field; 7v7 Field)),10/25/26,Sun,2:30 PM,12325,Mantua,,Aurora,,Boys,2015(U12),5 East,715
Mantua Soccer (Field 4 (9v9 Field; 7v7 Field)),10/25/26,Sun,5:30 PM,11627,Mantua,,Aurora,,Boys,2016(U11),5 East EV,715
Mayfield High School Stadium (Stadium),8/16/26,Sun,2:30 PM,9004,Mayfield   TB,,North Royalton,,Girls,2012(U14/15),3 East,109
Mayfield High School Stadium (Stadium),8/16/26,Sun,5:00 PM,2603,Mayfield   SS,,Bay Village   CA,,Girls,2014(U13),1,109
Mayfield High School Stadium (Stadium),8/23/26,Sun,3:30 PM,9006,Mayfield   TB,,Twinsburg,,Girls,2012(U14/15),3 East,109
Mayfield High School Stadium (Stadium),8/30/26,Sun,5:30 PM,9014,Mayfield   TB,,Geauga Federation SC,,Girls,2012(U14/15),3 East,109
Mayfield High School Stadium (Stadium),8/31/26,Mon,6:30 PM,14812,Mayfield   MA,,Hudson   GUTI,,Boys,2012(U14/15),2 East,109
Mayfield High School Stadium (Stadium),9/1/26,Tue,6:30 PM,2625,Mayfield   SS,,Green,,Girls,2014(U13),1,109
Mayfield High School Stadium (Stadium),9/20/26,Sun,6:00 PM,14821,Mayfield   MA,,West Geauga,,Boys,2012(U14/15),2 East,109
Mayfield High School Stadium (Stadium),9/27/26,Sun,1:00 PM,9027,Mayfield   TB,,West Geauga,,Girls,2012(U14/15),3 East,109
Mayfield High School Stadium (Stadium),9/27/26,Sun,2:30 PM,12719,Mayfield   DW,,Kenston   SLV,,Boys,2014(U13),4 East,109
Mayfield High School Stadium (Stadium),10/18/26,Sun,11:00 AM,14830,Mayfield   MA,,Kenston,,Boys,2012(U14/15),2 East,109
Mayfield High School Stadium (Stadium),10/25/26,Sun,4:00 PM,2628,Mayfield   SS,,Shaker Hts.   BLK,,Girls,2014(U13),1,109
"Mayfield Village (Field 2 - North fields, middle field)",8/16/26,Sun,1:00 PM,4103,Mayfield   KHA,,Solon United,,Boys,2017(U10),1,108
"Mayfield Village (Field 2 - North fields, middle field)",8/16/26,Sun,2:30 PM,1302,Mayfield   MF,,Stow   Mar,,Girls,2017(U10),3 East,108
"Mayfield Village (Field 2 - North fields, middle field)",8/23/26,Sun,1:00 PM,1304,Mayfield   MF,,Warren,,Girls,2017(U10),3 East,108
"Mayfield Village (Field 2 - North fields, middle field)",8/23/26,Sun,4:00 PM,4105,Mayfield   KHA,,Avon,,Boys,2017(U10),1,108
"Mayfield Village (Field 2 - North fields, middle field)",8/26/26,Wed,6:30 PM,9909,Mayfield   SR,,Stow   Mar,,Boys,2018(U09),3 East,108
"Mayfield Village (Field 2 - North fields, middle field)",8/27/26,Thu,6:30 PM,14115,Mayfield   RC,,Stow   Blck,,Boys,2018(U09),5 East EV,108
"Mayfield Village (Field 2 - North fields, middle field)",8/28/26,Fri,6:30 PM,810,Mayfield   Sk,,North Ridgeville,,Girls,2018(U09),3,108
"Mayfield Village (Field 2 - North fields, middle field)",8/30/26,Sun,2:30 PM,9911,Mayfield   SR,,Eastside Kickers,,Boys,2018(U09),3 East,108
"Mayfield Village (Field 2 - North fields, middle field)",9/10/26,Thu,6:30 PM,9906,Mayfield   SR,,Geauga Federation SC,,Boys,2018(U09),3 East,108
"Mayfield Village (Field 2 - North fields, middle field)",9/12/26,Sat,5:30 PM,14131,Mayfield   RC,,Hudson   SCHA,,Boys,2018(U09),5 East EV,108
"Mayfield Village (Field 2 - North fields, middle field)",9/13/26,Sun,10:00 AM,820,Mayfield   Sk,,Aurora,,Girls,2018(U09),3,108
"Mayfield Village (Field 2 - North fields, middle field)",9/13/26,Sun,5:30 PM,4114,Mayfield   KHA,,Green,,Boys,2017(U10),1,108
"Mayfield Village (Field 2 - North fields, middle field)",9/15/26,Tue,6:15 PM,1323,Mayfield   MF,,Chagrin Falls,,Girls,2017(U10),3 East,108
"Mayfield Village (Field 2 - North fields, middle field)",9/20/26,Sun,1:00 PM,1317,Mayfield   MF,,Shaker Hts.   RED,,Girls,2017(U10),3 East,108
"Mayfield Village (Field 2 - North fields, middle field)",9/20/26,Sun,2:30 PM,9916,Mayfield   SR,,Solon United,,Boys,2018(U09),3 East,108
"Mayfield Village (Field 2 - North fields, middle field)",9/27/26,Sun,2:30 PM,828,Mayfield   Sk,,Olmsted Falls   Gold,,Girls,2018(U09),3,108
"Mayfield Village (Field 2 - North fields, middle field)",10/1/26,Thu,6:00 PM,14138,Mayfield   RC,,Chagrin Falls,,Boys,2018(U09),5 East EV,108
"Mayfield Village (Field 2 - North fields, middle field)",10/11/26,Sun,2:30 PM,829,Mayfield   Sk,,Kenston,,Girls,2018(U09),3,108
"Mayfield Village (Field 2 - North fields, middle field)",10/11/26,Sun,5:30 PM,4122,Mayfield   KHA,,Hudson   PEIG,,Boys,2017(U10),1,108
"Mayfield Village (Field 2 - North fields, middle field)",10/18/26,Sun,4:00 PM,14121,Mayfield   RC,,Mentor,,Boys,2018(U09),5 East EV,108
Mayfield Village (Field 3 - North Field closest to Route 91),8/16/26,Sun,1:00 PM,4702,Mayfield   MO,,Westlake   AM,,Boys,2016(U11),2,108
Mayfield Village (Field 3 - North Field closest to Route 91),8/23/26,Sun,11:30 AM,4708,Mayfield   MO,,Vermilion,,Boys,2016(U11),2,108
Mayfield Village (Field 3 - North Field closest to Route 91),8/25/26,Tue,6:30 PM,2215,Mayfield   KHO,,Rocky River   MRN,,Girls,2015(U12),2,108
Mayfield Village (Field 3 - North Field closest to Route 91),8/26/26,Wed,6:30 PM,5213,Mayfield   MW,,Westlake   EL,,Boys,2015(U12),2,108
Mayfield Village (Field 3 - North Field closest to Route 91),8/30/26,Sun,11:30 AM,5218,Mayfield   MW,,Broadview Hts.,,Boys,2015(U12),2,108
Mayfield Village (Field 3 - North Field closest to Route 91),8/30/26,Sun,4:00 PM,2222,Mayfield   KHO,,North Olmsted,,Girls,2015(U12),2,108
Mayfield Village (Field 3 - North Field closest to Route 91),8/30/26,Sun,5:30 PM,7810,Mayfield   TS,,Aurora,,Girls,2016(U11),3 East,108
Mayfield Village (Field 3 - North Field closest to Route 91),9/1/26,Tue,6:30 PM,7820,Mayfield   TS,,Shaker Hts.   BLK,,Girls,2016(U11),3 East,108
Mayfield Village (Field 3 - North Field closest to Route 91),9/11/26,Fri,6:30 PM,2246,Mayfield   KHO,,Shaker Hts.   BLK,,Girls,2015(U12),2,108
Mayfield Village (Field 3 - North Field closest to Route 91),9/13/26,Sun,5:30 PM,7815,Mayfield   TS,,Chagrin Falls,,Girls,2016(U11),3 East,108
Mayfield Village (Field 3 - North Field closest to Route 91),9/15/26,Tue,6:30 PM,4724,Mayfield   MO,,Orange,,Boys,2016(U11),2,108
Mayfield Village (Field 3 - North Field closest to Route 91),9/20/26,Sun,4:00 PM,7824,Mayfield   TS,,Hudson   RENN,,Girls,2016(U11),3 East,108
Mayfield Village (Field 3 - North Field closest to Route 91),9/20/26,Sun,6:00 PM,5229,Mayfield   MW,,Revere   RED,,Boys,2015(U12),2,108
Mayfield Village (Field 3 - North Field closest to Route 91),9/23/26,Wed,6:00 PM,2241,Mayfield   KHO,,NP Aurora,,Girls,2015(U12),2,108
Mayfield Village (Field 3 - North Field closest to Route 91),9/27/26,Sun,5:30 PM,5235,Mayfield   MW,,North Canton,,Boys,2015(U12),2,108
Mayfield Village (Field 3 - North Field closest to Route 91),10/11/26,Sun,5:30 PM,4739,Mayfield   MO,,Bay Village   MC,,Boys,2016(U11),2,108
Mayfield Village (Field 4),8/16/26,Sun,5:30 PM,12701,Mayfield   DW,,Wickliffe,,Boys,2014(U13),4 East,108
Mayfield Village (Field 4),9/10/26,Thu,6:30 PM,14817,Mayfield   MA,,Green,,Boys,2012(U14/15),2 East,108
Mayfield Village (Field 4),9/11/26,Fri,6:30 PM,2608,Mayfield   SS,,North Royalton,,Girls,2014(U13),1,108
Mayfield Village (Field 4),9/13/26,Sun,2:30 PM,12713,Mayfield   DW,,Kent   BW,,Boys,2014(U13),4 East,108
Mayfield Village (Field 4),10/18/26,Sun,11:00 AM,12707,Mayfield   DW,,Kenston   BLK,,Boys,2014(U13),4 East,108
Medina - Blakeslee Park (Blakeslee A- up front near road),8/16/26,Sun,1:00 PM,5202,Medina   12Gr,,Green,,Boys,2015(U12),2,207
Medina - Blakeslee Park (Blakeslee A- up front near road),8/23/26,Sun,11:30 AM,8504,Medina   12GN,,Brunswick   RYL,,Girls,2015(U12),3 South,207
Medina - Blakeslee Park (Blakeslee A- up front near road),8/25/26,Tue,6:30 PM,1609,Medina   11GN,,Avon,,Girls,2016(U11),1,207
Medina - Blakeslee Park (Blakeslee A- up front near road),8/27/26,Thu,6:30 PM,7908,Medina   11WT,,Copley,,Girls,2016(U11),3 South,207
Medina - Blakeslee Park (Blakeslee A- up front near road),8/30/26,Sun,5:30 PM,1611,Medina   11GN,,Highland   EM2,,Girls,2016(U11),1,207
Medina - Blakeslee Park (Blakeslee A- up front near road),9/13/26,Sun,4:00 PM,5224,Medina   12Gr,,North Canton,,Boys,2015(U12),2,207
Medina - Blakeslee Park (Blakeslee A- up front near road),9/16/26,Wed,6:15 PM,8517,Medina   12GN,,Highland   BD1,,Girls,2015(U12),3 South,207
Medina - Blakeslee Park (Blakeslee A- up front near road),9/27/26,Sun,6:00 PM,7921,Medina   11WT,,Stow   Gold,,Girls,2016(U11),3 South,207
Medina - Blakeslee Park (Blakeslee A- up front near road),10/8/26,Thu,6:30 PM,8523,Medina   12GN,,Columbia Station,,Girls,2015(U12),3 South,207
Medina - Blakeslee Park (Blakeslee A- up front near road),10/11/26,Sun,9:30 AM,11537,Medina   11Wh,,Cuyahoga Falls   JH11,,Boys,2016(U11),4 South,207
Medina - Blakeslee Park (Blakeslee B-in back to left),8/16/26,Sun,2:30 PM,11505,Medina   11Wh,,North Canton,,Boys,2016(U11),4 South,207
Medina - Blakeslee Park (Blakeslee B-in back to left),8/25/26,Tue,6:30 PM,11511,Medina   11Wh,,Tallmadge,,Boys,2016(U11),4 South,207
Medina - Blakeslee Park (Blakeslee B-in back to left),8/30/26,Sun,11:00 AM,12210,Medina   12Wh,,Brunswick   WHT,,Boys,2015(U12),4 South EV,207
Medina - Blakeslee Park (Blakeslee B-in back to left),9/13/26,Sun,11:00 AM,4617,Medina   11Gr,,Solon United,,Boys,2016(U11),1,207
Medina - Blakeslee Park (Blakeslee B-in back to left),9/13/26,Sun,5:30 PM,11522,Medina   11Wh,,Wadsworth   DOL,,Boys,2016(U11),4 South,207
Medina - Blakeslee Park (Blakeslee B-in back to left),9/27/26,Sun,1:00 PM,12220,Medina   12Wh,,Jackson,,Boys,2015(U12),4 South EV,207
Medina - Blakeslee Park (Blakeslee B-in back to left),9/29/26,Tue,6:00 PM,1616,Medina   11GN,,Green,,Girls,2016(U11),1,207
Medina - Blakeslee Park (Blakeslee B-in back to left),10/11/26,Sun,2:30 PM,5239,Medina   12Gr,,Lakewood   B14P,,Boys,2015(U12),2,207
Medina - Blakeslee Park (Blakeslee B-in back to left),10/18/26,Sun,2:30 PM,1606,Medina   11GN,,North Royalton,,Girls,2016(U11),1,207
Medina - Whitetail Crossing (Whitetail 1),8/16/26,Sun,11:30 AM,9204,Medina   14WT,,Copley,,Girls,2012(U14/15),4 South,206
Medina - Whitetail Crossing (Whitetail 1),8/16/26,Sun,5:30 PM,2602,Medina   13GN,,Kenston,,Girls,2014(U13),1,206
Medina - Whitetail Crossing (Whitetail 1),8/23/26,Sun,2:30 PM,12605,Medina   13Wh,,Brecksville Bees SA,,Boys,2014(U13),3 South,206
Medina - Whitetail Crossing (Whitetail 1),8/25/26,Tue,6:30 PM,6107,Medina   15Gr,,Olmsted Falls   Gold,,Boys,2012(U14/15),1,206
Medina - Whitetail Crossing (Whitetail 1),9/2/26,Wed,6:30 PM,12616,Medina   13Wh,,Strongsville   AH,,Boys,2014(U13),3 South,206
Medina - Whitetail Crossing (Whitetail 1),9/2/26,Wed,6:30 PM,3009,Medina   13WT,,Cloverleaf,,Girls,2014(U13),4 South,206
Medina - Whitetail Crossing (Whitetail 1),9/13/26,Sun,5:30 PM,3224,Medina   14GN,,Shaker Hts.   BLK,,Girls,2012(U14/15),2,206
Medina - Whitetail Crossing (Whitetail 1),9/20/26,Sun,5:30 PM,3016,Medina   13WT,,Fairless,,Girls,2014(U13),4 South,206
Medina - Whitetail Crossing (Whitetail 1),9/27/26,Sun,4:00 PM,9227,Medina   14WT,,Akron Inner City,,Girls,2012(U14/15),4 South,206
Medina - Whitetail Crossing (Whitetail 1),10/20/26,Tue,6:00 PM,5626,Medina   13Gr,,Chagrin Falls,,Boys,2014(U13),1,206
Medina - Whitetail Crossing (Whitetail 2),8/16/26,Sun,5:30 PM,12601,Medina   13Wh,,Revere,,Boys,2014(U13),3 South,206
Medina - Whitetail Crossing (Whitetail 2),8/23/26,Sun,4:00 PM,9206,Medina   14WT,,Kent   TH,,Girls,2012(U14/15),4 South,206
Medina - Whitetail Crossing (Whitetail 2),8/26/26,Wed,6:30 PM,2607,Medina   13GN,,Shaker Hts.   BLK,,Girls,2014(U13),1,206
Medina - Whitetail Crossing (Whitetail 2),8/31/26,Mon,6:15 PM,9214,Medina   14WT,,Wadsworth   KOV,,Girls,2012(U14/15),4 South,206
Medina - Whitetail Crossing (Whitetail 2),9/3/26,Thu,6:30 PM,5610,Medina   13Gr,,Shaker Hts.   BLK,,Boys,2014(U13),1,206
Medina - Whitetail Crossing (Whitetail 2),9/17/26,Thu,6:30 PM,6102,Medina   15Gr,,Amherst,,Boys,2012(U14/15),1,206
Medina - Whitetail Crossing (Whitetail 2),9/20/26,Sun,11:30 AM,2616,Medina   13GN,,Green,,Girls,2014(U13),1,206
Medina - Whitetail Crossing (Whitetail 2),9/27/26,Sun,5:30 PM,6121,Medina   15Gr,,Highland   AS1,,Boys,2012(U14/15),1,206
Medina - Whitetail Crossing (Whitetail 2),10/11/26,Sun,11:30 AM,5623,Medina   13Gr,,Bay Village   BW,,Boys,2014(U13),1,206
Medina Huffman/Cunningham Fields (Cunningham 12 (11v11) ),8/16/26,Sun,6:00 PM,3202,Medina   14GN,,Hudson   BOWM,,Girls,2012(U14/15),2,205
Medina Huffman/Cunningham Fields (Cunningham 12 (11v11) ),8/23/26,Sun,5:30 PM,3006,Medina   13WT,,Buckeye,,Girls,2014(U13),4 South,205
Medina Huffman/Cunningham Fields (Cunningham 12 (11v11) ),8/23/26,Sun,6:30 PM,3208,Medina   14GN,,Rocky River   MRN,,Girls,2012(U14/15),2,205
Medina Huffman/Cunningham Fields (Cunningham 12 (11v11) ),8/26/26,Wed,6:30 PM,5615,Medina   13Gr,,Solon United,,Boys,2014(U13),1,205
Medina Huffman/Cunningham Fields (Cunningham 12 (11v11) ),8/30/26,Sun,4:00 PM,3011,Medina   13WT,,Perry (Stark),,Girls,2014(U13),4 South,205
Medina Huffman/Cunningham Fields (Cunningham 12 (11v11) ),9/13/26,Sun,10:00 AM,2621,Medina   13GN,,Mayfield   SS,,Girls,2014(U13),1,205
Medina Huffman/Cunningham Fields (Cunningham 12 (11v11) ),9/13/26,Sun,11:30 AM,12619,Medina   13Wh,,Brunswick,,Boys,2014(U13),3 South,205
Medina Huffman/Cunningham Fields (Cunningham 12 (11v11) ),9/20/26,Sun,2:30 PM,6116,Medina   15Gr,,Olmsted Falls   Blue,,Boys,2012(U14/15),1,205
Medina Huffman/Cunningham Fields (Cunningham 12 (11v11) ),10/11/26,Sun,5:30 PM,3239,Medina   14GN,,Jackson,,Girls,2012(U14/15),2,205
Medina Huffman/Cunningham Fields (Cunningham 14 (7v7)),8/23/26,Sun,4:00 PM,6705,Medina   U9GN,,Brunswick,,Girls,2018(U09),3 South,205
Medina Huffman/Cunningham Fields (Cunningham 14 (7v7)),8/26/26,Wed,6:30 PM,9508,Medina   8Gld,,Revere,,Boys,2019(U08),South E,205
Medina Huffman/Cunningham Fields (Cunningham 14 (7v7)),8/30/26,Sun,11:30 AM,10215,Medina   9Gld,,Brecksville Bees SA,,Boys,2018(U09),4 South EN,205
Medina Huffman/Cunningham Fields (Cunningham 14 (7v7)),8/30/26,Sun,11:30 AM,7012,Medina   U8GN,,Copley,,Girls,2018(U09),4 South,205
Medina Huffman/Cunningham Fields (Cunningham 14 (7v7)),9/9/26,Wed,6:30 PM,14202,Medina   10Gr,,Wadsworth   LAM,,Boys,2017(U10),2 South,205
Medina Huffman/Cunningham Fields (Cunningham 14 (7v7)),9/15/26,Tue,6:00 PM,14413,Medina   10Bl,,North Canton,,Boys,2017(U10),4 South EN,205
Medina Huffman/Cunningham Fields (Cunningham 14 (7v7)),9/20/26,Sun,12:00 PM,1116,Medina   10GN,,Green,,Girls,2017(U10),1,205
Medina Huffman/Cunningham Fields (Cunningham 14 (7v7)),9/20/26,Sun,4:30 PM,7018,Medina   U8GN,,Jackson,,Girls,2018(U09),4 South,205
Medina Huffman/Cunningham Fields (Cunningham 14 (7v7)),9/27/26,Sun,2:30 PM,9521,Medina   8Gld,,Medina   8Blk,,Boys,2019(U08),South E,205
Medina Huffman/Cunningham Fields (Cunningham 14 (7v7)),10/11/26,Sun,1:00 PM,3738,Medina   9Grn,,Hudson   SATB,,Boys,2018(U09),2,205
Medina Huffman/Cunningham Fields (Cunningham 14 (7v7)),10/25/26,Sun,11:30 AM,7519,Medina   10WT,,Copley,,Girls,2017(U10),4 South,205
Medina Huffman/Cunningham Fields (Cunningham 15 (7v7)),8/19/26,Wed,6:30 PM,1003,Medina   U8GY,,Norton,,Girls,2018(U09),5 South EV,205
Medina Huffman/Cunningham Fields (Cunningham 15 (7v7)),8/23/26,Sun,5:30 PM,1106,Medina   10GN,,North Royalton,,Girls,2017(U10),1,205
Medina Huffman/Cunningham Fields (Cunningham 15 (7v7)),8/30/26,Sun,11:30 AM,14412,Medina   10Bl,,Cuyahoga Falls   SB,,Boys,2017(U10),4 South EN,205
Medina Huffman/Cunningham Fields (Cunningham 15 (7v7)),8/30/26,Sun,5:30 PM,13812,Medina   9Blk,,Stow   Gray,,Boys,2018(U09),4 South EV,205
Medina Huffman/Cunningham Fields (Cunningham 15 (7v7)),9/13/26,Sun,4:00 PM,1014,Medina   U8GY,,Highland   KR1,,Girls,2018(U09),5 South EV,205
Medina Huffman/Cunningham Fields (Cunningham 15 (7v7)),9/18/26,Fri,6:30 PM,7008,Medina   U8GN,,Ashland,,Girls,2018(U09),4 South,205
Medina Huffman/Cunningham Fields (Cunningham 15 (7v7)),9/24/26,Thu,6:00 PM,9518,Medina   8Gld,,Akron Inner City,,Boys,2019(U08),South E,205
Medina Huffman/Cunningham Fields (Cunningham 15 (7v7)),9/24/26,Thu,6:30 PM,13821,Medina   9Blk,,Eagles Select   U9,,Boys,2018(U09),4 South EV,205
Medina Huffman/Cunningham Fields (Cunningham 15 (7v7)),9/27/26,Sun,4:00 PM,14419,Medina   10Bl,,Green,,Boys,2017(U10),4 South EN,205
Medina Huffman/Cunningham Fields (Cunningham 15 (7v7)),10/11/26,Sun,12:00 PM,7638,Medina   10GY,,Green,,Girls,2017(U10),5 South,205
Medina Huffman/Cunningham Fields (Cunningham 17 - back of park),8/25/26,Tue,6:30 PM,1005,Medina   U8GY,,Akron Inner City,,Girls,2018(U09),5 South EV,205
Medina Huffman/Cunningham Fields (Cunningham 17 - back of park),8/30/26,Sun,1:00 PM,7508,Medina   10WT,,Cuyahoga Falls   SV,,Girls,2017(U10),4 South,205
Medina Huffman/Cunningham Fields (Cunningham 17 - back of park),9/11/26,Fri,6:30 PM,14912,Medina   U8WT,,North Royalton,,Girls,2018(U09),5 South EN,205
Medina Huffman/Cunningham Fields (Cunningham 17 - back of park),9/13/26,Sun,11:30 AM,7013,Medina   U9WT,,Medina   U8GN,,Girls,2018(U09),4 South,205
Medina Huffman/Cunningham Fields (Cunningham 17 - back of park),9/13/26,Sun,4:00 PM,6714,Medina   U9GN,,Mustangs Jr,,Girls,2018(U09),3 South,205
Medina Huffman/Cunningham Fields (Cunningham 17 - back of park),9/19/26,Sat,2:30 PM,7021,Medina   U8GN,,Revere   RED,,Girls,2018(U09),4 South,205
Medina Huffman/Cunningham Fields (Cunningham 17 - back of park),9/20/26,Sun,2:30 PM,9516,Medina   8Blk,,Copley,,Boys,2019(U08),South E,205
Medina Huffman/Cunningham Fields (Cunningham 17 - back of park),9/27/26,Sun,4:00 PM,3731,Medina   9Grn,,Avon,,Boys,2018(U09),2,205
Medina Huffman/Cunningham Fields (Cunningham 17 - back of park),10/11/26,Sun,2:30 PM,1022,Medina   U8GY,,Stow   Gold,,Girls,2018(U09),5 South EV,205
Medina Huffman/Cunningham Fields (Cunningham 18 (9v9) - Back of the park),8/16/26,Sun,4:00 PM,8502,Medina   12GN,,Strongsville   AS,,Girls,2015(U12),3 South,205
Medina Huffman/Cunningham Fields (Cunningham 18 (9v9) - Back of the park),8/23/26,Sun,4:00 PM,5208,Medina   12Gr,,Revere   RED,,Boys,2015(U12),2,205
Medina Huffman/Cunningham Fields (Cunningham 18 (9v9) - Back of the park),8/28/26,Fri,6:30 PM,4612,Medina   11Gr,,North Canton,,Boys,2016(U11),1,205
Medina Huffman/Cunningham Fields (Cunningham 18 (9v9) - Back of the park),8/30/26,Sun,2:30 PM,7912,Medina   11WT,,Wadsworth   STA,,Girls,2016(U11),3 South,205
Medina Huffman/Cunningham Fields (Cunningham 18 (9v9) - Back of the park),9/13/26,Sun,1:00 PM,12215,Medina   12Wh,,Copley,,Boys,2015(U12),4 South EV,205
Medina Huffman/Cunningham Fields (Cunningham 18 (9v9) - Back of the park),9/20/26,Sun,2:30 PM,4621,Medina   11Gr,,Avon,,Boys,2016(U11),1,205
Medina Huffman/Cunningham Fields (Cunningham 18 (9v9) - Back of the park),9/20/26,Sun,5:30 PM,7918,Medina   11WT,,Ashland,,Girls,2016(U11),3 South,205
Medina Huffman/Cunningham Fields (Cunningham 18 (9v9) - Back of the park),10/11/26,Sun,11:00 AM,4630,Medina   11Gr,,Green,,Boys,2016(U11),1,205
Medina Huffman/Cunningham Fields (Cunningham 18 (9v9) - Back of the park),10/11/26,Sun,4:00 PM,12224,Medina   12Wh,,Lake Select SC   U12,,Boys,2015(U12),4 South EV,205
Medina Huffman/Cunningham Fields (Huffman 1),8/16/26,Sun,5:30 PM,7501,Medina   10WT,,Kent   TS,,Girls,2017(U10),4 South,205
Medina Huffman/Cunningham Fields (Huffman 1),8/23/26,Sun,2:30 PM,9506,Medina   8Blk,,Medina   8Gld,,Boys,2019(U08),South E,205
Medina Huffman/Cunningham Fields (Huffman 1),8/25/26,Tue,6:30 PM,9509,Medina   8Blk,,Akron Inner City,,Boys,2019(U08),South E,205
Medina Huffman/Cunningham Fields (Huffman 1),8/27/26,Thu,6:30 PM,3715,Medina   9Grn,,Shaker Hts.   BLK,,Boys,2018(U09),2,205
Medina Huffman/Cunningham Fields (Huffman 1),8/30/26,Sun,1:00 PM,9512,Medina   8Gld,,Highland   NN1,,Boys,2019(U08),South E,205
Medina Huffman/Cunningham Fields (Huffman 1),9/13/26,Sun,1:00 PM,14210,Medina   10Gr,,Highland   NF1,,Boys,2017(U10),2 South,205
Medina Huffman/Cunningham Fields (Huffman 1),9/13/26,Sun,5:30 PM,14917,Medina   U8WT,,Highland   AK1,,Girls,2018(U09),5 South EN,205
Medina Huffman/Cunningham Fields (Huffman 1),9/19/26,Sat,11:30 AM,7631,Medina   10GY,,Revere,,Girls,2017(U10),5 South,205
Medina Huffman/Cunningham Fields (Huffman 1),9/20/26,Sun,2:30 PM,13818,Medina   9Blk,,Brecksville Bees SA,,Boys,2018(U09),4 South EV,205
Medina Huffman/Cunningham Fields (Huffman 1),10/11/26,Sun,11:30 AM,14215,Medina   10Gr,,Green,,Boys,2017(U10),2 South,205
Medina Huffman/Cunningham Fields (Huffman 1),10/11/26,Sun,2:30 PM,10232,Medina   9Gld,,Stow   Whte,,Boys,2018(U09),4 South EN,205
Medina Huffman/Cunningham Fields (Huffman 2),8/16/26,Sun,1:00 PM,6703,Medina   U9GN,,Ashland,,Girls,2018(U09),3 South,205
Medina Huffman/Cunningham Fields (Huffman 2),8/23/26,Sun,2:30 PM,10908,Medina   10Go,,Cloverleaf,,Boys,2017(U10),4 South EV,205
Medina Huffman/Cunningham Fields (Huffman 2),8/25/26,Tue,6:30 PM,7007,Medina   U9WT,,Copley,,Girls,2018(U09),4 South,205
Medina Huffman/Cunningham Fields (Huffman 2),8/30/26,Sun,2:30 PM,1111,Medina   10GN,,Hudson   BATS,,Girls,2017(U10),1,205
Medina Huffman/Cunningham Fields (Huffman 2),9/3/26,Thu,6:30 PM,13808,Medina   9Blk,,North Canton,,Boys,2018(U09),4 South EV,205
Medina Huffman/Cunningham Fields (Huffman 2),9/13/26,Sun,6:30 PM,3721,Medina   9Grn,,Strongsville   CF,,Boys,2018(U09),2,205
Medina Huffman/Cunningham Fields (Huffman 2),9/19/26,Sat,1:00 PM,14921,Medina   U8WT,,Revere   BLUE,,Girls,2018(U09),5 South EN,205
Medina Huffman/Cunningham Fields (Huffman 2),9/20/26,Sun,11:30 AM,14417,Medina   10Bl,,Copley,,Boys,2017(U10),4 South EN,205
Medina Huffman/Cunningham Fields (Huffman 2),9/27/26,Sun,1:30 PM,7019,Medina   U9WT,,Ashland,,Girls,2018(U09),4 South,205
Medina Huffman/Cunningham Fields (Huffman 2),10/11/26,Sun,12:00 PM,6722,Medina   U9GN,,Green,,Girls,2018(U09),3 South,205
Medina Huffman/Cunningham Fields (Huffman 2),10/11/26,Sun,1:00 PM,14930,Medina   U8WT,,Stow   Mar,,Girls,2018(U09),5 South EN,205
Medina Huffman/Cunningham Fields (Huffman 3),8/16/26,Sun,6:00 PM,7001,Medina   U9WT,,Revere   RED,,Girls,2018(U09),4 South,205
Medina Huffman/Cunningham Fields (Huffman 3),8/23/26,Sun,3:00 PM,10208,Medina   9Gld,,Akron Inner City,,Boys,2018(U09),4 South EN,205
Medina Huffman/Cunningham Fields (Huffman 3),8/30/26,Sun,11:00 AM,9511,Medina   8Blk,,Revere,,Boys,2019(U08),South E,205
Medina Huffman/Cunningham Fields (Huffman 3),8/30/26,Sun,4:00 PM,10915,Medina   10Go,,Buckeye,,Boys,2017(U10),4 South EV,205
Medina Huffman/Cunningham Fields (Huffman 3),9/13/26,Sun,2:30 PM,7621,Medina   10GY,,North Canton,,Girls,2017(U10),5 South,205
Medina Huffman/Cunningham Fields (Huffman 3),9/20/26,Sun,11:30 AM,10223,Medina   9Gld,,Revere   RED,,Boys,2018(U09),4 South EN,205
Medina Huffman/Cunningham Fields (Huffman 3),9/20/26,Sun,4:00 PM,10923,Medina   10Go,,North Royalton,,Boys,2017(U10),4 South EV,205
Medina Huffman/Cunningham Fields (Huffman 3),9/24/26,Thu,6:00 PM,14218,Medina   10Gr,,Strongsville   AS,,Boys,2017(U10),2 South,205
Medina Huffman/Cunningham Fields (Huffman 3),9/27/26,Sun,2:30 PM,7514,Medina   10WT,,Manchester,,Girls,2017(U10),4 South,205
Medina Huffman/Cunningham Fields (Huffman 3),10/11/26,Sun,1:00 PM,10932,Medina   10Go,,Brecksville Bees SA,,Boys,2017(U10),4 South EV,205
Medina Huffman/Cunningham Fields (Huffman 3),10/25/26,Sun,3:00 PM,1109,Medina   10GN,,Avon,,Girls,2017(U10),1,205
Memorial Elementary (#1 7v7),8/16/26,Sun,1:00 PM,1103,Brunswick   RYL,,North Royalton,,Girls,2017(U10),1,253
Memorial Elementary (#1 7v7),8/16/26,Sun,4:00 PM,4501,Brunswick   BLK,,Port Clinton   WHT,,Boys,2017(U10),5 West,253
Memorial Elementary (#1 7v7),8/19/26,Wed,6:30 PM,10703,Brunswick   WHT,,Revere   RED,,Boys,2017(U10),3 South,253
Memorial Elementary (#1 7v7),8/23/26,Sun,11:30 AM,4510,Brunswick   BLK,,Rocky River   WHT,,Boys,2017(U10),5 West,253
Memorial Elementary (#1 7v7),8/23/26,Sun,1:00 PM,3806,Brunswick   RYL,,Olmsted Falls   Blue,,Boys,2018(U09),3 West,253
Memorial Elementary (#1 7v7),8/23/26,Sun,2:30 PM,304,Brunswick,,Broadview Hts.,,Boys,2019(U08),South V,253
Memorial Elementary (#1 7v7),8/23/26,Sun,4:00 PM,1105,Brunswick   RYL,,Avon,,Girls,2017(U10),1,253
Memorial Elementary (#1 7v7),8/23/26,Sun,5:30 PM,10706,Brunswick   RYL,,Revere   RED,,Boys,2017(U10),3 South,253
Memorial Elementary (#1 7v7),8/25/26,Tue,6:30 PM,10314,Brunswick   WHT,,Broadview Hts.,,Boys,2018(U09),5 South EV,253
Memorial Elementary (#1 7v7),8/30/26,Sun,11:30 AM,4517,Brunswick   BLK,,Olmsted Falls   Wht,,Boys,2017(U10),5 West,253
Memorial Elementary (#1 7v7),8/30/26,Sun,4:00 PM,6710,Brunswick,,Green,,Girls,2018(U09),3 South,253
Memorial Elementary (#1 7v7),8/30/26,Sun,5:30 PM,10714,Brunswick   RYL,,Cuyahoga Falls   MG,,Boys,2017(U10),3 South,253
Memorial Elementary (#1 7v7),9/2/26,Wed,6:30 PM,3814,Brunswick   RYL,,Rocky River   MRN,,Boys,2018(U09),3 West,253
Memorial Elementary (#1 7v7),9/3/26,Thu,6:30 PM,6715,Brunswick,,Highland   EM1,,Girls,2018(U09),3 South,253
Memorial Elementary (#1 7v7),9/8/26,Tue,6:30 PM,307,Brunswick,,Strongsville   JD,,Boys,2019(U08),South V,253
Memorial Elementary (#1 7v7),9/13/26,Sun,12:00 PM,10325,Brunswick   WHT,,Parma,,Boys,2018(U09),5 South EV,253
Memorial Elementary (#1 7v7),9/13/26,Sun,5:00 PM,1114,Brunswick   RYL,,Medina   10GN,,Girls,2017(U10),1,253
Memorial Elementary (#1 7v7),9/20/26,Sun,1:00 PM,10330,Brunswick   WHT,,Copley,,Boys,2018(U09),5 South EV,253
Memorial Elementary (#1 7v7),9/20/26,Sun,2:30 PM,312,Brunswick,,Parma,,Boys,2019(U08),South V,253
Memorial Elementary (#1 7v7),9/20/26,Sun,4:00 PM,10724,Brunswick   WHT,,Brunswick   RYL,,Boys,2017(U10),3 South,253
Memorial Elementary (#1 7v7),9/21/26,Mon,6:30 PM,15012,Brunswick   WHT,,North Royalton,,Girls,2017(U10),3 West,253
Memorial Elementary (#1 7v7),9/27/26,Sun,11:30 AM,4533,Brunswick   BLK,,Bay Village   AF,,Boys,2017(U10),5 West,253
Memorial Elementary (#1 7v7),9/27/26,Sun,1:00 PM,6720,Brunswick,,Medina   U9GN,,Girls,2018(U09),3 South,253
Memorial Elementary (#1 7v7),9/27/26,Sun,2:30 PM,3827,Brunswick   RYL,,Westlake   EL,,Boys,2018(U09),3 West,253
Memorial Elementary (#1 7v7),9/27/26,Sun,5:30 PM,10727,Brunswick   RYL,,Akron Inner City,,Boys,2017(U10),3 South,253
Memorial Elementary (#1 7v7),10/11/26,Sun,1:00 PM,6724,Brunswick,,Ashland,,Girls,2018(U09),3 South,253
Memorial Elementary (#1 7v7),10/11/26,Sun,2:30 PM,316,Brunswick,,Strongsville   TK,,Boys,2019(U08),South V,253
Memorial Elementary (#1 7v7),10/11/26,Sun,4:00 PM,1122,Brunswick   RYL,,Green,,Girls,2017(U10),1,253
Memorial Elementary (#1 7v7),10/18/26,Sun,11:30 AM,10704,Brunswick   RYL,,Norton,,Boys,2017(U10),3 South,253
Memorial Elementary (#1 7v7),10/25/26,Sun,3:00 PM,15016,Brunswick   WHT,,Westlake   JD,,Girls,2017(U10),3 West,253
Memorial Elementary (#2 7v7),8/16/26,Sun,5:00 PM,3804,Brunswick   RYL,,Bay Village   SM,,Boys,2018(U09),3 West,253
Memorial Elementary (#2 7v7),8/23/26,Sun,11:00 AM,15004,Brunswick   WHT,,Twinsburg   Blue,,Girls,2017(U10),3 West,253
Memorial Elementary (#2 7v7),8/23/26,Sun,4:00 PM,10707,Brunswick   WHT,,Cuyahoga Falls   MG,,Boys,2017(U10),3 South,253
Memorial Elementary (#2 7v7),8/30/26,Sun,2:30 PM,15007,Brunswick   WHT,,Lakewood   G16G,,Girls,2017(U10),3 West,253
Memorial Elementary (#2 7v7),9/27/26,Sun,12:00 PM,10334,Brunswick   WHT,,Highland   BR1,,Boys,2018(U09),5 South EV,253
Memorial Elementary (#2 7v7),9/30/26,Wed,6:15 PM,10725,Brunswick   WHT,,Norton,,Boys,2017(U10),3 South,253
Memorial Pool Field (9v9),8/16/26,Sun,3:30 PM,11601,Euclid,,Aurora,,Boys,2016(U11),5 East EV,42
Memorial Pool Field (9v9),8/23/26,Sun,2:30 PM,11606,Euclid,,Eastside Kickers,,Boys,2016(U11),5 East EV,42
Memorial Pool Field (9v9),8/25/26,Tue,6:30 PM,12112,Euclid,,Twinsburg,,Boys,2015(U12),4 East,42
Memorial Pool Field (9v9),9/13/26,Sun,2:30 PM,12123,Euclid,,Wickliffe,,Boys,2015(U12),4 East,42
Memorial Pool Field (9v9),9/20/26,Sun,2:30 PM,12128,Euclid,,Nordonia,,Boys,2015(U12),4 East,42
Memorial Pool Field (9v9),9/22/26,Tue,6:30 PM,11628,Euclid,,Willoughby,,Boys,2016(U11),5 East EV,42
Memorial Pool Field (9v9),10/11/26,Sun,2:30 PM,12136,Euclid,,Riverside   Gold,,Boys,2015(U12),4 East,42
Memorial Pool Field (9v9),10/18/26,Sun,2:30 PM,11635,Euclid,,Shaker Hts.   GLD,,Boys,2016(U11),5 East EV,42
Mercer Elementary School (Mercer Field),8/16/26,Sun,9:45 AM,4704,Shaker Hts.   BLK,,Rocky River   MRN,,Boys,2016(U11),2,378
Mercer Elementary School (Mercer Field),8/16/26,Sun,10:45 AM,2205,Shaker Hts.   BLK,,Hudson   BATS,,Girls,2015(U12),2,378
Mercer Elementary School (Mercer Field),8/19/26,Wed,6:30 PM,7803,Shaker Hts.   BLK,,Hudson   RENN,,Girls,2016(U11),3 East,378
Mercer Elementary School (Mercer Field),8/23/26,Sun,11:30 AM,14606,Shaker Hts.   SLV,,Broadview Hts.,,Boys,2016(U11),5 East EN,378
Mercer Elementary School (Mercer Field),8/23/26,Sun,1:00 PM,7805,Shaker Hts.   BLK,,Mayfield   TS,,Girls,2016(U11),3 East,378
Mercer Elementary School (Mercer Field),8/23/26,Sun,2:45 PM,4706,Shaker Hts.   BLK,,Avon Lake,,Boys,2016(U11),2,378
Mercer Elementary School (Mercer Field),8/23/26,Sun,4:15 PM,2209,Shaker Hts.   BLK,,Rocky River   MRN,,Girls,2015(U12),2,378
Mercer Elementary School (Mercer Field),8/23/26,Sun,6:00 PM,11406,Shaker Hts.   WHT,,Stow   Gold,,Boys,2016(U11),4 East,378
Mercer Elementary School (Mercer Field),8/29/26,Sat,9:00 AM,5112,Shaker Hts.   BLK,,Avon Lake,,Boys,2015(U12),1,378
Mercer Elementary School (Mercer Field),8/29/26,Sat,6:00 PM,11611,Shaker Hts.   GLD,,Madison,,Boys,2016(U11),5 East EV,378
Mercer Elementary School (Mercer Field),8/30/26,Sun,10:00 AM,11913,Shaker Hts.   RED,,Riverside   Blk,,Boys,2015(U12),3 East,378
Mercer Elementary School (Mercer Field),8/30/26,Sun,11:45 AM,14611,Shaker Hts.   SLV,,Streetsboro,,Boys,2016(U11),5 East EN,378
Mercer Elementary School (Mercer Field),8/30/26,Sun,1:00 PM,8212,Shaker Hts.   RED,,Orange,,Girls,2016(U11),5 East,378
Mercer Elementary School (Mercer Field),8/30/26,Sun,2:30 PM,4716,Shaker Hts.   BLK,,Vermilion,,Boys,2016(U11),2,378
Mercer Elementary School (Mercer Field),8/30/26,Sun,4:00 PM,11416,Shaker Hts.   WHT,,Solon United,,Boys,2016(U11),4 East,378
Mercer Elementary School (Mercer Field),9/12/26,Sat,6:00 PM,11604,Shaker Hts.   GLD,,Geauga Federation SC,,Boys,2016(U11),5 East EV,378
Mercer Elementary School (Mercer Field),9/13/26,Sun,4:00 PM,11421,Shaker Hts.   WHT,,Streetsboro,,Boys,2016(U11),4 East,378
Mercer Elementary School (Mercer Field),9/13/26,Sun,5:45 PM,11220,Shaker Hts.   RED,,Twinsburg   Blue,,Boys,2016(U11),3 East,378
Mercer Elementary School (Mercer Field),9/20/26,Sun,1:00 PM,8218,Shaker Hts.   RED,,Streetsboro,,Girls,2016(U11),5 East,378
Mercer Elementary School (Mercer Field),9/20/26,Sun,2:30 PM,4727,Shaker Hts.   BLK,,Mayfield   MO,,Boys,2016(U11),2,378
Mercer Elementary School (Mercer Field),9/27/26,Sun,10:00 AM,8628,Shaker Hts.   RED,,Field,,Girls,2015(U12),4 East,378
Mercer Elementary School (Mercer Field),9/27/26,Sun,1:00 PM,11228,Shaker Hts.   RED,,Kenston,,Boys,2016(U11),3 East,378
Mercer Elementary School (Mercer Field),9/27/26,Sun,2:30 PM,8221,Shaker Hts.   RED,,Geauga Federation SC,,Girls,2016(U11),5 East,378
Mercer Elementary School (Mercer Field),9/27/26,Sun,4:00 PM,2240,Shaker Hts.   BLK,,Midview,,Girls,2015(U12),2,378
Mercer Elementary School (Mercer Field),9/27/26,Sun,5:30 PM,11926,Shaker Hts.   RED,,Hudson   RENN,,Boys,2015(U12),3 East,378
Mercer Elementary School (Mercer Field),10/11/26,Sun,5:30 PM,8629,Shaker Hts.   RED,,Eastside Kickers,,Girls,2015(U12),4 East,378
Mercer Elementary School (Mercer Field),10/17/26,Sat,2:30 PM,7822,Shaker Hts.   BLK,,Aurora,,Girls,2016(U11),3 East,378
Mercer Elementary School (Mercer Field),10/18/26,Sun,4:00 PM,11909,Shaker Hts.   RED,,West Geauga,,Boys,2015(U12),3 East,378
Mercer Elementary School (Mercer Field),10/18/26,Sun,5:15 PM,11229,Shaker Hts.   RED,,NP Aurora,,Boys,2016(U11),3 East,378
Meredith Park (Field 138 - 11v11),8/16/26,Sun,1:00 PM,3002,Perry (Stark),,Cloverleaf,,Girls,2014(U13),4 South,505
Meredith Park (Field 138 - 11v11),8/20/26,Thu,6:30 PM,3218,Perry (Stark),,Revere   RED,,Girls,2012(U14/15),2,505
Meredith Park (Field 138 - 11v11),8/23/26,Sun,4:00 PM,3004,Perry (Stark),,Fairless,,Girls,2014(U13),4 South,505
Meredith Park (Field 138 - 11v11),8/23/26,Sun,5:30 PM,12806,Perry (Stark),,New Philadelphia   TZ,,Boys,2014(U13),4 South,505
Meredith Park (Field 138 - 11v11),8/26/26,Wed,6:30 PM,12809,Perry (Stark),,Cloverleaf,,Boys,2014(U13),4 South,505
Meredith Park (Field 138 - 11v11),8/27/26,Thu,6:30 PM,3213,Perry (Stark),,Green,,Girls,2012(U14/15),2,505
Meredith Park (Field 138 - 11v11),8/29/26,Sat,3:00 PM,13224,Perry (Stark),,Rootstown,,Boys,2012(U14/15),3 South,505
Meredith Park (Field 138 - 11v11),8/30/26,Sun,1:00 PM,12811,Perry (Stark),,North Canton,,Boys,2014(U13),4 South,505
Meredith Park (Field 138 - 11v11),8/30/26,Sun,4:00 PM,13215,Perry (Stark),,Brecksville Bees SA,,Boys,2012(U14/15),3 South,505
Meredith Park (Field 138 - 11v11),9/20/26,Sun,1:00 PM,3017,Perry (Stark),,Ashland,,Girls,2014(U13),4 South,505
Meredith Park (Field 138 - 11v11),9/20/26,Sun,4:00 PM,12816,Perry (Stark),,Copley,,Boys,2014(U13),4 South,505
Meredith Park (Field 138 - 11v11),9/27/26,Sun,11:30 AM,3235,Perry (Stark),,Shaker Hts.   BLK,,Girls,2012(U14/15),2,505
Meredith Park (Field 138 - 11v11),9/27/26,Sun,5:30 PM,13226,Perry (Stark),,Akron Inner City,,Boys,2012(U14/15),3 South,505
Meredith Park (Field 138 - 11v11),10/4/26,Sun,1:00 PM,3229,Perry (Stark),,Rocky River   MRN,,Girls,2012(U14/15),2,505
Meredith Park (Field 138 - 11v11),10/11/26,Sun,4:00 PM,3023,Perry (Stark),,Medina   13WT,,Girls,2014(U13),4 South,505
Meredith Park (Field 138 - 11v11),10/18/26,Sun,2:30 PM,13233,Perry (Stark),,Buckeye,,Boys,2012(U14/15),3 South,505
Middlebranch Elementary School (Field 1 7v7),8/16/26,Sun,2:30 PM,10304,Eagles Select   U8A,,North Royalton,,Boys,2018(U09),5 South EV,588
Middlebranch Elementary School (Field 1 7v7),8/23/26,Sun,2:30 PM,10306,Eagles Select   U8A,,Brunswick   WHT,,Boys,2018(U09),5 South EV,588
Middlebranch Elementary School (Field 1 7v7),8/23/26,Sun,4:00 PM,14006,Eagles Select   U8B,,Highland   JC1,,Boys,2018(U09),5 South EN,588
Middlebranch Elementary School (Field 1 7v7),8/26/26,Wed,6:30 PM,14508,Eagles Select   U10,,Manchester,,Boys,2017(U10),5 South EN,588
Middlebranch Elementary School (Field 1 7v7),8/29/26,Sat,1:00 PM,13811,Eagles Select   U9,,North Canton,,Boys,2018(U09),4 South EV,588
Middlebranch Elementary School (Field 1 7v7),8/30/26,Sun,11:30 AM,14512,Eagles Select   U10,,Northwest,,Boys,2017(U10),5 South EN,588
Middlebranch Elementary School (Field 1 7v7),8/30/26,Sun,2:30 PM,10316,Eagles Select   U8A,,Buckeye,,Boys,2018(U09),5 South EV,588
Middlebranch Elementary School (Field 1 7v7),8/30/26,Sun,4:00 PM,14016,Eagles Select   U8B,,Ashland,,Boys,2018(U09),5 South EN,588
Middlebranch Elementary School (Field 1 7v7),9/5/26,Sat,5:30 PM,13806,Eagles Select   U9,,Medina   9Blk,,Boys,2018(U09),4 South EV,588
Middlebranch Elementary School (Field 1 7v7),9/20/26,Sun,11:30 AM,14518,Eagles Select   U10,,Barberton,,Boys,2017(U10),5 South EN,588
Middlebranch Elementary School (Field 1 7v7),9/20/26,Sun,2:30 PM,10327,Eagles Select   U8A,,Highland   BR1,,Boys,2018(U09),5 South EV,588
Middlebranch Elementary School (Field 1 7v7),9/20/26,Sun,4:00 PM,14027,Eagles Select   U8B,,New Philadelphia   MV,,Boys,2018(U09),5 South EN,588
Middlebranch Elementary School (Field 1 7v7),9/22/26,Tue,6:30 PM,13816,Eagles Select   U9,,Perry (Stark),,Boys,2018(U09),4 South EV,588
Middlebranch Elementary School (Field 1 7v7),10/17/26,Sat,5:00 PM,13809,Eagles Select   U9,,Brecksville Bees SA,,Boys,2018(U09),4 South EV,588
Middlebranch Elementary School (Field 1 7v7),10/18/26,Sun,1:00 PM,14004,Eagles Select   U8B,,Barberton,,Boys,2018(U09),5 South EN,588
Middlebranch Elementary School (Field 1 7v7),10/18/26,Sun,2:30 PM,14521,Eagles Select   U10,,Perry (Stark),,Boys,2017(U10),5 South EN,588
Middlebranch Elementary School (Field 2 9v9),8/16/26,Sun,4:00 PM,11703,Eagles Select   U11,,Copley,,Boys,2016(U11),5 South,588
Middlebranch Elementary School (Field 2 9v9),8/23/26,Sun,11:30 AM,11709,Eagles Select   U11,,Perry (Stark),,Boys,2016(U11),5 South,588
Middlebranch Elementary School (Field 2 9v9),8/23/26,Sun,5:30 PM,12407,Eagles Select   U12,,Buckeye,,Boys,2015(U12),5 South,588
Middlebranch Elementary School (Field 2 9v9),8/27/26,Thu,6:30 PM,8913,Eagles Select   U12,,Green,,Girls,2015(U12),5 South,588
Middlebranch Elementary School (Field 2 9v9),8/30/26,Sun,10:00 AM,12419,Eagles Select   U12,,North Canton,,Boys,2015(U12),5 South,588
Middlebranch Elementary School (Field 2 9v9),8/30/26,Sun,2:30 PM,8918,Eagles Select   U12,,Manchester,,Girls,2015(U12),5 South,588
Middlebranch Elementary School (Field 2 9v9),8/30/26,Sun,5:30 PM,11720,Eagles Select   U11,,Dover,,Boys,2016(U11),5 South,588
Middlebranch Elementary School (Field 2 9v9),9/20/26,Sun,2:30 PM,12426,Eagles Select   U12,,Manchester,,Boys,2015(U12),5 South,588
Middlebranch Elementary School (Field 2 9v9),9/20/26,Sun,5:30 PM,8929,Eagles Select   U12,,Copley,,Girls,2015(U12),5 South,588
Middlebranch Elementary School (Field 2 9v9),9/27/26,Sun,10:00 AM,8935,Eagles Select   U12,,Northwest,,Girls,2015(U12),5 South,588
Middlebranch Elementary School (Field 2 9v9),9/27/26,Sun,4:00 PM,12432,Eagles Select   U12,,Cloverleaf,,Boys,2015(U12),5 South,588
Middlebranch Elementary School (Field 2 9v9),10/11/26,Sun,2:30 PM,11740,Eagles Select   U11,,Cloverleaf,,Boys,2016(U11),5 South,588
Middlebranch Elementary School (Field 3 11v11),8/23/26,Sun,2:30 PM,13605,Eagles Select   U14,,Mustangs Jr,,Boys,2012(U14/15),5 South,588
Middlebranch Elementary School (Field 3 11v11),8/30/26,Sun,4:00 PM,13616,Eagles Select   U14,,Lake Select SC   U14,,Boys,2012(U14/15),5 South,588
Middlebranch Elementary School (Field 3 11v11),9/27/26,Sun,11:30 AM,13627,Eagles Select   U14,,North Canton,,Boys,2012(U14/15),5 South,588
Middlebranch Elementary School (Field 3 11v11),10/18/26,Sun,1:30 PM,13634,Eagles Select   U14,,Fairless,,Boys,2012(U14/15),5 South,588
Midview High School Turf (11v11) (Midview High School),8/16/26,Sun,11:30 AM,6203,Midview,,Wadsworth   MUHL,,Boys,2012(U14/15),2,228
Midview High School Turf (11v11) (Midview High School),8/23/26,Sun,4:00 PM,6205,Midview,,Strongsville   NH,,Boys,2012(U14/15),2,228
Midview High School Turf (11v11) (Midview High School),8/30/26,Sun,1:00 PM,3423,Midview   AC,,Fairview Park,,Girls,2012(U14/15),4 West,228
Midview High School Turf (11v11) (Midview High School),8/30/26,Sun,2:30 PM,3421,Midview   DB,,Amherst,,Girls,2012(U14/15),4 West,228
Midview High School Turf (11v11) (Midview High School),9/13/26,Sun,1:30 PM,3427,Midview   AC,,Amherst,,Girls,2012(U14/15),4 West,228
Midview High School Turf (11v11) (Midview High School),9/20/26,Sun,1:00 PM,3436,Midview   DB,,Vermilion,,Girls,2012(U14/15),4 West,228
Midview High School Turf (11v11) (Midview High School),9/27/26,Sun,4:00 PM,3442,Midview   AC,,Vermilion,,Girls,2012(U14/15),4 West,228
Midview High School Turf (11v11) (Midview High School),10/11/26,Sun,1:00 PM,3447,Midview   AC,,Lakewood   G11G,,Girls,2012(U14/15),4 West,228
Midview High School Turf (11v11) (Midview High School),10/11/26,Sun,2:30 PM,3445,Midview   DB,,Fairview Park,,Girls,2012(U14/15),4 West,228
Midview High School Turf (11v11) (Midview High School),10/11/26,Sun,4:00 PM,6222,Midview,,North Olmsted,,Boys,2012(U14/15),2,228
Midview High School Turf (11v11) (Midview High School),10/18/26,Sun,1:00 PM,6214,Midview,,North Ridgeville,,Boys,2012(U14/15),2,228
Midview Soccer Complex (Field B),8/16/26,Sun,2:30 PM,7201,Midview,,Avon Lake,,Girls,2018(U09),5 West,89
Midview Soccer Complex (Field B),8/23/26,Sun,2:30 PM,7210,Midview,,Rocky River   GLD,,Girls,2018(U09),5 West,89
Midview Soccer Complex (Field B),8/25/26,Tue,6:30 PM,1512,Midview,,Avon Lake,,Girls,2017(U10),5 West,89
Midview Soccer Complex (Field B),8/30/26,Sun,1:00 PM,7217,Midview,,Rocky River   BLK,,Girls,2018(U09),5 West,89
Midview Soccer Complex (Field B),8/30/26,Sun,2:30 PM,4010,Midview,,Olmsted Falls   Silv,,Boys,2018(U09),5 West EV,89
Midview Soccer Complex (Field B),9/13/26,Sun,1:00 PM,1517,Midview,,Norwalk HCYSC,,Girls,2017(U10),5 West,89
Midview Soccer Complex (Field B),9/13/26,Sun,2:30 PM,4015,Midview,,Fairview Park,,Boys,2018(U09),5 West EV,89
Midview Soccer Complex (Field B),10/11/26,Sun,1:00 PM,1530,Midview,,Sandusky,,Girls,2017(U10),5 West,89
Midview Soccer Complex (Field B),10/12/26,Mon,6:00 PM,4023,Midview,,Columbia Station,,Boys,2018(U09),5 West EV,89
Midview Soccer Complex (Field B),10/18/26,Sun,2:30 PM,4026,Midview,,Avon,,Boys,2018(U09),5 West EV,89
Midview Soccer Complex (Field B),10/18/26,Sun,4:00 PM,7233,Midview,,Westlake   KP,,Girls,2018(U09),5 West,89
Midview Soccer Complex (Field B),10/25/26,Sun,2:30 PM,1521,Midview,,Westlake   JG,,Girls,2017(U10),5 West,89
Midview Soccer Complex (Field F),8/25/26,Tue,6:30 PM,3414,Midview   DB,,Rocky River   BLK,,Girls,2012(U14/15),4 West,89
Midview Soccer Complex (Field H),8/16/26,Sun,1:00 PM,5005,Midview   JL,,Avon,,Boys,2016(U11),5 West,89
Midview Soccer Complex (Field H),8/23/26,Sun,1:00 PM,5009,Midview   TJ,,Olmsted Falls   Gold,,Boys,2016(U11),5 West,89
Midview Soccer Complex (Field H),8/26/26,Wed,6:30 PM,5011,Midview   JL,,Midview   TJ,,Boys,2016(U11),5 West,89
Midview Soccer Complex (Field H),8/30/26,Sun,11:30 AM,5020,Midview   TJ,,Avon,,Boys,2016(U11),5 West,89
Midview Soccer Complex (Field H),8/30/26,Sun,5:00 PM,2012,Midview,,Buckeye,,Girls,2016(U11),5 West,89
Midview Soccer Complex (Field H),9/6/26,Sun,2:00 PM,2236,Midview,,Broadview Hts.,,Girls,2015(U12),2,89
Midview Soccer Complex (Field H),9/8/26,Tue,6:30 PM,2214,Midview,,Firelands,,Girls,2015(U12),2,89
Midview Soccer Complex (Field H),9/9/26,Wed,6:30 PM,5003,Midview   TJ,,Fairview Park,,Boys,2016(U11),5 West,89
Midview Soccer Complex (Field H),9/13/26,Sun,11:30 AM,5022,Midview   JL,,Rocky River   WHT,,Boys,2016(U11),5 West,89
Midview Soccer Complex (Field H),9/13/26,Sun,4:00 PM,2013,Midview,,Fairview Park,,Girls,2016(U11),5 West,89
Midview Soccer Complex (Field H),9/20/26,Sun,5:30 PM,2017,Midview,,Rocky River   GRY,,Girls,2016(U11),5 West,89
Midview Soccer Complex (Field H),9/27/26,Sun,1:00 PM,2019,Midview,,Avon,,Girls,2016(U11),5 West,89
Midview Soccer Complex (Field H),10/11/26,Sun,11:30 AM,5040,Midview   TJ,,North Ridgeville,,Boys,2016(U11),5 West,89
Midview Soccer Complex (Field H),10/11/26,Sun,4:00 PM,5037,Midview   JL,,Fairview Park,,Boys,2016(U11),5 West,89
Midview Soccer Complex (Field H),10/13/26,Tue,6:00 PM,2245,Midview,,Bay Village   KB,,Girls,2015(U12),2,89
Midview Soccer Complex (Field H),10/25/26,Sun,1:00 PM,2221,Midview,,Rocky River   MRN,,Girls,2015(U12),2,89
Muhl Fields (447),8/16/26,Sun,11:30 AM,10001,Wadsworth   LID,,Highland   KS1,,Boys,2018(U09),3 South,210
Muhl Fields (447),8/16/26,Sun,2:30 PM,1002,Wadsworth   ACC,,Akron Inner City,,Girls,2018(U09),5 South EV,210
Muhl Fields (447),8/16/26,Sun,4:00 PM,14001,Wadsworth   BYE,,Lake Select SC   U9,,Boys,2018(U09),5 South EN,210
Muhl Fields (447),8/23/26,Sun,11:30 AM,14908,Wadsworth   PHA,,Stow   Mar,,Girls,2018(U09),5 South EN,210
Muhl Fields (447),8/23/26,Sun,1:00 PM,10005,Wadsworth   LID,,Ashland,,Boys,2018(U09),3 South,210
Muhl Fields (447),8/23/26,Sun,2:30 PM,1004,Wadsworth   ACC,,Stow   Gold,,Girls,2018(U09),5 South EV,210
Muhl Fields (447),8/23/26,Sun,4:00 PM,14010,Wadsworth   BYE,,Barberton,,Boys,2018(U09),5 South EN,210
Muhl Fields (447),8/23/26,Sun,5:30 PM,14204,Wadsworth   LAM,,Strongsville   AS,,Boys,2017(U10),2 South,210
Muhl Fields (447),8/25/26,Tue,6:30 PM,10210,Wadsworth   RUFF,,Medina   9Gld,,Boys,2018(U09),4 South EN,210
Muhl Fields (447),8/30/26,Sun,11:30 AM,14207,Wadsworth   LAM,,Green,,Boys,2017(U10),2 South,210
Muhl Fields (447),8/30/26,Sun,1:30 PM,14915,Wadsworth   PHA,,Medina   U8WT,,Girls,2018(U09),5 South EN,210
Muhl Fields (447),8/30/26,Sun,2:30 PM,10016,Wadsworth   LID,,Green,,Boys,2018(U09),3 South,210
Muhl Fields (447),8/30/26,Sun,2:30 PM,14017,Wadsworth   BYE,,Jackson,,Boys,2018(U09),5 South EN,210
Muhl Fields (447),9/13/26,Sun,2:30 PM,10019,Wadsworth   LID,,Cuyahoga Falls   KO,,Boys,2018(U09),3 South,210
Muhl Fields (447),9/13/26,Sun,5:30 PM,10220,Wadsworth   RUFF,,Revere   RED,,Boys,2018(U09),4 South EN,210
Muhl Fields (447),9/20/26,Sun,11:30 AM,1017,Wadsworth   ACC,,Medina   U8GY,,Girls,2018(U09),5 South EV,210
Muhl Fields (447),9/20/26,Sun,1:00 PM,14923,Wadsworth   PHA,,Cloverleaf,,Girls,2018(U09),5 South EN,210
Muhl Fields (447),9/20/26,Sun,4:00 PM,14212,Wadsworth   LAM,,Medina   10Gr,,Boys,2017(U10),2 South,210
Muhl Fields (447),9/27/26,Sun,1:00 PM,14033,Wadsworth   BYE,,Eagles Select   U8B,,Boys,2018(U09),5 South EN,210
Muhl Fields (447),9/27/26,Sun,2:30 PM,10228,Wadsworth   RUFF,,Akron Inner City,,Boys,2018(U09),4 South EN,210
Muhl Fields (447),10/11/26,Sun,11:30 AM,14216,Wadsworth   LAM,,Highland   NF1,,Boys,2017(U10),2 South,210
Muhl Fields (447),10/11/26,Sun,1:00 PM,10229,Wadsworth   RUFF,,Highland   SR1,,Boys,2018(U09),4 South EN,210
Muhl Fields (447),10/11/26,Sun,2:30 PM,1023,Wadsworth   ACC,,Highland   KR1,,Girls,2018(U09),5 South EV,210
Muhl Fields (447),10/11/26,Sun,4:00 PM,14932,Wadsworth   PHA,,Highland   AK1,,Girls,2018(U09),5 South EN,210
Muhl Fields (448),8/16/26,Sun,11:30 AM,7903,Wadsworth   STA,,Medina   11WT,,Girls,2016(U11),3 South,210
Muhl Fields (448),8/16/26,Sun,1:00 PM,12001,Wadsworth   KEN,,Ashland,,Boys,2015(U12),3 South,210
Muhl Fields (448),8/16/26,Sun,3:30 PM,11803,Wadsworth   GAR,,Brunswick   RYL,,Boys,2016(U11),2 South,210
Muhl Fields (448),8/16/26,Sun,5:30 PM,11501,Wadsworth   DOL,,North Royalton,,Boys,2016(U11),4 South,210
Muhl Fields (448),8/23/26,Sun,11:30 AM,12005,Wadsworth   KEN,,Highland   JC2,,Boys,2015(U12),3 South,210
Muhl Fields (448),8/23/26,Sun,1:00 PM,11510,Wadsworth   DOL,,Northwest,,Boys,2016(U11),4 South,210
Muhl Fields (448),8/23/26,Sun,4:00 PM,11807,Wadsworth   GAR,,Broadview Hts.,,Boys,2016(U11),2 South,210
Muhl Fields (448),8/23/26,Sun,5:30 PM,7905,Wadsworth   STA,,Ashland,,Girls,2016(U11),3 South,210
Muhl Fields (448),8/30/26,Sun,5:30 PM,11517,Wadsworth   DOL,,Lake Select SC   U11,,Boys,2016(U11),4 South,210
Muhl Fields (448),9/13/26,Sun,11:30 AM,12019,Wadsworth   KEN,,Cuyahoga Falls   JH12,,Boys,2015(U12),3 South,210
Muhl Fields (448),9/13/26,Sun,4:00 PM,7914,Wadsworth   STA,,Stow   Gold,,Girls,2016(U11),3 South,210
Muhl Fields (448),9/20/26,Sun,11:30 AM,11824,Wadsworth   GAR,,Hudson   PEIG,,Boys,2016(U11),2 South,210
Muhl Fields (448),9/27/26,Sun,4:00 PM,11533,Wadsworth   DOL,,Green,,Boys,2016(U11),4 South,210
Muhl Fields (448),9/27/26,Sun,5:00 PM,11825,Wadsworth   GAR,,Hudson   PRIN,,Boys,2016(U11),2 South,210
Muhl Fields (448),9/29/26,Tue,6:00 PM,12016,Wadsworth   KEN,,Strongsville   EE-B,,Boys,2015(U12),3 South,210
Muhl Fields (448),10/11/26,Sun,5:30 PM,7922,Wadsworth   STA,,Northwest,,Girls,2016(U11),3 South,210
Muhl Fields (452  ),8/26/26,Wed,6:30 PM,12609,Wadsworth   LET,,Medina   13Wh,,Boys,2014(U13),3 South,210
Muhl Fields (452  ),8/26/26,Wed,6:30 PM,9210,Wadsworth   KOV,,Copley,,Girls,2012(U14/15),4 South,210
Muhl Fields (452  ),8/27/26,Thu,6:30 PM,6208,Wadsworth   MUHL,,Westlake   MW,,Boys,2012(U14/15),2,210
Muhl Fields (452  ),8/29/26,Sat,12:30 PM,13613,Wadsworth   PET,,Buckeye,,Boys,2012(U14/15),5 South,210
Muhl Fields (452  ),8/30/26,Sun,4:00 PM,6212,Wadsworth   MUHL,,Midview,,Boys,2012(U14/15),2,210
Muhl Fields (452  ),8/30/26,Sun,5:30 PM,12613,Wadsworth   LET,,Norton,,Boys,2014(U13),3 South,210
Muhl Fields (452  ),9/13/26,Sun,5:30 PM,9220,Wadsworth   KOV,,Kent   TH,,Girls,2012(U14/15),4 South,210
Muhl Fields (452  ),9/15/26,Tue,6:30 PM,13620,Wadsworth   PET,,Mustangs Jr,,Boys,2012(U14/15),5 South,210
Muhl Fields (452  ),9/20/26,Sun,2:30 PM,13622,Wadsworth   PET,,Barberton,,Boys,2012(U14/15),5 South,210
Muhl Fields (452  ),9/20/26,Sun,5:30 PM,6218,Wadsworth   MUHL,,Strongsville   NH,,Boys,2012(U14/15),2,210
Muhl Fields (452  ),9/26/26,Sat,5:00 PM,9228,Wadsworth   KOV,,North Canton,,Girls,2012(U14/15),4 South,210
Muhl Fields (452  ),9/27/26,Sun,2:30 PM,6221,Wadsworth   MUHL,,North Ridgeville,,Boys,2012(U14/15),2,210
Muhl Fields (452  ),9/27/26,Sun,5:30 PM,12626,Wadsworth   LET,,Brecksville Bees SA,,Boys,2014(U13),3 South,210
Muhl Fields (452  ),10/7/26,Wed,6:00 PM,12631,Wadsworth   LET,,Strongsville   AH,,Boys,2014(U13),3 South,210
Muhl Fields (452  ),10/11/26,Sun,3:00 PM,9229,Wadsworth   KOV,,Akron Inner City,,Girls,2012(U14/15),4 South,210
Muhl Fields (452  ),10/11/26,Sun,4:00 PM,13631,Wadsworth   PET,,Eagles Select   U14,,Boys,2012(U14/15),5 South,210
Newbury Field 11v11 (Newbury Field),8/16/26,Sun,4:00 PM,9001,West Geauga,,Geauga Federation SC,,Girls,2012(U14/15),3 East,739
Newbury Field 11v11 (Newbury Field),8/23/26,Sun,1:00 PM,9005,West Geauga,,Aurora,,Girls,2012(U14/15),3 East,739
Newbury Field 11v11 (Newbury Field),8/30/26,Sun,11:30 AM,9016,West Geauga,,Streetsboro,,Girls,2012(U14/15),3 East,739
Newbury Field 11v11 (Newbury Field),9/13/26,Sun,11:30 AM,12910,West Geauga,,North Royalton,,Boys,2014(U13),5 East,739
Newbury Field 11v11 (Newbury Field),9/13/26,Sun,1:00 PM,14820,West Geauga,,Chagrin Falls,,Boys,2012(U14/15),2 East,739
Newbury Field 11v11 (Newbury Field),9/13/26,Sun,2:30 PM,9124,West Geauga,,Nordonia,,Girls,2012(U14/15),4 East,739
Newbury Field 11v11 (Newbury Field),9/13/26,Sun,4:00 PM,9019,West Geauga,,North Royalton,,Girls,2012(U14/15),3 East,739
Newbury Field 11v11 (Newbury Field),9/27/26,Sun,4:00 PM,14828,West Geauga,,Kenston,,Boys,2012(U14/15),2 East,739
Newbury Field 11v11 (Newbury Field),10/4/26,Sun,11:00 AM,14810,West Geauga,,Broadview Hts.,,Boys,2012(U14/15),2 East,739
Newbury Field 11v11 (Newbury Field),10/18/26,Sun,1:00 PM,12918,West Geauga,,Mentor,,Boys,2014(U13),5 East,739
Newbury Field 11v11 (Newbury Field),10/18/26,Sun,2:30 PM,14829,West Geauga,,Warren,,Boys,2012(U14/15),2 East,739
Newton Park (404),8/25/26,Tue,6:30 PM,14013,Barberton,,Lake Select SC   U9,,Boys,2018(U09),5 South EN,577
Newton Park (404),8/30/26,Sun,1:00 PM,14510,Barberton,,New Philadelphia   NMc,,Boys,2017(U10),5 South EN,577
Newton Park (404),8/30/26,Sun,2:30 PM,14018,Barberton,,Highland   JC1,,Boys,2018(U09),5 South EN,577
Newton Park (404),8/30/26,Sun,2:30 PM,11718,Barberton,,Copley,,Boys,2016(U11),5 South,577
Newton Park (404),9/9/26,Wed,6:30 PM,11713,Barberton,,New Philadelphia   TM,,Boys,2016(U11),5 South,577
Newton Park (404),9/13/26,Sun,2:30 PM,14515,Barberton,,Manchester,,Boys,2017(U10),5 South EN,577
Newton Park (404),9/20/26,Sun,2:30 PM,14029,Barberton,,Ashland,,Boys,2018(U09),5 South EN,577
Newton Park (404),9/20/26,Sun,2:30 PM,11729,Barberton,,Mustangs Jr,,Boys,2016(U11),5 South,577
Newton Park (404),9/27/26,Sun,1:00 PM,14520,Barberton,,Northwest,,Boys,2017(U10),5 South EN,577
Newton Park (404),9/27/26,Sun,2:30 PM,11735,Barberton,,Eagles Select   U11,,Boys,2016(U11),5 South,577
Newton Park (404),9/27/26,Sun,4:30 PM,14035,Barberton,,Manchester,,Boys,2018(U09),5 South EN,577
Newton Park (404),10/11/26,Sun,2:30 PM,14524,Barberton,,Eagles Select   U10,,Boys,2017(U10),5 South EN,577
Nordonia High School (Stadium),8/16/26,Sun,8:30 AM,12502,Nordonia,,Shaker Hts.   RED,,Boys,2014(U13),3 East,129
Nordonia High School (Stadium),8/16/26,Sun,1:00 PM,9103,Nordonia,,Riverside,,Girls,2012(U14/15),4 East,129
Nordonia High School (Stadium),8/16/26,Sun,4:00 PM,13502,Nordonia,,Eastlake,,Boys,2012(U14/15),5,129
Nordonia High School (Stadium),8/23/26,Sun,4:00 PM,9109,Nordonia,,Wickliffe,,Girls,2012(U14/15),4 East,129
Nordonia High School (Stadium),8/27/26,Thu,6:30 PM,12511,Nordonia,,Riverside   JJ,,Boys,2014(U13),3 East,129
Nordonia High School (Stadium),8/30/26,Sun,2:30 PM,9120,Nordonia,,Aurora,,Girls,2012(U14/15),4 East,129
Nordonia High School (Stadium),9/13/26,Sun,1:00 PM,13510,Nordonia,,Streetsboro,,Boys,2012(U14/15),5,129
Nordonia High School (Stadium),9/13/26,Sun,2:30 PM,12518,Nordonia,,Riverside   KC,,Boys,2014(U13),3 East,129
Nordonia High School (Stadium),9/20/26,Sun,2:30 PM,12522,Nordonia,,NP Aurora,,Boys,2014(U13),3 East,129
Nordonia High School (Stadium),10/11/26,Sun,1:00 PM,13515,Nordonia,,Rocky River   WHT,,Boys,2012(U14/15),5,129
Nordonia High School (Stadium),10/11/26,Sun,2:30 PM,9140,Nordonia,,Madison,,Girls,2012(U14/15),4 East,129
Nordonia High School (Stadium),10/18/26,Sun,2:30 PM,13518,Nordonia,,Lakewood   B12P,,Boys,2012(U14/15),5,129
North Larwrence Township Park (7v7),8/23/26,Sun,11:30 AM,6706,Mustangs Jr,,Ashland,,Girls,2018(U09),3 South,627
North Larwrence Township Park (7v7),8/23/26,Sun,1:00 PM,7306,Mustangs Jr,,New Philadelphia   JB,,Girls,2017(U10),3 South,627
North Larwrence Township Park (7v7),8/25/26,Tue,6:30 PM,6709,Mustangs Jr,,Brunswick,,Girls,2018(U09),3 South,627
North Larwrence Township Park (7v7),8/26/26,Wed,6:30 PM,7309,Mustangs Jr,,Norton,,Girls,2017(U10),3 South,627
North Larwrence Township Park (7v7),8/30/26,Sun,1:00 PM,7311,Mustangs Jr,,Jackson,,Girls,2017(U10),3 South,627
North Larwrence Township Park (7v7),8/30/26,Sun,2:30 PM,6711,Mustangs Jr,,Highland   EM1,,Girls,2018(U09),3 South,627
North Larwrence Township Park (7v7),9/20/26,Sun,1:00 PM,7316,Mustangs Jr,,Ashland,,Girls,2017(U10),3 South,627
North Larwrence Township Park (7v7),9/20/26,Sun,2:30 PM,6716,Mustangs Jr,,Green,,Girls,2018(U09),3 South,627
North Lawrence Township Park (11v11 field),8/16/26,Sun,6:30 PM,9402,Mustangs Jr,,Revere   BLUE,,Girls,2012(U14/15),5 South,598
North Lawrence Township Park (11v11 field),8/29/26,Sat,2:30 PM,13614,Mustangs Jr,,North Canton,,Boys,2012(U14/15),5 South,598
North Lawrence Township Park (11v11 field),9/20/26,Sun,1:00 PM,13623,Mustangs Jr,,Lake Select SC   U14,,Boys,2012(U14/15),5 South,598
North Lawrence Township Park (11v11 field),9/20/26,Sun,2:30 PM,9422,Mustangs Jr,,Lake Select SC   U14,,Girls,2012(U14/15),5 South,598
North Lawrence Township Park (11v11 field),9/27/26,Sun,1:00 PM,13625,Mustangs Jr,,Fairless,,Boys,2012(U14/15),5 South,598
North Lawrence Township Park (11v11 field),10/11/26,Sun,2:30 PM,13632,Mustangs Jr,,Highland   CM2,,Boys,2012(U14/15),5 South,598
North Lawrence Township Park (9v9),8/16/26,Sun,2:30 PM,11705,Mustangs Jr,,Dover,,Boys,2016(U11),5 South,626
North Lawrence Township Park (9v9),8/23/26,Sun,4:00 PM,8706,Mustangs Jr,,Perry (Stark),,Girls,2015(U12),4 South,626
North Lawrence Township Park (9v9),8/25/26,Tue,6:30 PM,8709,Mustangs Jr,,North Canton,,Girls,2015(U12),4 South,626
North Lawrence Township Park (9v9),8/27/26,Thu,6:30 PM,11711,Mustangs Jr,,Eagles Select   U11,,Boys,2016(U11),5 South,626
North Lawrence Township Park (9v9),8/30/26,Sun,2:30 PM,8711,Mustangs Jr,,Revere,,Girls,2015(U12),4 South,626
North Lawrence Township Park (9v9),9/13/26,Sun,2:30 PM,11722,Mustangs Jr,,Southeast,,Boys,2016(U11),5 South,626
North Lawrence Township Park (9v9),9/20/26,Sun,2:30 PM,8716,Mustangs Jr,,Buckeye,,Girls,2015(U12),4 South,626
North Lawrence Township Park (9v9),10/12/26,Mon,6:30 PM,11737,Mustangs Jr,,Copley,,Boys,2016(U11),5 South,626
North Royalton Memorial Park Soccer Field (Memorial Park),8/26/26,Wed,6:00 PM,13108,North Royalton,,Hudson   NEGR,,Boys,2012(U14/15),3 East,262
North Royalton Memorial Park Soccer Field (Memorial Park),9/20/26,Sun,2:30 PM,13118,North Royalton,,Geauga Federation SC,,Boys,2012(U14/15),3 East,262
Northwest Middle School Fields (Dr. Martin Smilek Stadium),8/16/26,Sun,11:30 AM,12803,Northwest,,New Philadelphia   TZ,,Boys,2014(U13),4 South,595
Northwest Middle School Fields (Dr. Martin Smilek Stadium),8/16/26,Sun,5:30 PM,9203,Northwest,,Kent   TH,,Girls,2012(U14/15),4 South,595
Northwest Middle School Fields (Dr. Martin Smilek Stadium),8/23/26,Sun,1:00 PM,12805,Northwest,,Cloverleaf,,Boys,2014(U13),4 South,595
Northwest Middle School Fields (Dr. Martin Smilek Stadium),8/23/26,Sun,4:00 PM,9207,Northwest,,Wadsworth   KOV,,Girls,2012(U14/15),4 South,595
Northwest Middle School Fields (Dr. Martin Smilek Stadium),8/30/26,Sun,4:00 PM,13413,Northwest,,Cloverleaf,,Boys,2012(U14/15),4 South,595
Northwest Middle School Fields (Dr. Martin Smilek Stadium),9/13/26,Sun,4:00 PM,12814,Northwest,,Perry (Stark),,Boys,2014(U13),4 South,595
Northwest Middle School Fields (Dr. Martin Smilek Stadium),9/20/26,Sun,4:00 PM,9224,Northwest,,Medina   14WT,,Girls,2012(U14/15),4 South,595
Northwest Middle School Fields (Dr. Martin Smilek Stadium),10/11/26,Sun,11:30 AM,13431,Northwest,,Manchester,,Boys,2012(U14/15),4 South,595
Northwest Middle School Fields (Dr. Martin Smilek Stadium),10/11/26,Sun,4:00 PM,12822,Northwest,,Copley,,Boys,2014(U13),4 South,595
Northwest Middle School Fields (Northwest Middle School Grass Field),8/16/26,Sun,1:00 PM,7901,Northwest,,Stow   Gold,,Girls,2016(U11),3 South,595
Northwest Middle School Fields (Northwest Middle School Grass Field),8/16/26,Sun,2:30 PM,14503,Northwest,,Eagles Select   U10,,Boys,2017(U10),5 South EN,595
Northwest Middle School Fields (Northwest Middle School Grass Field),8/16/26,Sun,4:00 PM,8903,Northwest,,Manchester,,Girls,2015(U12),5 South,595
Northwest Middle School Fields (Northwest Middle School Grass Field),8/23/26,Sun,1:00 PM,8909,Northwest,,Chippewa,,Girls,2015(U12),5 South,595
Northwest Middle School Fields (Northwest Middle School Grass Field),8/23/26,Sun,2:30 PM,14505,Northwest,,Barberton,,Boys,2017(U10),5 South EN,595
Northwest Middle School Fields (Northwest Middle School Grass Field),8/26/26,Wed,6:30 PM,11513,Northwest,,North Royalton,,Boys,2016(U11),4 South,595
Northwest Middle School Fields (Northwest Middle School Grass Field),8/27/26,Thu,6:30 PM,13409,Northwest,,Tallmadge,,Boys,2012(U14/15),4 South,595
Northwest Middle School Fields (Northwest Middle School Grass Field),8/27/26,Thu,6:30 PM,7907,Northwest,,Wadsworth   STA,,Girls,2016(U11),3 South,595
Northwest Middle School Fields (Northwest Middle School Grass Field),8/30/26,Sun,1:00 PM,8920,Northwest,,Highland   BM1,,Girls,2015(U12),5 South,595
Northwest Middle School Fields (Northwest Middle School Grass Field),8/30/26,Sun,2:30 PM,11518,Northwest,,Cuyahoga Falls   JH11,,Boys,2016(U11),4 South,595
Northwest Middle School Fields (Northwest Middle School Grass Field),9/13/26,Sun,1:00 PM,7913,Northwest,,Medina   11WT,,Girls,2016(U11),3 South,595
Northwest Middle School Fields (Northwest Middle School Grass Field),9/13/26,Sun,5:00 PM,14514,Northwest,,Perry (Stark),,Boys,2017(U10),5 South EN,595
Northwest Middle School Fields (Northwest Middle School Grass Field),9/20/26,Sun,2:30 PM,11529,Northwest,,Medina   11Wh,,Boys,2016(U11),4 South,595
Northwest Middle School Fields (Northwest Middle School Grass Field),9/27/26,Sun,11:30 AM,13426,Northwest,,Brunswick,,Boys,2012(U14/15),4 South,595
Northwest Middle School Fields (Northwest Middle School Grass Field),9/27/26,Sun,1:00 PM,11535,Northwest,,Tallmadge,,Boys,2016(U11),4 South,595
Northwest Middle School Fields (Northwest Middle School Grass Field),9/27/26,Sun,4:00 PM,9225,Northwest,,Copley,,Girls,2012(U14/15),4 South,595
Northwest Middle School Fields (Northwest Middle School Grass Field),9/27/26,Sun,5:00 PM,7919,Northwest,,Copley,,Girls,2016(U11),3 South,595
Northwest Middle School Fields (Northwest Middle School Grass Field),10/11/26,Sun,1:00 PM,8940,Northwest,,Dover,,Girls,2015(U12),5 South,595
Northwest Middle School Fields (Northwest Middle School Grass Field),10/11/26,Sun,2:30 PM,14522,Northwest,,New Philadelphia   NMc,,Boys,2017(U10),5 South EN,595
Norton Stadium (Turf)  (High School Stadium Turf ),8/30/26,Sun,5:30 PM,6111,Norton,,Medina   15Gr,,Boys,2012(U14/15),1,671
Norton Stadium (Turf)  (High School Stadium Turf ),9/13/26,Sun,2:30 PM,6114,Norton,,Olmsted Falls   Blue,,Boys,2012(U14/15),1,671
Norton Stadium (Turf)  (High School Stadium Turf ),9/20/26,Sun,1:00 PM,6118,Norton,,Twinsburg   Blue,,Boys,2012(U14/15),1,671
Norton Stadium (Turf)  (High School Stadium Turf ),10/9/26,Fri,5:30 PM,6106,Norton,,Olmsted Falls   Gold,,Boys,2012(U14/15),1,671
Oakleaf Community Park (Field 1: Bottom),8/23/26,Sun,2:30 PM,10708,Norton,,Strongsville   KL,,Boys,2017(U10),3 South,583
Oakleaf Community Park (Field 1: Bottom),8/26/26,Wed,6:30 PM,10011,Norton,,Columbia Station,,Boys,2018(U09),3 South,583
Oakleaf Community Park (Field 1: Bottom),8/30/26,Sun,11:30 AM,1012,Norton,,Medina   U8GY,,Girls,2018(U09),5 South EV,583
Oakleaf Community Park (Field 1: Bottom),8/30/26,Sun,1:00 PM,7310,Norton,,Ashland,,Girls,2017(U10),3 South,583
Oakleaf Community Park (Field 1: Bottom),8/30/26,Sun,4:00 PM,10715,Norton,,Ashland,,Boys,2017(U10),3 South,583
Oakleaf Community Park (Field 1: Bottom),9/3/26,Thu,6:30 PM,1008,Norton,,Wadsworth   ACC,,Girls,2018(U09),5 South EV,583
Oakleaf Community Park (Field 1: Bottom),9/10/26,Thu,6:30 PM,10002,Norton,,Ashland,,Boys,2018(U09),3 South,583
Oakleaf Community Park (Field 1: Bottom),9/13/26,Sun,10:00 AM,10018,Norton,,Green,,Boys,2018(U09),3 South,583
Oakleaf Community Park (Field 1: Bottom),9/13/26,Sun,5:30 PM,7315,Norton,,Jackson,,Girls,2017(U10),3 South,583
Oakleaf Community Park (Field 1: Bottom),9/19/26,Sat,1:00 PM,10723,Norton,,Revere   RED,,Boys,2017(U10),3 South,583
Oakleaf Community Park (Field 1: Bottom),9/20/26,Sun,1:00 PM,10022,Norton,,Wadsworth   LID,,Boys,2018(U09),3 South,583
Oakleaf Community Park (Field 1: Bottom),9/20/26,Sun,2:30 PM,1018,Norton,,Akron Inner City,,Girls,2018(U09),5 South EV,583
Oakleaf Community Park (Field 1: Bottom),9/27/26,Sun,1:00 PM,7320,Norton,,North Canton,,Girls,2017(U10),3 South,583
Oakleaf Community Park (Field 1: Bottom),9/27/26,Sun,2:30 PM,1021,Norton,,Highland   KR1,,Girls,2018(U09),5 South EV,583
Oakleaf Community Park (Field 1: Bottom),10/11/26,Sun,1:00 PM,10732,Norton,,Brunswick   RYL,,Boys,2017(U10),3 South,583
Oakleaf Community Park (Field 1: Bottom),10/11/26,Sun,2:30 PM,7324,Norton,,New Philadelphia   JB,,Girls,2017(U10),3 South,583
Oakleaf Community Park (Field 3: Top Left),8/16/26,Sun,1:00 PM,8102,Norton,,Dover   SM,,Girls,2016(U11),4 South,583
Oakleaf Community Park (Field 3: Top Left),8/27/26,Thu,6:30 PM,8111,Norton,,Green,,Girls,2016(U11),4 South,583
Oakleaf Community Park (Field 3: Top Left),8/30/26,Sun,2:30 PM,14710,Norton,,Green,,Boys,2015(U12),4 South EN,583
Oakleaf Community Park (Field 3: Top Left),9/13/26,Sun,11:30 AM,14715,Norton,,Rootstown,,Boys,2015(U12),4 South EN,583
Oakleaf Community Park (Field 3: Top Left),9/15/26,Tue,6:30 PM,8118,Norton,,Cloverleaf,,Girls,2016(U11),4 South,583
Oakleaf Community Park (Field 3: Top Left),9/24/26,Thu,6:00 PM,8122,Norton,,Revere,,Girls,2016(U11),4 South,583
Oakleaf Community Park (Field 3: Top Left),9/27/26,Sun,4:00 PM,14720,Norton,,Tallmadge,,Boys,2015(U12),4 South EN,583
Oakleaf Community Park (Field 3: Top Left),10/11/26,Sun,4:00 PM,14724,Norton,,Kent   ER,,Boys,2015(U12),4 South EN,583
Oakleaf Community Park (Field 4: Middle ),8/16/26,Sun,4:00 PM,12602,Norton,,Brecksville Bees SA,,Boys,2014(U13),3 South,583
Oakleaf Community Park (Field 4: Middle ),8/26/26,Wed,6:30 PM,12611,Norton,,Broadview Hts.,,Boys,2014(U13),3 South,583
Oakleaf Community Park (Field 4: Middle ),9/13/26,Sun,5:30 PM,12618,Norton,,Strongsville   AH,,Boys,2014(U13),3 South,583
Oakleaf Community Park (Field 4: Middle ),9/20/26,Sun,5:30 PM,12622,Norton,,Medina   13Wh,,Boys,2014(U13),3 South,583
Oberland Park (11v11 - Field 4),8/27/26,Thu,6:30 PM,5709,Geauga Federation SC,,Akron Inner City,,Boys,2014(U13),2,90
Oberland Park (11v11 - Field 4),8/30/26,Sun,1:00 PM,5713,Geauga Federation SC,,Highland   NF2,,Boys,2014(U13),2,90
Oberland Park (11v11 - Field 4),8/30/26,Sun,4:00 PM,13110,Geauga Federation SC,,Solon United,,Boys,2012(U14/15),3 East,90
Oberland Park (11v11 - Field 4),9/9/26,Wed,6:15 PM,13115,Geauga Federation SC,,Hudson   NEGR,,Boys,2012(U14/15),3 East,90
Oberland Park (11v11 - Field 4),9/13/26,Sun,1:00 PM,9020,Geauga Federation SC,,Twinsburg,,Girls,2012(U14/15),3 East,90
Oberland Park (11v11 - Field 4),9/27/26,Sun,11:30 AM,13120,Geauga Federation SC,,Riverside   CT,,Boys,2012(U14/15),3 East,90
Oberland Park (11v11 - Field 4),9/27/26,Sun,1:00 PM,5726,Geauga Federation SC,,North Royalton,,Boys,2014(U13),2,90
Oberland Park (11v11 - Field 4),10/8/26,Thu,5:45 PM,5731,Geauga Federation SC,,Solon United,,Boys,2014(U13),2,90
Oberland Park (11v11 - Field 4),10/11/26,Sun,5:30 PM,13124,Geauga Federation SC,,North Royalton,,Boys,2012(U14/15),3 East,90
Oberland Park (11v11 - Field 4),10/11/26,Sun,5:30 PM,9029,Geauga Federation SC,,West Geauga,,Girls,2012(U14/15),3 East,90
Oberland Park (11v11 - Field 4),10/18/26,Sun,1:00 PM,9028,Geauga Federation SC,,Independence,,Girls,2012(U14/15),3 East,90
Oberland Park (11v11 - Field 4),10/25/26,Sun,1:00 PM,9010,Geauga Federation SC,,North Royalton,,Girls,2012(U14/15),3 East,90
Oberland Park (7-7 Field 2),8/16/26,Sun,1:00 PM,1404,Geauga Federation SC,,Independence,,Girls,2017(U10),4 East,90
Oberland Park (7-7 Field 2),8/16/26,Sun,3:30 PM,6804,Geauga Federation SC,,Solon United,,Girls,2018(U09),4 East,90
Oberland Park (7-7 Field 2),8/23/26,Sun,2:30 PM,6806,Geauga Federation SC,,Orange,,Girls,2018(U09),4 East,90
Oberland Park (7-7 Field 2),8/23/26,Sun,4:00 PM,1406,Geauga Federation SC,,Aurora,,Girls,2017(U10),4 East,90
Oberland Park (7-7 Field 2),8/25/26,Tue,6:30 PM,9908,Geauga Federation SC,,Eastside Kickers,,Boys,2018(U09),3 East,90
Oberland Park (7-7 Field 2),8/27/26,Thu,6:30 PM,10608,Geauga Federation SC,,Shaker Hts.   RED,,Boys,2017(U10),3 East,90
Oberland Park (7-7 Field 2),8/28/26,Fri,6:00 PM,10414,Geauga Federation SC,,Euclid,,Boys,2018(U09),5 East EN,90
Oberland Park (7-7 Field 2),8/30/26,Sun,11:30 AM,1414,Geauga Federation SC,,Geneva,,Girls,2017(U10),4 East,90
Oberland Park (7-7 Field 2),8/30/26,Sun,12:00 PM,9912,Geauga Federation SC,,Hudson   SATW,,Boys,2018(U09),3 East,90
Oberland Park (7-7 Field 2),8/30/26,Sun,4:00 PM,10421,Geauga Federation SC,,Geneva,,Boys,2018(U09),5 East EN,90
Oberland Park (7-7 Field 2),8/30/26,Sun,5:00 PM,6814,Geauga Federation SC,,Hudson   CHIW,,Girls,2018(U09),4 East,90
Oberland Park (7-7 Field 2),8/30/26,Sun,5:30 PM,10612,Geauga Federation SC,,Independence,,Boys,2017(U10),3 East,90
Oberland Park (7-7 Field 2),9/20/26,Sun,11:45 AM,9918,Geauga Federation SC,,Stow   Mar,,Boys,2018(U09),3 East,90
Oberland Park (7-7 Field 2),9/20/26,Sun,1:00 PM,10436,Geauga Federation SC,,Solon United,,Boys,2018(U09),5 East EN,90
Oberland Park (7-7 Field 2),9/20/26,Sun,4:00 PM,10618,Geauga Federation SC,,Riverside   JA,,Boys,2017(U10),3 East,90
Oberland Park (7-7 Field 2),9/27/26,Sun,11:30 AM,10621,Geauga Federation SC,,Solon United,,Boys,2017(U10),3 East,90
Oberland Park (7-7 Field 2),9/27/26,Sun,1:00 PM,9921,Geauga Federation SC,,Mayfield   SR,,Boys,2018(U09),3 East,90
Oberland Park (7-7 Field 2),9/27/26,Sun,5:00 PM,6827,Geauga Federation SC,,Chagrin Falls,,Girls,2018(U09),4 East,90
Oberland Park (7-7 Field 2),9/27/26,Sun,5:30 PM,1427,Geauga Federation SC,,Eastside Kickers,,Girls,2017(U10),4 East,90
Oberland Park (7-7 Field 2),10/11/26,Sun,2:30 PM,10445,Geauga Federation SC,,Streetsboro,,Boys,2018(U09),5 East EN,90
Oberland Park (9v9 - Field 1),8/16/26,Sun,6:30 PM,11903,Geauga Federation SC,,Shaker Hts.   RED,,Boys,2015(U12),3 East,90
Oberland Park (9v9 - Field 1),8/21/26,Fri,6:30 PM,8206,Geauga Federation SC,,Shaker Hts.   RED,,Girls,2016(U11),5 East,90
Oberland Park (9v9 - Field 1),8/23/26,Sun,9:30 AM,8607,Geauga Federation SC,,Shaker Hts.   RED,,Girls,2015(U12),4 East,90
Oberland Park (9v9 - Field 1),8/23/26,Sun,6:00 PM,11907,Geauga Federation SC,,Chagrin Falls,,Boys,2015(U12),3 East,90
Oberland Park (9v9 - Field 1),8/26/26,Wed,6:30 PM,11612,Geauga Federation SC,,Eastside Kickers,,Boys,2016(U11),5 East EV,90
Oberland Park (9v9 - Field 1),8/30/26,Sun,3:00 PM,8211,Geauga Federation SC,,Chagrin Falls,,Girls,2016(U11),5 East,90
Oberland Park (9v9 - Field 1),9/13/26,Sun,2:30 PM,11619,Geauga Federation SC,,Aurora,,Boys,2016(U11),5 East EV,90
Oberland Park (9v9 - Field 1),9/18/26,Fri,6:00 PM,8209,Geauga Federation SC,,Streetsboro,,Girls,2016(U11),5 East,90
Oberland Park (9v9 - Field 1),9/20/26,Sun,11:30 AM,11924,Geauga Federation SC,,Kenston,,Boys,2015(U12),3 East,90
Oberland Park (9v9 - Field 1),9/20/26,Sun,1:00 PM,8216,Geauga Federation SC,,Solon United,,Girls,2016(U11),5 East,90
Oberland Park (9v9 - Field 1),9/20/26,Sun,2:30 PM,8624,Geauga Federation SC,,Solon United,,Girls,2015(U12),4 East,90
Oberland Park (9v9 - Field 1),9/27/26,Sun,2:30 PM,11925,Geauga Federation SC,,Solon United,,Boys,2015(U12),3 East,90
Oberland Park (9v9 - Field 1),9/27/26,Sun,5:30 PM,8625,Geauga Federation SC,,Madison,,Girls,2015(U12),4 East,90
Oberland Park (9v9 - Field 1),10/11/26,Sun,1:15 PM,11630,Geauga Federation SC,,Euclid,,Boys,2016(U11),5 East EV,90
Oberland Park (9v9 - Field 1),10/18/26,Sun,12:00 PM,8603,Geauga Federation SC,,Hudson   KENN,,Girls,2015(U12),4 East,90
Oberland Park (9v9 - Field 1),10/25/26,Sun,5:30 PM,11621,Geauga Federation SC,,Shaker Hts.   GLD,,Boys,2016(U11),5 East EV,90
Olmsted Falls High School Stadium (11v11),8/23/26,Sun,11:30 AM,2707,Olmsted Falls   Blue,,Jackson,,Girls,2014(U13),2,257
Olmsted Falls High School Stadium (11v11),8/23/26,Sun,1:00 PM,5903,Olmsted Falls   Blue,,Amherst,,Boys,2014(U13),4 West,257
Olmsted Falls High School Stadium (11v11),8/23/26,Sun,4:00 PM,6105,Olmsted Falls   Blue,,Amherst,,Boys,2012(U14/15),1,257
Olmsted Falls High School Stadium (11v11),9/13/26,Sun,5:30 PM,6113,Olmsted Falls   Gold,,Twinsburg   Blue,,Boys,2012(U14/15),1,257
Olmsted Falls High School Stadium (11v11),9/20/26,Sun,11:30 AM,2724,Olmsted Falls   Blue,,Highland   GP1,,Girls,2014(U13),2,257
Olmsted Falls High School Stadium (11v11),9/27/26,Sun,11:30 AM,6120,Olmsted Falls   Blue,,Twinsburg   Blue,,Boys,2012(U14/15),1,257
Olmsted Falls High School Stadium (11v11),9/27/26,Sun,1:00 PM,3441,Olmsted Falls   Blue,,Lakewood   G11G,,Girls,2012(U14/15),4 West,257
Olmsted Falls High School Stadium (11v11),9/27/26,Sun,4:00 PM,6119,Olmsted Falls   Gold,,Amherst,,Boys,2012(U14/15),1,257
Olmsted Falls High School Stadium (11v11),10/11/26,Sun,1:00 PM,6122,Olmsted Falls   Blue,,Medina   15Gr,,Boys,2012(U14/15),1,257
Olmsted Falls High School Stadium (11v11),10/11/26,Sun,2:30 PM,3446,Olmsted Falls   Blue,,North Ridgeville,,Girls,2012(U14/15),4 West,257
Olmsted Falls High School Stadium (11v11),10/18/26,Sun,4:00 PM,3422,Olmsted Falls   Blue,,Rocky River   GLD,,Girls,2012(U14/15),4 West,257
Orange - Brady Middle School 7v7 Fields  (7v7 Field 1 B3 Top of Hill - ),8/16/26,Sun,1:00 PM,1402,Orange,,Solon United,,Girls,2017(U10),4 East,258
Orange - Brady Middle School 7v7 Fields  (7v7 Field 1 B3 Top of Hill - ),8/16/26,Sun,2:30 PM,10403,Orange,,Geauga Federation SC,,Boys,2018(U09),5 East EN,258
Orange - Brady Middle School 7v7 Fields  (7v7 Field 1 B3 Top of Hill - ),8/26/26,Wed,6:30 PM,6809,Orange,,Chagrin Falls,,Girls,2018(U09),4 East,258
Orange - Brady Middle School 7v7 Fields  (7v7 Field 1 B3 Top of Hill - ),8/27/26,Thu,6:30 PM,10416,Orange,,Willoughby,,Boys,2018(U09),5 East EN,258
Orange - Brady Middle School 7v7 Fields  (7v7 Field 1 B3 Top of Hill - ),8/30/26,Sun,2:30 PM,6813,Orange,,Mentor,,Girls,2018(U09),4 East,258
Orange - Brady Middle School 7v7 Fields  (7v7 Field 1 B3 Top of Hill - ),9/13/26,Sun,2:30 PM,209,Orange,,Kenston,,Boys,2019(U08),East,258
Orange - Brady Middle School 7v7 Fields  (7v7 Field 1 B3 Top of Hill - ),9/20/26,Sun,2:30 PM,10434,Orange,,Shaker Hts.   WHT,,Boys,2018(U09),5 East EN,258
Orange - Brady Middle School 7v7 Fields  (7v7 Field 1 B3 Top of Hill - ),9/23/26,Wed,6:00 PM,1418,Orange,,Olmsted Falls   Gold,,Girls,2017(U10),4 East,258
Orange - Brady Middle School 7v7 Fields  (7v7 Field 1 B3 Top of Hill - ),9/27/26,Sun,1:00 PM,6826,Orange,,Kenston,,Girls,2018(U09),4 East,258
Orange - Brady Middle School 7v7 Fields  (7v7 Field 1 B3 Top of Hill - ),9/27/26,Sun,5:00 PM,213,Orange,,Shaker Hts.   RED,,Boys,2019(U08),East,258
Orange - Brady Middle School 7v7 Fields  (7v7 Field 1 B3 Top of Hill - ),10/11/26,Sun,1:00 PM,10443,Orange,,Kenston   SK,,Boys,2018(U09),5 East EN,258
Orange - Brady Middle School 7v7 Fields  (7v7 Field 1 B3 Top of Hill - ),10/11/26,Sun,2:30 PM,6831,Orange,,Twinsburg,,Girls,2018(U09),4 East,258
Orange - Brady Middle School 7v7 Fields  (7v7 Field 1 B3 Top of Hill - ),10/18/26,Sun,2:30 PM,217,Orange,,Solon United,,Boys,2019(U08),East,258
Orange - Brady Middle School 7v7 Fields  (7v7 Field 1 B3 Top of Hill - ),10/18/26,Sun,4:30 PM,1422,Orange,,Eastside Kickers,,Girls,2017(U10),4 East,258
Orange - Brady Middle School 7v7 Fields  (7v7 Field 1 B3 Top of Hill - ),10/24/26,Sat,3:00 PM,205,Orange,,Shaker Hts.   BLK,,Boys,2019(U08),East,258
Orange - Brady Middle School 7v7 Fields  (7v7 Field 2 B3 Top of Hill),8/25/26,Tue,6:30 PM,1411,Orange,,Geauga Federation SC,,Girls,2017(U10),4 East,258
Orange - Brady Middle School B4 9v9 Field - Upper Left Corner  (Brady Middle School),8/16/26,Sun,2:30 PM,4703,Orange,,Avon Lake,,Boys,2016(U11),2,264
Orange - Brady Middle School B4 9v9 Field - Upper Left Corner  (Brady Middle School),8/16/26,Sun,4:00 PM,8801,Orange,,Wickliffe,,Girls,2015(U12),5,264
Orange - Brady Middle School B4 9v9 Field - Upper Left Corner  (Brady Middle School),8/16/26,Sun,5:30 PM,12104,Orange,,Riverside   Gold,,Boys,2015(U12),4 East,264
Orange - Brady Middle School B4 9v9 Field - Upper Left Corner  (Brady Middle School),8/17/26,Mon,6:30 PM,8203,Orange,,Shaker Hts.   RED,,Girls,2016(U11),5 East,264
Orange - Brady Middle School B4 9v9 Field - Upper Left Corner  (Brady Middle School),8/23/26,Sun,11:30 AM,8805,Orange,,Amherst,,Girls,2015(U12),5,264
Orange - Brady Middle School B4 9v9 Field - Upper Left Corner  (Brady Middle School),8/23/26,Sun,1:00 PM,7806,Orange,,Hudson   RENN,,Girls,2016(U11),3 East,264
Orange - Brady Middle School B4 9v9 Field - Upper Left Corner  (Brady Middle School),8/23/26,Sun,2:00 PM,4709,Orange,,Westlake   AM,,Boys,2016(U11),2,264
Orange - Brady Middle School B4 9v9 Field - Upper Left Corner  (Brady Middle School),8/23/26,Sun,4:00 PM,8205,Orange,,Streetsboro,,Girls,2016(U11),5 East,264
Orange - Brady Middle School B4 9v9 Field - Upper Left Corner  (Brady Middle School),8/23/26,Sun,6:30 PM,12106,Orange,,Shaker Hts.   WHT,,Boys,2015(U12),4 East,264
Orange - Brady Middle School B4 9v9 Field - Upper Left Corner  (Brady Middle School),8/26/26,Wed,6:30 PM,7809,Orange,,Mayfield   TS,,Girls,2016(U11),3 East,264
Orange - Brady Middle School B4 9v9 Field - Upper Left Corner  (Brady Middle School),8/27/26,Thu,6:30 PM,5109,Orange,,NP Aurora,,Boys,2015(U12),1,264
Orange - Brady Middle School B4 9v9 Field - Upper Left Corner  (Brady Middle School),8/30/26,Sun,10:00 AM,7811,Orange,,Chagrin Falls,,Girls,2016(U11),3 East,264
Orange - Brady Middle School B4 9v9 Field - Upper Left Corner  (Brady Middle School),8/30/26,Sun,11:30 AM,8816,Orange,,Twinsburg   WHT,,Girls,2015(U12),5,264
Orange - Brady Middle School B4 9v9 Field - Upper Left Corner  (Brady Middle School),8/30/26,Sun,2:30 PM,4720,Orange,,Olmsted Falls   Blue,,Boys,2016(U11),2,264
Orange - Brady Middle School B4 9v9 Field - Upper Left Corner  (Brady Middle School),8/30/26,Sun,4:00 PM,5113,Orange,,Bay Village   GE,,Boys,2015(U12),1,264
Orange - Brady Middle School B4 9v9 Field - Upper Left Corner  (Brady Middle School),8/30/26,Sun,5:30 PM,12116,Orange,,Madison,,Boys,2015(U12),4 East,264
Orange - Brady Middle School B4 9v9 Field - Upper Left Corner  (Brady Middle School),9/20/26,Sun,10:30 AM,7816,Orange,,Aurora,,Girls,2016(U11),3 East,264
Orange - Brady Middle School B4 9v9 Field - Upper Left Corner  (Brady Middle School),9/20/26,Sun,1:00 PM,12127,Orange,,Twinsburg,,Boys,2015(U12),4 East,264
Orange - Brady Middle School B4 9v9 Field - Upper Left Corner  (Brady Middle School),9/27/26,Sun,2:30 PM,5126,Orange,,Shaker Hts.   BLK,,Boys,2015(U12),1,264
Orange - Brady Middle School B4 9v9 Field - Upper Left Corner  (Brady Middle School),10/11/26,Sun,1:00 PM,8222,Orange,,Solon United,,Girls,2016(U11),5 East,264
Orange - Brady Middle School B4 9v9 Field - Upper Left Corner  (Brady Middle School),10/11/26,Sun,4:00 PM,5131,Orange,,Avon Lake,,Boys,2015(U12),1,264
Orange - Brady Middle School B4 9v9 Field - Upper Left Corner  (Brady Middle School),10/11/26,Sun,5:30 PM,4740,Orange,,Shaker Hts.   BLK,,Boys,2016(U11),2,264
Orange - Brady Middle School B4 9v9 Field - Upper Left Corner  (Brady Middle School),10/18/26,Sun,11:30 AM,8819,Orange,,Brunswick   WHT,,Girls,2015(U12),5,264
Orange - Brady Middle School B4 9v9 Field - Upper Left Corner  (Brady Middle School),10/18/26,Sun,1:00 PM,8214,Orange,,Geauga Federation SC,,Girls,2016(U11),5 East,264
Oregon Trail Park (Oregon Trail Park 7v7 #747),8/16/26,Sun,11:30 AM,14902,Stow   Mar,,Medina   U8WT,,Girls,2018(U09),5 South EN,177
Oregon Trail Park (Oregon Trail Park 7v7 #747),8/16/26,Sun,1:00 PM,1007,Stow   Gold,,Medina   U8GY,,Girls,2018(U09),5 South EV,177
Oregon Trail Park (Oregon Trail Park 7v7 #747),8/16/26,Sun,4:00 PM,13803,Stow   Gray,,Medina   9Blk,,Boys,2018(U09),4 South EV,177
Oregon Trail Park (Oregon Trail Park 7v7 #747),8/23/26,Sun,11:30 AM,14106,Stow   Blck,,Nordonia,,Boys,2018(U09),5 East EV,177
Oregon Trail Park (Oregon Trail Park 7v7 #747),8/23/26,Sun,1:00 PM,10411,Stow   Gold,,Geauga Federation SC,,Boys,2018(U09),5 East EN,177
Oregon Trail Park (Oregon Trail Park 7v7 #747),8/23/26,Sun,4:00 PM,13805,Stow   Gray,,Brecksville Bees SA,,Boys,2018(U09),4 South EV,177
Oregon Trail Park (Oregon Trail Park 7v7 #747),8/23/26,Sun,5:30 PM,10805,Stow   Mar,,Chagrin Falls,,Boys,2017(U10),4 East EV,177
Oregon Trail Park (Oregon Trail Park 7v7 #747),8/26/26,Wed,6:30 PM,10413,Stow   Gold,,Kenston   SK,,Boys,2018(U09),5 East EN,177
Oregon Trail Park (Oregon Trail Park 7v7 #747),8/27/26,Thu,6:30 PM,14911,Stow   Mar,,Highland   AK1,,Girls,2018(U09),5 South EN,177
Oregon Trail Park (Oregon Trail Park 7v7 #747),8/30/26,Sun,11:30 AM,14116,Stow   Blck,,Madison,,Boys,2018(U09),5 East EV,177
Oregon Trail Park (Oregon Trail Park 7v7 #747),8/30/26,Sun,1:00 PM,10214,Stow   Whte,,Wadsworth   RUFF,,Boys,2018(U09),4 South EN,177
Oregon Trail Park (Oregon Trail Park 7v7 #747),8/30/26,Sun,2:30 PM,9910,Stow   Mar,,Solon United,,Boys,2018(U09),3 East,177
Oregon Trail Park (Oregon Trail Park 7v7 #747),8/30/26,Sun,4:00 PM,10420,Stow   Gold,,Euclid,,Boys,2018(U09),5 East EN,177
Oregon Trail Park (Oregon Trail Park 7v7 #747),8/30/26,Sun,5:30 PM,1310,Stow   Mar,,Warren,,Girls,2017(U10),3 East,177
Oregon Trail Park (Oregon Trail Park 7v7 #747),9/2/26,Wed,6:30 PM,1001,Stow   Gold,,Highland   KR1,,Girls,2018(U09),5 South EV,177
Oregon Trail Park (Oregon Trail Park 7v7 #747),9/10/26,Thu,6:30 PM,13814,Stow   Gray,,Eagles Select   U9,,Boys,2018(U09),4 South EV,177
Oregon Trail Park (Oregon Trail Park 7v7 #747),9/13/26,Sun,1:00 PM,9915,Stow   Mar,,Eastside Kickers,,Boys,2018(U09),3 East,177
Oregon Trail Park (Oregon Trail Park 7v7 #747),9/13/26,Sun,4:00 PM,10430,Stow   Gold,,Solon United,,Boys,2018(U09),5 East EN,177
Oregon Trail Park (Oregon Trail Park 7v7 #747),9/13/26,Sun,6:00 PM,14918,Stow   Mar,,North Royalton,,Girls,2018(U09),5 South EN,177
Oregon Trail Park (Oregon Trail Park 7v7 #747),9/20/26,Sun,11:30 AM,1324,Stow   Mar,,Hudson   KENW,,Girls,2017(U10),3 East,177
Oregon Trail Park (Oregon Trail Park 7v7 #747),9/20/26,Sun,2:30 PM,14127,Stow   Blck,,Twinsburg   WHTE,,Boys,2018(U09),5 East EV,177
Oregon Trail Park (Oregon Trail Park 7v7 #747),9/20/26,Sun,4:00 PM,14317,Stow   Gold,,Twinsburg   WHTE,,Boys,2017(U10),4 East EN,177
Oregon Trail Park (Oregon Trail Park 7v7 #747),9/20/26,Sun,5:30 PM,14922,Stow   Mar,,Parma,,Girls,2018(U09),5 South EN,177
Oregon Trail Park (Oregon Trail Park 7v7 #747),9/27/26,Sun,1:00 PM,9920,Stow   Mar,,Hudson   SATW,,Boys,2018(U09),3 East,177
Oregon Trail Park (Oregon Trail Park 7v7 #747),9/27/26,Sun,2:30 PM,1019,Stow   Gold,,Wadsworth   ACC,,Girls,2018(U09),5 South EV,177
Oregon Trail Park (Oregon Trail Park 7v7 #747),9/27/26,Sun,4:00 PM,10227,Stow   Whte,,Highland   SR1,,Boys,2018(U09),4 South EN,177
Oregon Trail Park (Oregon Trail Park 7v7 #747),9/27/26,Sun,5:30 PM,1320,Stow   Mar,,Shaker Hts.   RED,,Girls,2017(U10),3 East,177
Oregon Trail Park (Oregon Trail Park 7v7 #747),10/11/26,Sun,9:45 AM,11037,Stow   Gray,,Shaker Hts.   GLD,,Boys,2017(U10),5 East,177
Oregon Trail Park (Oregon Trail Park 7v7 #747),10/11/26,Sun,1:00 PM,13822,Stow   Gray,,Perry (Stark),,Boys,2018(U09),4 South EV,177
Oregon Trail Park (Oregon Trail Park 7v7 #747),10/11/26,Sun,2:30 PM,9924,Stow   Mar,,Geauga Federation SC,,Boys,2018(U09),3 East,177
Oregon Trail Park (Oregon Trail Park 7v7 #747),10/11/26,Sun,5:30 PM,14323,Stow   Gold,,Wickliffe,,Boys,2017(U10),4 East EN,177
Oregon Trail Park (Oregon Trail Park 7v7 #747),10/18/26,Sun,1:00 PM,1013,Stow   Gold,,Norton,,Girls,2018(U09),5 South EV,177
Oregon Trail Park (Oregon Trail Park 7v7 #748),8/16/26,Sun,1:00 PM,11005,Stow   Gray,,Kenston   WT,,Boys,2017(U10),5 East,177
Oregon Trail Park (Oregon Trail Park 7v7 #748),8/16/26,Sun,2:30 PM,10801,Stow   Mar,,Madison,,Boys,2017(U10),4 East EV,177
Oregon Trail Park (Oregon Trail Park 7v7 #748),8/16/26,Sun,4:00 PM,14302,Stow   Gold,,Eastside Kickers   SEL,,Boys,2017(U10),4 East EN,177
Oregon Trail Park (Oregon Trail Park 7v7 #748),8/23/26,Sun,1:00 PM,10206,Stow   Whte,,Revere   RED,,Boys,2018(U09),4 South EN,177
Oregon Trail Park (Oregon Trail Park 7v7 #748),8/23/26,Sun,2:30 PM,14304,Stow   Gold,,Shaker Hts.   WHT,,Boys,2017(U10),4 East EN,177
Oregon Trail Park (Oregon Trail Park 7v7 #748),8/29/26,Sat,4:30 PM,11011,Stow   Gray,,Mantua,,Boys,2017(U10),5 East,177
Oregon Trail Park (Oregon Trail Park 7v7 #748),8/30/26,Sun,11:30 AM,10816,Stow   Mar,,Hudson   GRWA,,Boys,2017(U10),4 East EV,177
Oregon Trail Park (Oregon Trail Park 7v7 #748),9/13/26,Sun,11:30 AM,10819,Stow   Mar,,West Geauga,,Boys,2017(U10),4 East EV,177
Oregon Trail Park (Oregon Trail Park 7v7 #748),9/13/26,Sun,2:30 PM,1315,Stow   Mar,,Mayfield   MF,,Girls,2017(U10),3 East,177
Oregon Trail Park (Oregon Trail Park 7v7 #748),10/18/26,Sun,2:00 PM,11022,Stow   Gray,,Shaker Hts.   SLV,,Boys,2017(U10),5 East,177
Oregon Trail Park (Oregon Trail Park 7v7 #749),8/16/26,Sun,4:00 PM,14104,Stow   Blck,,Mentor,,Boys,2018(U09),5 East EV,177
Oregon Trail Park (Oregon Trail Park 7v7 #749),8/16/26,Sun,5:30 PM,10204,Stow   Whte,,Medina   9Gld,,Boys,2018(U09),4 South EN,177
Orlando Park (Orlando Park 11v11),9/13/26,Sun,2:30 PM,9121,Wickliffe,,Hudson   CARP,,Girls,2012(U14/15),4 East,40
Orlando Park (Orlando Park 11v11),9/19/26,Sat,2:00 PM,9115,Wickliffe,,Madison,,Girls,2012(U14/15),4 East,40
Orlando Park (Orlando Park 11v11),9/27/26,Sun,10:00 AM,9131,Wickliffe,,Aurora,,Girls,2012(U14/15),4 East,40
Orlando Park (Orlando Park 11v11),10/10/26,Sat,1:00 PM,9138,Wickliffe,,Field,,Girls,2012(U14/15),4 East,40
Orlando Park (Orlando Park 7v7),8/16/26,Sun,3:00 PM,10406,Wickliffe,,Stow   Gold,,Boys,2018(U09),5 East EN,40
Orlando Park (Orlando Park 7v7),8/23/26,Sun,2:30 PM,14306,Wickliffe,,Chagrin Falls,,Boys,2017(U10),4 East EN,40
Orlando Park (Orlando Park 7v7),8/25/26,Tue,6:30 PM,10417,Wickliffe,,Streetsboro,,Boys,2018(U09),5 East EN,40
Osborne Park (Osborne Park 7v7),8/26/26,Wed,6:30 PM,11013,Willoughby,,Solon United,,Boys,2017(U10),5 East,81
Osborne Park (Osborne Park 7v7),8/30/26,Sun,2:30 PM,10423,Willoughby,,Streetsboro,,Boys,2018(U09),5 East EN,81
Osborne Park (Osborne Park 7v7),8/30/26,Sun,6:00 PM,11018,Willoughby,,Shaker Hts.   GLD,,Boys,2017(U10),5 East,81
Osborne Park (Osborne Park 7v7),9/13/26,Sun,9:30 AM,7721,Willoughby,,West Geauga,,Girls,2017(U10),5 East,81
Osborne Park (Osborne Park 7v7),9/13/26,Sun,2:30 PM,10427,Willoughby,,Geneva,,Boys,2018(U09),5 East EN,81
Osborne Park (Osborne Park 7v7),9/20/26,Sun,2:30 PM,11029,Willoughby,,Stow   Gray,,Boys,2017(U10),5 East,81
Osborne Park (Osborne Park 7v7),9/27/26,Sun,1:00 PM,7731,Willoughby,,Eastside Kickers   SEL,,Girls,2017(U10),5 East,81
Osborne Park (Osborne Park 7v7),9/27/26,Sun,2:00 PM,11035,Willoughby,,Mantua,,Boys,2017(U10),5 East,81
Osborne Park (Osborne Park 7v7),9/27/26,Sun,2:30 PM,10442,Willoughby,,Solon United,,Boys,2018(U09),5 East EN,81
Osborne Park (Osborne Park 7v7),10/11/26,Sun,1:00 PM,7738,Willoughby,,Brecksville Bees SA,,Girls,2017(U10),5 East,81
Osborne Park (Osborne Park 7v7),10/11/26,Sun,2:30 PM,10447,Willoughby,,Stow   Gold,,Boys,2018(U09),5 East EN,81
Osborne Park (Osborne Park 7v7),10/18/26,Sun,4:00 PM,7715,Willoughby,,Tallmadge,,Girls,2017(U10),5 East,81
Osborne Park (Osborne Park 9v9),8/16/26,Sun,10:00 AM,11203,Willoughby,,Twinsburg   Blue,,Boys,2016(U11),3 East,81
Osborne Park (Osborne Park 9v9),8/16/26,Sun,11:30 AM,12301,Willoughby,,West Geauga,,Boys,2015(U12),5 East,81
Osborne Park (Osborne Park 9v9),8/16/26,Sun,1:00 PM,11602,Willoughby,,Madison,,Boys,2016(U11),5 East EV,81
Osborne Park (Osborne Park 9v9),8/23/26,Sun,9:30 AM,12305,Willoughby,,Shaker Hts.   SLV,,Boys,2015(U12),5 East,81
Osborne Park (Osborne Park 9v9),8/23/26,Sun,1:00 PM,11408,Willoughby,,Solon United,,Boys,2016(U11),4 East,81
Osborne Park (Osborne Park 9v9),8/23/26,Sun,4:00 PM,11607,Willoughby,,Geauga Federation SC,,Boys,2016(U11),5 East EV,81
Osborne Park (Osborne Park 9v9),8/23/26,Sun,5:30 PM,11207,Willoughby,,Shaker Hts.   RED,,Boys,2016(U11),3 East,81
Osborne Park (Osborne Park 9v9),8/27/26,Thu,6:30 PM,11609,Willoughby,,Mantua,,Boys,2016(U11),5 East EV,81
Osborne Park (Osborne Park 9v9),8/30/26,Sun,4:00 PM,11419,Willoughby,,Hudson   CORV,,Boys,2016(U11),4 East,81
Osborne Park (Osborne Park 9v9),9/8/26,Tue,6:30 PM,12316,Willoughby,,Mantua,,Boys,2015(U12),5 East,81
Osborne Park (Osborne Park 9v9),9/13/26,Sun,5:00 PM,12319,Willoughby,,Aurora,,Boys,2015(U12),5 East,81
Osborne Park (Osborne Park 9v9),9/20/26,Sun,1:00 PM,11224,Willoughby,,Riverside   BH,,Boys,2016(U11),3 East,81
Osborne Park (Osborne Park 9v9),9/27/26,Sun,11:30 AM,11225,Willoughby,,Mentor,,Boys,2016(U11),3 East,81
Osborne Park (Osborne Park 9v9),10/11/26,Sun,1:00 PM,11439,Willoughby,,Shaker Hts.   WHT,,Boys,2016(U11),4 East,81
Osborne Park (Osborne Park 9v9),10/18/26,Sun,2:30 PM,11442,Willoughby,,Riverside   BP,,Boys,2016(U11),4 East,81
Osborne Park (Osborne Park 9v9),10/25/26,Sun,1:00 PM,11636,Willoughby,,Euclid,,Boys,2016(U11),5 East EV,81
Parkside (Field #1N - 7v7),8/16/26,Sun,2:30 PM,1202,Westlake   NF,,Independence,,Girls,2017(U10),2,690
Parkside (Field #1N - 7v7),8/16/26,Sun,4:00 PM,15102,Westlake   BL,,Avon Lake,,Girls,2017(U10),4 West EV,690
Parkside (Field #1N - 7v7),8/23/26,Sun,11:30 AM,15003,Westlake   JD,,Lakewood   G16G,,Girls,2017(U10),3 West,690
Parkside (Field #1N - 7v7),8/23/26,Sun,1:00 PM,1208,Westlake   NF,,Avon Lake,,Girls,2017(U10),2,690
Parkside (Field #1N - 7v7),8/23/26,Sun,2:30 PM,13706,Westlake   SB,,Firelands,,Boys,2018(U09),4 West EV,690
Parkside (Field #1N - 7v7),8/23/26,Sun,4:00 PM,10505,Westlake   RG,,Olmsted Falls   Blue,,Boys,2017(U10),2 West,690
Parkside (Field #1N - 7v7),8/23/26,Sun,5:30 PM,15104,Westlake   BL,,Avon,,Girls,2017(U10),4 West EV,690
Parkside (Field #1N - 7v7),8/25/26,Tue,6:30 PM,13709,Westlake   SB,,Vermilion,,Boys,2018(U09),4 West EV,690
Parkside (Field #1N - 7v7),8/26/26,Wed,6:30 PM,1510,Westlake   JG,,Rocky River   GRY,,Girls,2017(U10),5 West,690
Parkside (Field #1N - 7v7),8/27/26,Thu,6:30 PM,4412,Westlake   MV,,Olmsted Falls   Gold,,Boys,2017(U10),4 West,690
Parkside (Field #1N - 7v7),8/30/26,Sun,11:30 AM,13711,Westlake   SB,,Bay Village   JK,,Boys,2018(U09),4 West EV,690
Parkside (Field #1N - 7v7),8/30/26,Sun,1:00 PM,7216,Westlake   KP,,North Olmsted,,Girls,2018(U09),5 West,690
Parkside (Field #1N - 7v7),8/30/26,Sun,2:30 PM,3916,Westlake   TB,,LaGrange,,Boys,2018(U09),4 West EN,690
Parkside (Field #1N - 7v7),9/13/26,Sun,11:30 AM,13716,Westlake   SB,,Sandusky,,Boys,2018(U09),4 West EV,690
Parkside (Field #1N - 7v7),9/13/26,Sun,11:30 AM,1520,Westlake   JG,,Avon,,Girls,2017(U10),5 West,690
Parkside (Field #1N - 7v7),9/13/26,Sun,1:00 PM,3919,Westlake   TB,,Bay Village   DS,,Boys,2018(U09),4 West EN,690
Parkside (Field #1N - 7v7),9/13/26,Sun,4:00 PM,3819,Westlake   EL,,Bay Village   SM,,Boys,2018(U09),3 West,690
Parkside (Field #1N - 7v7),9/13/26,Sun,4:00 PM,1224,Westlake   NF,,Rocky River   MRN,,Girls,2017(U10),2,690
Parkside (Field #1N - 7v7),9/13/26,Sun,5:30 PM,4423,Westlake   MV,,Olmsted Falls   Silv,,Boys,2017(U10),4 West,690
Parkside (Field #1N - 7v7),9/20/26,Sun,11:30 AM,15011,Westlake   JD,,Twinsburg   Blue,,Girls,2017(U10),3 West,690
Parkside (Field #1N - 7v7),9/20/26,Sun,1:00 PM,7227,Westlake   KP,,Vermilion,,Girls,2018(U09),5 West,690
Parkside (Field #1N - 7v7),9/20/26,Sun,4:00 PM,4428,Westlake   MV,,Bay Village   MW,,Boys,2017(U10),4 West,690
Parkside (Field #1N - 7v7),9/20/26,Sun,5:30 PM,15117,Westlake   BL,,Bay Village   BH,,Girls,2017(U10),4 West EV,690
Parkside (Field #1N - 7v7),10/8/26,Thu,5:45 PM,10503,Westlake   RG,,North Olmsted,,Boys,2017(U10),2 West,690
Parkside (Field #1N - 7v7),10/11/26,Sun,11:30 AM,15123,Westlake   BL,,Amherst,,Girls,2017(U10),4 West EV,690
Parkside (Field #1N - 7v7),10/11/26,Sun,1:00 PM,4436,Westlake   MV,,Norwalk HCYSC,,Boys,2017(U10),4 West,690
Parkside (Field #1N - 7v7),10/11/26,Sun,2:30 PM,1529,Westlake   JG,,North Olmsted,,Girls,2017(U10),5 West,690
Parkside (Field #1N - 7v7),10/25/26,Sun,1:00 PM,10522,Westlake   RG,,North Royalton,,Boys,2017(U10),2 West,690
Parkside (Field #1S - 7v7),8/26/26,Wed,7:00 PM,15006,Westlake   JD,,Brunswick   WHT,,Girls,2017(U10),3 West,690
Parkside (Field #1S - 7v7),9/13/26,Sun,2:30 PM,10514,Westlake   RG,,Avon Lake,,Boys,2017(U10),2 West,690
Pleasant Valley (7v7) (PV - 7v7),8/16/26,Sun,11:30 AM,14002,New Philadelphia   MV,,Jackson,,Boys,2018(U09),5 South EN,774
Pleasant Valley (7v7) (PV - 7v7),8/16/26,Sun,4:00 PM,14501,New Philadelphia   NMc,,Perry (Stark),,Boys,2017(U10),5 South EN,774
Pleasant Valley (7v7) (PV - 7v7),8/16/26,Sun,6:00 PM,7604,New Philadelphia   JS,,North Canton,,Girls,2017(U10),5 South,774
Pleasant Valley (7v7) (PV - 7v7),8/23/26,Sun,2:30 PM,14008,New Philadelphia   MV,,Ashland,,Boys,2018(U09),5 South EN,774
Pleasant Valley (7v7) (PV - 7v7),8/23/26,Sun,4:00 PM,7606,New Philadelphia   JS,,Lake Select SC   U10,,Girls,2017(U10),5 South,774
Pleasant Valley (7v7) (PV - 7v7),8/25/26,Tue,6:30 PM,14507,New Philadelphia   NMc,,Northwest,,Boys,2017(U10),5 South EN,774
Pleasant Valley (7v7) (PV - 7v7),8/30/26,Sun,1:00 PM,7616,New Philadelphia   JS,,Dover,,Girls,2017(U10),5 South,774
Pleasant Valley (7v7) (PV - 7v7),8/30/26,Sun,4:00 PM,7312,New Philadelphia   JB,,North Canton,,Girls,2017(U10),3 South,774
Pleasant Valley (7v7) (PV - 7v7),9/13/26,Sun,1:00 PM,14513,New Philadelphia   NMc,,Eagles Select   U10,,Boys,2017(U10),5 South EN,774
Pleasant Valley (7v7) (PV - 7v7),9/13/26,Sun,2:30 PM,14024,New Philadelphia   MV,,Manchester,,Boys,2018(U09),5 South EN,774
Pleasant Valley (7v7) (PV - 7v7),9/16/26,Wed,6:30 PM,7318,New Philadelphia   JB,,Norton,,Girls,2017(U10),3 South,774
Pleasant Valley (7v7) (PV - 7v7),9/27/26,Sun,1:00 PM,14519,New Philadelphia   NMc,,Manchester,,Boys,2017(U10),5 South EN,774
Pleasant Valley (7v7) (PV - 7v7),9/27/26,Sun,4:00 PM,7321,New Philadelphia   JB,,Mustangs Jr,,Girls,2017(U10),3 South,774
Pleasant Valley (7v7) (PV - 7v7),10/11/26,Sun,2:30 PM,14039,New Philadelphia   MV,,Wadsworth   BYE,,Boys,2018(U09),5 South EN,774
Pleasant Valley (7v7) (PV - 7v7),10/18/26,Sun,3:30 PM,7308,New Philadelphia   JB,,Jackson,,Girls,2017(U10),3 South,774
Pleasant Valley (9v9) (PV - 9v9),8/23/26,Sun,1:00 PM,12206,New Philadelphia   MM,,Lake Select SC   U12,,Boys,2015(U12),4 South EV,575
Pleasant Valley (9v9) (PV - 9v9),8/23/26,Sun,2:30 PM,11707,New Philadelphia   TM,,Dover,,Boys,2016(U11),5 South,575
Pleasant Valley (9v9) (PV - 9v9),8/25/26,Tue,6:30 PM,12209,New Philadelphia   MM,,Medina   12Wh,,Boys,2015(U12),4 South EV,575
Pleasant Valley (9v9) (PV - 9v9),8/27/26,Thu,6:30 PM,8508,New Philadelphia   KB,,Medina   12GN,,Girls,2015(U12),3 South,575
Pleasant Valley (9v9) (PV - 9v9),8/30/26,Sun,1:00 PM,8512,New Philadelphia   KB,,Highland   BD1,,Girls,2015(U12),3 South,575
Pleasant Valley (9v9) (PV - 9v9),8/30/26,Sun,2:30 PM,11719,New Philadelphia   TM,,PLX United,,Boys,2016(U11),5 South,575
Pleasant Valley (9v9) (PV - 9v9),8/30/26,Sun,4:00 PM,12211,New Philadelphia   MM,,Copley,,Boys,2015(U12),4 South EV,575
Pleasant Valley (9v9) (PV - 9v9),9/20/26,Sun,1:00 PM,8518,New Philadelphia   KB,,Strongsville   AS,,Girls,2015(U12),3 South,575
Pleasant Valley (9v9) (PV - 9v9),9/20/26,Sun,2:30 PM,11726,New Philadelphia   TM,,Eagles Select   U11,,Boys,2016(U11),5 South,575
Pleasant Valley (9v9) (PV - 9v9),9/20/26,Sun,4:00 PM,12216,New Philadelphia   MM,,Brunswick   WHT,,Boys,2015(U12),4 South EV,575
Pleasant Valley (9v9) (PV - 9v9),9/27/26,Sun,1:00 PM,8521,New Philadelphia   KB,,Columbia Station,,Girls,2015(U12),3 South,575
Pleasant Valley (9v9) (PV - 9v9),9/27/26,Sun,2:30 PM,11732,New Philadelphia   TM,,Mustangs Jr,,Boys,2016(U11),5 South,575
Portage Lakes Career Center Fields (101),8/17/26,Mon,6:00 PM,10003,Green,,Strongsville   BL,,Boys,2018(U09),3 South,439
Portage Lakes Career Center Fields (101),8/23/26,Sun,11:30 AM,10007,Green,,Highland   KS1,,Boys,2018(U09),3 South,439
Portage Lakes Career Center Fields (101),8/23/26,Sun,1:00 PM,4106,Green,,Solon United,,Boys,2017(U10),1,439
Portage Lakes Career Center Fields (101),8/23/26,Sun,5:00 PM,7607,Green,,Revere,,Girls,2017(U10),5 South,439
Portage Lakes Career Center Fields (101),8/25/26,Tue,6:30 PM,6707,Green,,Medina   U9GN,,Girls,2018(U09),3 South,439
Portage Lakes Career Center Fields (101),8/27/26,Thu,6:30 PM,4109,Green,,Avon,,Boys,2017(U10),1,439
Portage Lakes Career Center Fields (101),8/30/26,Sun,11:30 AM,14410,Green,,Copley,,Boys,2017(U10),4 South EN,439
Portage Lakes Career Center Fields (101),9/4/26,Fri,6:30 PM,1107,Green,,Brunswick   RYL,,Girls,2017(U10),1,439
Portage Lakes Career Center Fields (101),9/8/26,Tue,6:30 PM,6701,Green,,Mustangs Jr,,Girls,2018(U09),3 South,439
Portage Lakes Career Center Fields (101),9/13/26,Sun,11:30 AM,14415,Green,,Field,,Boys,2017(U10),4 South EN,439
Portage Lakes Career Center Fields (101),9/13/26,Sun,1:00 PM,1113,Green,,North Royalton,,Girls,2017(U10),1,439
Portage Lakes Career Center Fields (101),9/13/26,Sun,2:30 PM,6713,Green,,Ashland,,Girls,2018(U09),3 South,439
Portage Lakes Career Center Fields (101),9/16/26,Wed,6:30 PM,14209,Green,,Strongsville   AS,,Boys,2017(U10),2 South,439
Portage Lakes Career Center Fields (101),9/27/26,Sun,12:00 PM,1119,Green,,Hudson   BATS,,Girls,2017(U10),1,439
Portage Lakes Career Center Fields (101),9/27/26,Sun,1:30 PM,7632,Green,,Dover,,Girls,2017(U10),5 South,439
Portage Lakes Career Center Fields (101),9/27/26,Sun,2:30 PM,6719,Green,,Highland   EM1,,Girls,2018(U09),3 South,439
Portage Lakes Career Center Fields (101),9/27/26,Sun,5:30 PM,14213,Green,,Highland   NF1,,Boys,2017(U10),2 South,439
Portage Lakes Career Center Fields (101),10/1/26,Thu,6:00 PM,10025,Green,,Cuyahoga Falls   KO,,Boys,2018(U09),3 South,439
Portage Lakes Career Center Fields (101),10/11/26,Sun,1:00 PM,4111,Green,,Bay Village   BK,,Boys,2017(U10),1,439
Portage Lakes Career Center Fields (101),10/11/26,Sun,4:00 PM,14423,Green,,Brecksville Bees SA,,Boys,2017(U10),4 South EN,439
Portage Lakes Career Center Fields (101),10/18/26,Sun,1:00 PM,14426,Green,,Medina   10Bl,,Boys,2017(U10),4 South EN,439
Portage Lakes Career Center Fields (101),10/18/26,Sun,2:30 PM,14217,Green,,Wadsworth   LAM,,Boys,2017(U10),2 South,439
Portage Lakes Career Center Fields (101),10/18/26,Sun,4:00 PM,10024,Green,,Columbia Station,,Boys,2018(U09),3 South,439
Portage Lakes Career Center Fields (101),10/18/26,Sun,5:00 PM,7626,Green,,Highland   JM1,,Girls,2017(U10),5 South,439
Portage Lakes Career Center Fields (102),8/25/26,Tue,6:30 PM,14205,Green,,Medina   10Gr,,Boys,2017(U10),2 South,439
Portage Lakes Career Center Fields (102),8/30/26,Sun,3:00 PM,7619,Green,,Buckeye,,Girls,2017(U10),5 South,439
Portage Lakes Career Center Fields (102),9/20/26,Sun,1:00 PM,7627,New Philadelphia   JS,,Buckeye,,Girls,2017(U10),5 South,439
Portage Lakes Career Center Fields (102),9/20/26,Sun,2:00 PM,4116,Green,,Hudson   PEIG,,Boys,2017(U10),1,439
Portage Lakes Career Center Fields (102),10/18/26,Sun,11:30 AM,7615,Medina   10GY,,New Philadelphia   JS,,Girls,2017(U10),5 South,439
Portage Lakes Career Center Fields (102),10/18/26,Sun,5:00 PM,1101,Green,,Medina   10GN,,Girls,2017(U10),1,439
Porter Fields (Field #1 - 9v9),8/16/26,Sun,9:45 AM,14601,Westlake   LD,,Shaker Hts.   SLV,,Boys,2016(U11),5 East EN,246
Porter Fields (Field #1 - 9v9),8/16/26,Sun,1:00 PM,5302,Westlake   TM,,Bay Village   AC,,Boys,2015(U12),3 West,246
Porter Fields (Field #1 - 9v9),8/22/26,Sat,4:00 PM,5207,Westlake   EL,,Ashland,,Boys,2015(U12),2,246
Porter Fields (Field #1 - 9v9),8/23/26,Sun,2:30 PM,8008,Westlake   GF,,Avon Lake,,Girls,2016(U11),4,246
Porter Fields (Field #1 - 9v9),8/23/26,Sun,4:00 PM,5304,Westlake   TM,,Sandusky,,Boys,2015(U12),3 West,246
Porter Fields (Field #1 - 9v9),8/27/26,Thu,6:30 PM,1712,Westlake   PD,,Rocky River   MRN,,Girls,2016(U11),2,246
Porter Fields (Field #1 - 9v9),8/29/26,Sat,1:00 PM,4715,Westlake   AM,,Shaker Hts.   BLK,,Boys,2016(U11),2,246
Porter Fields (Field #1 - 9v9),8/30/26,Sun,2:30 PM,5219,Westlake   EL,,Medina   12Gr,,Boys,2015(U12),2,246
Porter Fields (Field #1 - 9v9),8/30/26,Sun,2:30 PM,8015,Westlake   GF,,Rocky River   WHT,,Girls,2016(U11),4,246
Porter Fields (Field #1 - 9v9),8/30/26,Sun,4:00 PM,5413,Westlake   ZA,,North Ridgeville,,Boys,2015(U12),4 West,246
Porter Fields (Field #1 - 9v9),9/2/26,Wed,6:30 PM,4814,Westlake   RR,,Revere,,Boys,2016(U11),3,246
Porter Fields (Field #1 - 9v9),9/13/26,Sun,1:00 PM,4721,Westlake   AM,,Rocky River   MRN,,Boys,2016(U11),2,246
Porter Fields (Field #1 - 9v9),9/13/26,Sun,2:30 PM,1723,Westlake   PD,,Olmsted Falls   Blue,,Girls,2016(U11),2,246
Porter Fields (Field #1 - 9v9),9/13/26,Sun,4:00 PM,4825,Westlake   RR,,Strongsville   KR,,Boys,2016(U11),3,246
Porter Fields (Field #1 - 9v9),9/13/26,Sun,5:30 PM,14613,Westlake   LD,,Broadview Hts.,,Boys,2016(U11),5 East EN,246
Porter Fields (Field #1 - 9v9),9/13/26,Sun,5:30 PM,2320,Westlake   CG,,Parma,,Girls,2015(U12),3 West,246
Porter Fields (Field #1 - 9v9),9/15/26,Tue,6:30 PM,4731,Westlake   AM,,Olmsted Falls   Blue,,Boys,2016(U11),2,246
Porter Fields (Field #1 - 9v9),9/16/26,Wed,6:30 PM,4834,Westlake   RR,,Sandusky,,Boys,2016(U11),3,246
Porter Fields (Field #1 - 9v9),9/18/26,Fri,6:30 PM,5232,Westlake   EL,,Revere   RED,,Boys,2015(U12),2,246
Porter Fields (Field #1 - 9v9),9/20/26,Sun,11:30 AM,5226,Westlake   EL,,North Canton,,Boys,2015(U12),2,246
Porter Fields (Field #1 - 9v9),9/20/26,Sun,4:00 PM,4830,Westlake   RR,,Columbia Station,,Boys,2016(U11),3,246
Porter Fields (Field #1 - 9v9),9/20/26,Sun,4:00 PM,8023,Westlake   GF,,Strongsville   MO,,Girls,2016(U11),4,246
Porter Fields (Field #1 - 9v9),9/20/26,Sun,5:30 PM,5317,Westlake   TM,,Olmsted Falls   Blue,,Boys,2015(U12),3 West,246
Porter Fields (Field #1 - 9v9),9/22/26,Tue,6:00 PM,4738,Westlake   AM,,North Olmsted,,Boys,2016(U11),2,246
Porter Fields (Field #1 - 9v9),9/27/26,Sun,4:00 PM,14619,Westlake   LD,,Streetsboro,,Boys,2016(U11),5 East EN,246
Porter Fields (Field #1 - 9v9),10/7/26,Wed,5:45 PM,5323,Westlake   TM,,Rocky River   MRN,,Boys,2015(U12),3 West,246
Porter Fields (Field #1 - 9v9),10/11/26,Sun,2:30 PM,1736,Westlake   PD,,Jackson,,Girls,2016(U11),2,246
Porter Fields (Field #1 - 9v9),10/11/26,Sun,4:00 PM,8032,Westlake   GF,,Riverside,,Girls,2016(U11),4,246
Porter Fields (Field #1 - 9v9),10/17/26,Sat,5:00 PM,1728,Westlake   PD,,Twinsburg   Blue,,Girls,2016(U11),2,246
Porter Fields (Field #1 - 9v9),10/18/26,Sun,1:00 PM,2328,Westlake   CG,,Lakewood   G14G,,Girls,2015(U12),3 West,246
Porter Fields (Field #1 - 9v9),10/25/26,Sun,11:30 AM,2329,Westlake   CG,,North Ridgeville,,Girls,2015(U12),3 West,246
Porter Fields (Field #2 - 11v11),8/16/26,Sun,11:30 AM,6202,Westlake   MW,,Strongsville   NH,,Boys,2012(U14/15),2,246
Porter Fields (Field #2 - 11v11),8/18/26,Tue,6:30 PM,5801,Westlake   DS,,LaGrange,,Boys,2014(U13),3 West,246
Porter Fields (Field #2 - 11v11),8/23/26,Sun,5:30 PM,6204,Westlake   MW,,North Olmsted,,Boys,2012(U14/15),2,246
Porter Fields (Field #2 - 11v11),8/23/26,Sun,6:30 PM,3106,Westlake   JD,,Stow   Mar,,Girls,2012(U14/15),1,246
Porter Fields (Field #2 - 11v11),8/27/26,Thu,6:30 PM,5807,Westlake   DS,,Fairview Park,,Boys,2014(U13),3 West,246
Porter Fields (Field #2 - 11v11),8/27/26,Thu,6:30 PM,3109,Westlake   JD,,Bay Village   DR,,Girls,2012(U14/15),1,246
Porter Fields (Field #2 - 11v11),8/28/26,Fri,6:30 PM,6315,Westlake   WV,,Independence,,Boys,2012(U14/15),3 West,246
Porter Fields (Field #2 - 11v11),9/9/26,Wed,6:30 PM,3321,Westlake   RR,,Strongsville   GS,,Girls,2012(U14/15),3,246
Porter Fields (Field #2 - 11v11),9/13/26,Sun,2:30 PM,5813,Westlake   DS,,Bay Village   TH,,Boys,2014(U13),3 West,246
Porter Fields (Field #2 - 11v11),9/13/26,Sun,2:30 PM,3317,Westlake   RR,,Avon Lake,,Girls,2012(U14/15),3,246
Porter Fields (Field #2 - 11v11),9/13/26,Sun,4:00 PM,6321,Westlake   WV,,Sandusky,,Boys,2012(U14/15),3 West,246
Porter Fields (Field #2 - 11v11),9/18/26,Fri,6:00 PM,3330,Westlake   RR,,North Olmsted,,Girls,2012(U14/15),3,246
Porter Fields (Field #2 - 11v11),9/20/26,Sun,2:30 PM,3116,Westlake   JD,,Ashland,,Girls,2012(U14/15),1,246
Porter Fields (Field #2 - 11v11),9/20/26,Sun,4:00 PM,6217,Westlake   MW,,Midview,,Boys,2012(U14/15),2,246
Porter Fields (Field #2 - 11v11),9/23/26,Wed,6:00 PM,3312,Westlake   RR,,Chippewa,,Girls,2012(U14/15),3,246
Porter Fields (Field #2 - 11v11),10/11/26,Sun,1:00 PM,6223,Westlake   MW,,North Ridgeville,,Boys,2012(U14/15),2,246
Porter Fields (Field #2 - 11v11),10/11/26,Sun,4:00 PM,6338,Westlake   WV,,Lakewood   B12G,,Boys,2012(U14/15),3 West,246
Porter Fields (Field #2 - 11v11),10/18/26,Sun,4:00 PM,6331,Westlake   WV,,Elyria,,Boys,2012(U14/15),3 West,246
Porter Fields (Field #2 - 11v11),10/18/26,Sun,5:30 PM,5819,Westlake   DS,,Port Clinton,,Boys,2014(U13),3 West,246
Porter Fields (Field #2 - 11v11),10/18/26,Sun,5:30 PM,3111,Westlake   JD,,Brecksville Bees SA,,Girls,2012(U14/15),1,246
Revere High School (Revere High School),8/16/26,Sun,1:00 PM,2804,Revere,,Strongsville   CL,,Girls,2014(U13),3,154
Revere High School (Revere High School),8/23/26,Sun,6:30 PM,2806,Revere,,Aurora,,Girls,2014(U13),3,154
Revere High School (Revere High School),8/30/26,Sun,6:30 PM,2814,Revere,,Shaker Hts.   RED,,Girls,2014(U13),3,154
Revere High School (Revere High School),9/13/26,Sun,11:30 AM,13219,Revere,,Perry (Stark),,Boys,2012(U14/15),3 South,154
Revere High School (Revere High School),9/13/26,Sun,1:00 PM,9417,Revere   BLUE,,Green,,Girls,2012(U14/15),5 South,154
Revere High School (Revere High School),9/13/26,Sun,2:30 PM,12620,Revere,,Wadsworth   LET,,Boys,2014(U13),3 South,154
Revere High School (Revere High School),9/20/26,Sun,1:00 PM,9421,Revere   BLUE,,Cuyahoga Falls   EK,,Girls,2012(U14/15),5 South,154
Revere High School (Revere High School),9/20/26,Sun,6:00 PM,13221,Revere,,Copley,,Boys,2012(U14/15),3 South,154
Revere High School (Revere High School),9/27/26,Sun,10:00 AM,3234,Revere   RED,,Medina   14GN,,Girls,2012(U14/15),2,154
Revere High School (Revere High School),9/27/26,Sun,1:00 PM,12628,Revere,,Norton,,Boys,2014(U13),3 South,154
Revere High School (Revere High School),9/27/26,Sun,2:30 PM,2827,Revere,,Parma,,Girls,2014(U13),3,154
Revere High School (Revere High School),10/11/26,Sun,1:00 PM,9430,Revere   BLUE,,Mustangs Jr,,Girls,2012(U14/15),5 South,154
Revere High School (Revere High School),10/11/26,Sun,2:30 PM,12629,Revere,,Medina   13Wh,,Boys,2014(U13),3 South,154
Revere High School (Revere High School),10/11/26,Sun,4:00 PM,13230,Revere,,Ashland,,Boys,2012(U14/15),3 South,154
Revere High School (Revere High School),10/18/26,Sun,11:00 AM,3214,Revere   RED,,Jackson,,Girls,2012(U14/15),2,154
Revere High School (Revere High School),10/18/26,Sun,2:00 PM,12610,Revere,,Brunswick,,Boys,2014(U13),3 South,154
Revere High School (Revere High School),10/18/26,Sun,4:00 PM,3230,Revere   RED,,Hudson   BOWM,,Girls,2012(U14/15),2,154
Revere High School (Revere High School),10/25/26,Sun,1:00 PM,13212,Revere,,Buckeye,,Boys,2012(U14/15),3 South,154
Revere High School (Revere High School),10/25/26,Sun,3:00 PM,3225,Revere   RED,,Green,,Girls,2012(U14/15),2,154
Richfield Woods Park (Richfield Woods Park Field # 1 (Closest to Pond)),8/16/26,Sun,1:00 PM,10303,Revere   BLUE,,Brunswick   WHT,,Boys,2018(U09),5 South EV,175
Richfield Woods Park (Richfield Woods Park Field # 1 (Closest to Pond)),8/16/26,Sun,2:30 PM,9502,Revere,,Akron Inner City,,Boys,2019(U08),South E,175
Richfield Woods Park (Richfield Woods Park Field # 1 (Closest to Pond)),8/22/26,Sat,5:00 PM,10320,Revere   BLUE,,Rootstown,,Boys,2018(U09),5 South EV,175
Richfield Woods Park (Richfield Woods Park Field # 1 (Closest to Pond)),8/23/26,Sun,11:30 AM,11106,Revere   BLUE,,Tallmadge,,Boys,2017(U10),5 South EV,175
Richfield Woods Park (Richfield Woods Park Field # 1 (Closest to Pond)),8/23/26,Sun,1:00 PM,7006,Revere   RED,,Medina   U8GN,,Girls,2018(U09),4 South,175
Richfield Woods Park (Richfield Woods Park Field # 1 (Closest to Pond)),8/23/26,Sun,2:30 PM,9504,Revere,,Copley,,Boys,2019(U08),South E,175
Richfield Woods Park (Richfield Woods Park Field # 1 (Closest to Pond)),8/23/26,Sun,4:00 PM,10309,Revere   BLUE,,Copley,,Boys,2018(U09),5 South EV,175
Richfield Woods Park (Richfield Woods Park Field # 1 (Closest to Pond)),8/29/26,Sat,1:00 PM,11109,Revere   BLUE,,Copley,,Boys,2017(U10),5 South EV,175
Richfield Woods Park (Richfield Woods Park Field # 1 (Closest to Pond)),8/30/26,Sun,11:30 AM,10713,Revere   RED,,Strongsville   KL,,Boys,2017(U10),3 South,175
Richfield Woods Park (Richfield Woods Park Field # 1 (Closest to Pond)),8/30/26,Sun,1:00 PM,7011,Revere   RED,,Ashland,,Girls,2018(U09),4 South,175
Richfield Woods Park (Richfield Woods Park Field # 1 (Closest to Pond)),8/30/26,Sun,5:30 PM,10213,Revere   RED,,Akron Inner City,,Boys,2018(U09),4 South EN,175
Richfield Woods Park (Richfield Woods Park Field # 1 (Closest to Pond)),9/13/26,Sun,1:00 PM,14920,Revere   BLUE,,Cloverleaf,,Girls,2018(U09),5 South EN,175
Richfield Woods Park (Richfield Woods Park Field # 1 (Closest to Pond)),9/13/26,Sun,2:30 PM,14023,Revere   WHIT,,Eagles Select   U8B,,Boys,2018(U09),5 South EN,175
Richfield Woods Park (Richfield Woods Park Field # 1 (Closest to Pond)),9/13/26,Sun,4:00 PM,7623,Revere,,New Philadelphia   JS,,Girls,2017(U10),5 South,175
Richfield Woods Park (Richfield Woods Park Field # 1 (Closest to Pond)),9/20/26,Sun,1:00 PM,7016,Revere   RED,,Medina   U9WT,,Girls,2018(U09),4 South,175
Richfield Woods Park (Richfield Woods Park Field # 1 (Closest to Pond)),9/20/26,Sun,2:30 PM,9517,Revere,,Highland   NN1,,Boys,2019(U08),South E,175
Richfield Woods Park (Richfield Woods Park Field # 1 (Closest to Pond)),9/20/26,Sun,4:00 PM,14028,Revere   WHIT,,Wadsworth   BYE,,Boys,2018(U09),5 South EN,175
Richfield Woods Park (Richfield Woods Park Field # 1 (Closest to Pond)),9/27/26,Sun,2:30 PM,10226,Revere   RED,,Brecksville Bees SA,,Boys,2018(U09),4 South EN,175
Richfield Woods Park (Richfield Woods Park Field # 1 (Closest to Pond)),9/27/26,Sun,4:00 PM,10726,Revere   RED,,Ashland,,Boys,2017(U10),3 South,175
Richfield Woods Park (Richfield Woods Park Field # 1 (Closest to Pond)),10/11/26,Sun,11:30 AM,14036,Revere   WHIT,,Barberton,,Boys,2018(U09),5 South EN,175
Richfield Woods Park (Richfield Woods Park Field # 1 (Closest to Pond)),10/11/26,Sun,1:00 PM,10231,Revere   RED,,Cuyahoga Falls   DW,,Boys,2018(U09),4 South EN,175
Richfield Woods Park (Richfield Woods Park Field # 1 (Closest to Pond)),10/11/26,Sun,4:00 PM,9523,Revere,,Medina   8Blk,,Boys,2019(U08),South E,175
Richfield Woods Park (Richfield Woods Park Field # 1 (Closest to Pond)),10/11/26,Sun,5:30 PM,14929,Revere   BLUE,,Parma,,Girls,2018(U09),5 South EN,175
Richfield Woods Park (Richfield Woods Park Field # 1 (Closest to Pond)),10/17/26,Sat,2:00 PM,10209,Revere   RED,,Highland   SR1,,Boys,2018(U09),4 South EN,175
Richfield Woods Park (Richfield Woods Park Field # 1 (Closest to Pond)),10/17/26,Sat,3:30 PM,14012,Revere   WHIT,,New Philadelphia   MV,,Boys,2018(U09),5 South EN,175
Richfield Woods Park (Richfield Woods Park Field # 1 (Closest to Pond)),10/17/26,Sat,5:00 PM,14928,Revere   BLUE,,Stow   Mar,,Girls,2018(U09),5 South EN,175
Richfield Woods Park (Richfield Woods Park Field # 1 (Closest to Pond)),10/18/26,Sun,5:30 PM,7009,Revere   RED,,Jackson,,Girls,2018(U09),4 South,175
Richfield Woods Park (Richfield Woods Park Field # 2 (Middle Field)),8/25/26,Tue,6:30 PM,14910,Revere   BLUE,,Wadsworth   PHA,,Girls,2018(U09),5 South EN,175
Richfield Woods Park (Richfield Woods Park Field # 2 (Middle Field)),8/27/26,Thu,6:30 PM,10709,Revere   RED,,Akron Inner City,,Boys,2017(U10),3 South,175
Richfield Woods Park (Richfield Woods Park Field # 2 (Middle Field)),8/30/26,Sun,5:30 PM,11111,Revere   BLUE,,Southeast,,Boys,2017(U10),5 South EV,175
Richfield Woods Park (Richfield Woods Park Field # 2 (Middle Field)),9/20/26,Sun,5:30 PM,11116,Revere   BLUE,,Hudson   VERL,,Boys,2017(U10),5 South EV,175
Richfield Woods Park (Richfield Woods Park Field # 2 (Middle Field)),9/20/26,Sun,5:30 PM,7628,Revere,,Perry (Stark),,Girls,2017(U10),5 South,175
Richfield Woods Park (Richfield Woods Park Field # 2 (Middle Field)),9/26/26,Sat,1:00 PM,10731,Revere   RED,,Brunswick   WHT,,Boys,2017(U10),3 South,175
Richfield Woods Park (Richfield Woods Park Field # 2 (Middle Field)),9/26/26,Sat,4:00 PM,7612,Revere,,Buckeye,,Girls,2017(U10),5 South,175
Richfield Woods Park (Richfield Woods Park Field # 2 (Middle Field)),10/11/26,Sun,2:30 PM,7636,Revere,,North Canton,,Girls,2017(U10),5 South,175
Richfield Woods Park (Richfield Woods Park Field # 2 (Middle Field)),10/11/26,Sun,4:00 PM,10340,Revere   BLUE,,Eagles Select   U8A,,Boys,2018(U09),5 South EV,175
Richfield Woods Park (Richfield Woods Park Field # 3 (Closest to Woods)),8/16/26,Sun,11:30 AM,8101,Revere,,Dover   TM,,Girls,2016(U11),4 South,175
Richfield Woods Park (Richfield Woods Park Field # 3 (Closest to Woods)),8/16/26,Sun,4:00 PM,4801,Revere,,Strongsville   KR,,Boys,2016(U11),3,175
Richfield Woods Park (Richfield Woods Park Field # 3 (Closest to Woods)),8/16/26,Sun,6:30 PM,8702,Revere,,North Canton,,Girls,2015(U12),4 South,175
Richfield Woods Park (Richfield Woods Park Field # 3 (Closest to Woods)),8/23/26,Sun,11:00 AM,8704,Revere,,Buckeye,,Girls,2015(U12),4 South,175
Richfield Woods Park (Richfield Woods Park Field # 3 (Closest to Woods)),8/23/26,Sun,2:30 PM,8105,Revere,,Dover   SM,,Girls,2016(U11),4 South,175
Richfield Woods Park (Richfield Woods Park Field # 3 (Closest to Woods)),9/3/26,Thu,6:30 PM,8116,Revere,,Cloverleaf,,Girls,2016(U11),4 South,175
Richfield Woods Park (Richfield Woods Park Field # 3 (Closest to Woods)),9/13/26,Sun,11:30 AM,8119,Revere,,Perry (Stark),,Girls,2016(U11),4 South,175
Richfield Woods Park (Richfield Woods Park Field # 3 (Closest to Woods)),9/19/26,Sat,2:30 PM,8717,Revere,,Cloverleaf,,Girls,2015(U12),4 South,175
Richfield Woods Park (Richfield Woods Park Field # 3 (Closest to Woods)),10/18/26,Sun,2:00 PM,8723,Revere,,Mustangs Jr,,Girls,2015(U12),4 South,175
River Road Park (River Road Park East 1),8/16/26,Sun,10:00 AM,10601,Kenston   BL,,Solon United,,Boys,2017(U10),3 East,617
River Road Park (River Road Park East 1),8/16/26,Sun,11:30 AM,201,Kenston,,Shaker Hts.   RED,,Boys,2019(U08),East,617
River Road Park (River Road Park East 1),8/16/26,Sun,4:00 PM,801,Kenston,,Mayfield   Sk,,Girls,2018(U09),3,617
Riverside High School - grass field 11v11 (Varsity Grass (11v11)),8/16/26,Sun,11:30 AM,13103,Riverside   CT,,North Royalton,,Boys,2012(U14/15),3 East,383
Riverside High School - grass field 11v11 (Varsity Grass (11v11)),8/16/26,Sun,1:00 PM,12503,Riverside   KC,,Geneva,,Boys,2014(U13),3 East,383
Riverside High School - grass field 11v11 (Varsity Grass (11v11)),8/16/26,Sun,2:30 PM,12504,Riverside   JJ,,Field,,Boys,2014(U13),3 East,383
Riverside High School - grass field 11v11 (Varsity Grass (11v11)),8/23/26,Sun,2:30 PM,12506,Riverside   JJ,,Geneva,,Boys,2014(U13),3 East,383
Riverside High School - grass field 11v11 (Varsity Grass (11v11)),8/23/26,Sun,4:00 PM,13105,Riverside   CT,,Geauga Federation SC,,Boys,2012(U14/15),3 East,383
Riverside High School - grass field 11v11 (Varsity Grass (11v11)),8/23/26,Sun,5:30 PM,12507,Riverside   KC,,Hudson   PRIN,,Boys,2014(U13),3 East,383
Riverside High School - grass field 11v11 (Varsity Grass (11v11)),8/30/26,Sun,2:30 PM,12514,Riverside   JJ,,Hudson   PRIN,,Boys,2014(U13),3 East,383
Riverside High School - grass field 11v11 (Varsity Grass (11v11)),9/13/26,Sun,1:00 PM,13114,Riverside   CT,,Twinsburg   WHTE,,Boys,2012(U14/15),3 East,383
Riverside High School - grass field 11v11 (Varsity Grass (11v11)),9/13/26,Sun,6:00 PM,9125,Riverside,,Field,,Girls,2012(U14/15),4 East,383
Riverside High School - grass field 11v11 (Varsity Grass (11v11)),9/20/26,Sun,1:00 PM,9130,Riverside,,Wickliffe,,Girls,2012(U14/15),4 East,383
Riverside High School - grass field 11v11 (Varsity Grass (11v11)),9/20/26,Sun,2:30 PM,12524,Riverside   KC,,Riverside   JJ,,Boys,2014(U13),3 East,383
Riverside High School - grass field 11v11 (Varsity Grass (11v11)),9/27/26,Sun,1:00 PM,12525,Riverside   KC,,Field,,Boys,2014(U13),3 East,383
Riverside High School - grass field 11v11 (Varsity Grass (11v11)),9/27/26,Sun,2:30 PM,12527,Riverside   JJ,,NP Aurora,,Boys,2014(U13),3 East,383
Riverside High School - grass field 11v11 (Varsity Grass (11v11)),9/27/26,Sun,4:00 PM,9134,Riverside,,West Geauga,,Girls,2012(U14/15),4 East,383
Riverside High School - grass field 11v11 (Varsity Grass (11v11)),9/28/26,Mon,6:30 PM,9114,Riverside,,Solon United,,Girls,2012(U14/15),4 East,383
Riverside High School - grass field 11v11 (Varsity Grass (11v11)),10/11/26,Sun,2:30 PM,13122,Riverside   CT,,Solon United,,Boys,2012(U14/15),3 East,383
Riverview Elementary 7v7 (7v7),8/16/26,Sun,2:30 PM,10802,Riverside   CB,,Chagrin Falls,,Boys,2017(U10),4 East EV,15
Riverview Elementary 7v7 (7v7),8/23/26,Sun,11:30 AM,7106,Riverside,,Shaker Hts.   U8B,,Girls,2018(U09),5 East,15
Riverview Elementary 7v7 (7v7),8/30/26,Sun,1:00 PM,10610,Riverside   JA,,Kenston   BL,,Boys,2017(U10),3 East,15
Riverview Elementary 7v7 (7v7),8/30/26,Sun,2:30 PM,7111,Riverside,,Madison,,Girls,2018(U09),5 East,15
Riverview Elementary 7v7 (7v7),9/2/26,Wed,6:30 PM,10811,Riverside   CB,,Eastside Kickers,,Boys,2017(U10),4 East EV,15
Riverview Elementary 7v7 (7v7),9/13/26,Sun,11:30 AM,10818,Riverside   CB,,Hudson   GRWA,,Boys,2017(U10),4 East EV,15
Riverview Elementary 7v7 (7v7),9/13/26,Sun,1:00 PM,10117,Riverside,,Eastside Kickers   SEL,,Boys,2018(U09),4 East,15
Riverview Elementary 7v7 (7v7),9/13/26,Sun,2:30 PM,7114,Riverside,,Brecksville Bees SA,,Girls,2018(U09),5 East,15
Riverview Elementary 7v7 (7v7),9/20/26,Sun,1:00 PM,10121,Riverside,,Aurora,,Boys,2018(U09),4 East,15
Riverview Elementary 7v7 (7v7),9/20/26,Sun,2:30 PM,7118,Riverside,,West Geauga,,Girls,2018(U09),5 East,15
Riverview Elementary 7v7 (7v7),9/20/26,Sun,4:00 PM,10822,Riverside   CB,,Stow   Mar,,Boys,2017(U10),4 East EV,15
Riverview Elementary 7v7 (7v7),9/27/26,Sun,2:30 PM,10620,Riverside   JA,,Independence,,Boys,2017(U10),3 East,15
Riverview Elementary 7v7 (7v7),10/7/26,Wed,6:15 PM,10624,Riverside   JA,,Geauga Federation SC,,Boys,2017(U10),3 East,15
Riverview Elementary 7v7 (7v7),10/11/26,Sun,11:00 AM,10130,Riverside,,Shaker Hts.   RED,,Boys,2018(U09),4 East,15
Riverview Elementary 7v7 (7v7),10/18/26,Sun,2:30 PM,10112,Riverside,,North Royalton,,Boys,2018(U09),4 East,15
Riverview Elementary 7v7 (7v7),10/18/26,Sun,4:00 PM,10615,Riverside   JA,,Shaker Hts.   RED,,Boys,2017(U10),3 East,15
Riverview Elementary 7v7 (9v9),8/16/26,Sun,1:00 PM,8004,Riverside,,Westlake   GF,,Girls,2016(U11),4,15
Riverview Elementary 7v7 (9v9),8/16/26,Sun,4:00 PM,11204,Riverside   BH,,Mentor,,Boys,2016(U11),3 East,15
Riverview Elementary 7v7 (9v9),8/23/26,Sun,1:00 PM,8006,Riverside,,Strongsville   MO,,Girls,2016(U11),4,15
Riverview Elementary 7v7 (9v9),8/23/26,Sun,4:00 PM,11206,Riverside   BH,,Twinsburg   Blue,,Boys,2016(U11),3 East,15
Riverview Elementary 7v7 (9v9),8/25/26,Tue,6:30 PM,8612,Riverside,,Geauga Federation SC,,Girls,2015(U12),4 East,15
Riverview Elementary 7v7 (9v9),8/28/26,Fri,6:30 PM,12113,Riverside   Gold,,Stow   Gold,,Boys,2015(U12),4 East,15
Riverview Elementary 7v7 (9v9),8/30/26,Sun,11:30 AM,11214,Riverside   BH,,Shaker Hts.   RED,,Boys,2016(U11),3 East,15
Riverview Elementary 7v7 (9v9),8/30/26,Sun,4:00 PM,8014,Riverside,,Mentor,,Girls,2016(U11),4,15
Riverview Elementary 7v7 (9v9),8/30/26,Sun,6:45 PM,12118,Riverside   Gold,,Shaker Hts.   WHT,,Boys,2015(U12),4 East,15
Riverview Elementary 7v7 (9v9),9/9/26,Wed,6:30 PM,11403,Riverside   BP,,Stow   Gold,,Boys,2016(U11),4 East,15
Riverview Elementary 7v7 (9v9),9/13/26,Sun,10:00 AM,8617,Riverside,,Solon United,,Girls,2015(U12),4 East,15
Riverview Elementary 7v7 (9v9),9/13/26,Sun,11:30 AM,11918,Riverside   Blk,,Geauga Federation SC,,Boys,2015(U12),3 East,15
Riverview Elementary 7v7 (9v9),9/18/26,Fri,6:15 PM,11411,Riverside   BP,,Shaker Hts.   WHT,,Boys,2016(U11),4 East,15
Riverview Elementary 7v7 (9v9),9/20/26,Sun,10:00 AM,8621,Riverside,,Shaker Hts.   RED,,Girls,2015(U12),4 East,15
Riverview Elementary 7v7 (9v9),9/20/26,Sun,2:30 PM,12129,Riverside   Gold,,Madison,,Boys,2015(U12),4 East,15
Riverview Elementary 7v7 (9v9),9/20/26,Sun,5:30 PM,11922,Riverside   Blk,,West Geauga,,Boys,2015(U12),3 East,15
Riverview Elementary 7v7 (9v9),9/25/26,Fri,6:30 PM,8630,Riverside,,Field,,Girls,2015(U12),4 East,15
Riverview Elementary 7v7 (9v9),9/27/26,Sun,10:00 AM,8027,Riverside,,Twinsburg   WHT,,Girls,2016(U11),4,15
Riverview Elementary 7v7 (9v9),9/27/26,Sun,11:30 AM,11432,Riverside   BP,,Solon United,,Boys,2016(U11),4 East,15
Riverview Elementary 7v7 (9v9),9/27/26,Sun,4:00 PM,11227,Riverside   BH,,NP Aurora,,Boys,2016(U11),3 East,15
Riverview Elementary 7v7 (9v9),9/27/26,Sun,5:30 PM,12135,Riverside   Gold,,Wickliffe,,Boys,2015(U12),4 East,15
Riverview Elementary 7v7 (9v9),10/11/26,Sun,4:00 PM,11436,Riverside   BP,,West Geauga,,Boys,2016(U11),4 East,15
Riverview Elementary 7v7 (9v9),10/18/26,Sun,2:30 PM,11911,Riverside   Blk,,Kenston,,Boys,2015(U12),3 East,15
Riverview Elementary 7v7 (9v9),10/25/26,Sun,12:00 PM,11902,Riverside   Blk,,Hudson   RENN,,Boys,2015(U12),3 East,15
Rocky River High School (RRHS),8/16/26,Sun,1:00 PM,3403,Rocky River   GLD,,Midview   DB,,Girls,2012(U14/15),4 West,3
Rocky River High School (RRHS),8/16/26,Sun,4:00 PM,6301,Rocky River   MRN,,Lakewood   B12G,,Boys,2012(U14/15),3 West,3
Rocky River High School (RRHS),8/23/26,Sun,11:30 AM,3408,Rocky River   BLK,,Port Clinton,,Girls,2012(U14/15),4 West,3
Rocky River High School (RRHS),8/23/26,Sun,1:00 PM,6310,Rocky River   MRN,,Sandusky,,Boys,2012(U14/15),3 West,3
Rocky River High School (RRHS),8/30/26,Sun,2:30 PM,6317,Rocky River   MRN,,Westlake   WV,,Boys,2012(U14/15),3 West,3
Rocky River High School (RRHS),9/13/26,Sun,1:00 PM,3426,Rocky River   BLK,,Olmsted Falls   Blue,,Girls,2012(U14/15),4 West,3
Rocky River High School (RRHS),9/13/26,Sun,2:30 PM,3222,Rocky River   MRN,,Jackson,,Girls,2012(U14/15),2,3
Rocky River High School (RRHS),9/13/26,Sun,4:00 PM,13509,Rocky River   WHT,,Lakewood   B12P,,Boys,2012(U14/15),5,3
Rocky River High School (RRHS),9/20/26,Sun,1:00 PM,3434,Rocky River   GLD,,North Ridgeville,,Girls,2012(U14/15),4 West,3
Rocky River High School (RRHS),9/20/26,Sun,2:30 PM,3432,Rocky River   BLK,,Midview   AC,,Girls,2012(U14/15),4 West,3
Rocky River High School (RRHS),9/27/26,Sun,2:30 PM,3438,Rocky River   BLK,,Rocky River   GLD,,Girls,2012(U14/15),4 West,3
Rocky River High School (RRHS),9/27/26,Sun,4:00 PM,13513,Rocky River   WHT,,Streetsboro,,Boys,2012(U14/15),5,3
Rocky River High School (RRHS),10/11/26,Sun,1:00 PM,3443,Rocky River   GLD,,Avon,,Girls,2012(U14/15),4 West,3
Rocky River High School (RRHS),10/11/26,Sun,2:30 PM,3237,Rocky River   MRN,,Revere   RED,,Girls,2012(U14/15),2,3
Rocky River High School (RRHS),10/18/26,Sun,12:00 PM,6333,Rocky River   MRN,,Independence,,Boys,2012(U14/15),3 West,3
Rocky River High School (RRHS),10/18/26,Sun,2:30 PM,13517,Rocky River   WHT,,Eastlake,,Boys,2012(U14/15),5,3
Rocky River Middle School (RRMS),8/20/26,Thu,7:00 PM,3205,Rocky River   MRN,,Cloverleaf,,Girls,2012(U14/15),2,4
Rocky River Middle School (RRMS),8/26/26,Wed,6:30 PM,13505,Rocky River   WHT,,Nordonia,,Boys,2012(U14/15),5,4
Rocky River Middle School (RRMS),8/27/26,Thu,6:30 PM,3211,Rocky River   MRN,,Shaker Hts.   BLK,,Girls,2012(U14/15),2,4
Rocky River Middle School (RRMS),9/3/26,Thu,6:30 PM,3416,Rocky River   GLD,,Midview   AC,,Girls,2012(U14/15),4 West,4
Root Road Soccer Complex (Field 1),8/16/26,Sun,11:30 AM,5402,North Ridgeville,,Lakewood   B14W,,Boys,2015(U12),4 West,666
Root Road Soccer Complex (Field 1),8/16/26,Sun,4:00 PM,5004,North Ridgeville,,Sandusky,,Boys,2016(U11),5 West,666
Root Road Soccer Complex (Field 1),8/23/26,Sun,5:30 PM,5006,North Ridgeville,,Fairview Park,,Boys,2016(U11),5 West,666
Root Road Soccer Complex (Field 1),8/25/26,Tue,6:30 PM,5411,North Ridgeville,,Rocky River   WHT,,Boys,2015(U12),4 West,666
Root Road Soccer Complex (Field 1),8/26/26,Wed,6:30 PM,2312,North Ridgeville,,Olmsted Falls   Blue,,Girls,2015(U12),3 West,666
Root Road Soccer Complex (Field 1),8/30/26,Sun,1:00 PM,5016,North Ridgeville,,Midview   JL,,Boys,2016(U11),5 West,666
Root Road Soccer Complex (Field 1),9/13/26,Sun,4:00 PM,5418,North Ridgeville,,Amherst,,Boys,2015(U12),4 West,666
Root Road Soccer Complex (Field 1),9/20/26,Sun,2:30 PM,2321,North Ridgeville,,Westlake   CG,,Girls,2015(U12),3 West,666
Root Road Soccer Complex (Field 1),9/20/26,Sun,5:30 PM,5027,North Ridgeville,,Lakewood   B15G,,Boys,2016(U11),5 West,666
Root Road Soccer Complex (Field 1),9/22/26,Tue,6:30 PM,5422,North Ridgeville,,North Olmsted,,Boys,2015(U12),4 West,666
Root Road Soccer Complex (Field 1),9/29/26,Tue,6:30 PM,2317,North Ridgeville,,Port Clinton,,Girls,2015(U12),3 West,666
Root Road Soccer Complex (Field 1),10/11/26,Sun,5:30 PM,2330,North Ridgeville,,Lakewood   G14G,,Girls,2015(U12),3 West,666
Root Road Soccer Complex (Field 2),8/16/26,Sun,1:00 PM,7402,North Ridgeville,,Lakewood   G16P,,Girls,2017(U10),4 West,666
Root Road Soccer Complex (Field 2),8/16/26,Sun,3:00 PM,502,North Ridgeville,,Rocky River   STM,,Girls,2019(U08),West V,666
Root Road Soccer Complex (Field 2),8/23/26,Sun,11:30 AM,7404,North Ridgeville,,Rocky River   WHT,,Girls,2017(U10),4 West,666
Root Road Soccer Complex (Field 2),8/23/26,Sun,1:00 PM,9803,North Ridgeville,,Rocky River   TID,,Boys,2019(U08),West E,666
Root Road Soccer Complex (Field 2),8/23/26,Sun,2:30 PM,504,North Ridgeville,,North Olmsted,,Girls,2019(U08),West V,666
Root Road Soccer Complex (Field 2),8/23/26,Sun,4:00 PM,808,North Ridgeville,,Olmsted Falls   Gold,,Girls,2018(U09),3,666
Root Road Soccer Complex (Field 2),8/25/26,Tue,6:30 PM,9806,North Ridgeville,,Bay Village   AH,,Boys,2019(U08),West E,666
Root Road Soccer Complex (Field 2),8/30/26,Sun,12:00 PM,815,North Ridgeville,,Bay Village   JW,,Girls,2018(U09),3,666
Root Road Soccer Complex (Field 2),9/13/26,Sun,2:30 PM,13920,North Ridgeville,,Lakewood   B17B,,Boys,2018(U09),5 West EN,666
Root Road Soccer Complex (Field 2),9/15/26,Tue,6:30 PM,13910,North Ridgeville,,Rocky River   GLD,,Boys,2018(U09),5 West EN,666
Root Road Soccer Complex (Field 2),9/20/26,Sun,11:30 AM,7417,North Ridgeville,,Fairview Park,,Girls,2017(U10),4 West,666
Root Road Soccer Complex (Field 2),9/20/26,Sun,1:00 PM,9811,North Ridgeville,,Avon Lake,,Boys,2019(U08),West E,666
Root Road Soccer Complex (Field 2),9/20/26,Sun,2:30 PM,517,North Ridgeville,,Columbia Station,,Girls,2019(U08),West V,666
Root Road Soccer Complex (Field 2),9/25/26,Fri,6:30 PM,823,North Ridgeville,,Aurora,,Girls,2018(U09),3,666
Root Road Soccer Complex (Field 2),9/27/26,Sun,2:30 PM,13928,North Ridgeville,,North Olmsted,,Boys,2018(U09),5 West EN,666
Root Road Soccer Complex (Field 2),10/11/26,Sun,11:30 AM,7423,North Ridgeville,,Parma,,Girls,2017(U10),4 West,666
Root Road Soccer Complex (Field 2),10/11/26,Sun,1:00 PM,832,North Ridgeville,,Avon Lake,,Girls,2018(U09),3,666
Root Road Soccer Complex (Field 2),10/11/26,Sun,2:30 PM,523,North Ridgeville,,Strongsville   KP,,Girls,2019(U08),West V,666
Root Road Soccer Complex (Field 2),10/11/26,Sun,4:00 PM,13929,North Ridgeville,,Sandusky,,Boys,2018(U09),5 West EN,666
Root Road Soccer Complex (Field 2),10/25/26,Sun,2:30 PM,9820,North Ridgeville,,Fairview Park,,Boys,2019(U08),West E,666
Root Road Soccer Complex (Field 6),8/16/26,Sun,5:30 PM,3405,North Ridgeville,,Midview   AC,,Girls,2012(U14/15),4 West,666
Root Road Soccer Complex (Field 6),8/23/26,Sun,11:30 AM,13408,North Ridgeville,,Cloverleaf,,Boys,2012(U14/15),4 South,666
Root Road Soccer Complex (Field 6),8/23/26,Sun,1:00 PM,3409,North Ridgeville,,Amherst,,Girls,2012(U14/15),4 West,666
Root Road Soccer Complex (Field 6),8/23/26,Sun,2:30 PM,6004,North Ridgeville,,Oberlin,,Boys,2014(U13),5 West,666
Root Road Soccer Complex (Field 6),8/23/26,Sun,4:00 PM,6206,North Ridgeville,,Wadsworth   MUHL,,Boys,2012(U14/15),2,666
Root Road Soccer Complex (Field 6),8/27/26,Thu,6:30 PM,6209,North Ridgeville,,Strongsville   NH,,Boys,2012(U14/15),2,666
Root Road Soccer Complex (Field 6),8/30/26,Sun,11:30 AM,6211,North Ridgeville,,Westlake   MW,,Boys,2012(U14/15),2,666
Root Road Soccer Complex (Field 6),8/30/26,Sun,2:30 PM,6007,North Ridgeville,,Sandusky,,Boys,2014(U13),5 West,666
Root Road Soccer Complex (Field 6),8/30/26,Sun,5:30 PM,13415,North Ridgeville,,Brunswick,,Boys,2012(U14/15),4 South,666
Root Road Soccer Complex (Field 6),9/20/26,Sun,2:00 PM,6012,North Ridgeville,,Vermilion,,Boys,2014(U13),5 West,666
Root Road Soccer Complex (Field 6),9/20/26,Sun,4:00 PM,6216,North Ridgeville,,North Olmsted,,Boys,2012(U14/15),2,666
Root Road Soccer Complex (Field 6),9/20/26,Sun,5:30 PM,13423,North Ridgeville,,Northwest,,Boys,2012(U14/15),4 South,666
Root Road Soccer Complex (Field 6),9/27/26,Sun,1:00 PM,3440,North Ridgeville,,Midview   DB,,Girls,2012(U14/15),4 West,666
Root Road Soccer Complex (Field 6),10/11/26,Sun,1:00 PM,13432,North Ridgeville,,Parma,,Boys,2012(U14/15),4 South,666
Root Road Soccer Complex (Field 6),10/11/26,Sun,2:30 PM,6016,North Ridgeville,,Avon,,Boys,2014(U13),5 West,666
Root Road Soccer Complex (Field 6),10/18/26,Sun,11:30 AM,3418,North Ridgeville,,Vermilion,,Girls,2012(U14/15),4 West,666
Rootstown Community Park  (#4),8/23/26,Sun,4:00 PM,13205,Rootstown,,Cuyahoga Falls   JS,,Boys,2012(U14/15),3 South,651
Rootstown Community Park  (#4),9/19/26,Sat,2:00 PM,13216,Rootstown,,Ashland,,Boys,2012(U14/15),3 South,651
Rootstown Community Park  (#4),9/24/26,Thu,6:30 PM,13227,Rootstown,,Copley,,Boys,2012(U14/15),3 South,651
Rootstown Community Park  (#4),10/18/26,Sun,1:00 PM,13234,Rootstown,,Revere,,Boys,2012(U14/15),3 South,651
Rootstown Community Park  (#5),8/16/26,Sun,1:00 PM,14702,Rootstown,,Norton,,Boys,2015(U12),4 South EN,651
Rootstown Community Park  (#5),8/23/26,Sun,2:30 PM,14704,Rootstown,,Green,,Boys,2015(U12),4 South EN,651
Rootstown Community Park  (#5),9/12/26,Sat,10:00 AM,14723,Rootstown,,Canfield,,Boys,2015(U12),4 South EN,651
Rootstown Community Park  (#5),9/20/26,Sun,1:00 PM,14717,Rootstown,,Tallmadge,,Boys,2015(U12),4 South EN,651
Rootstown Community Park  (#7),8/23/26,Sun,10:00 AM,7710,Rootstown,,West Geauga,,Girls,2017(U10),5 East,651
Rootstown Community Park  (#7),8/31/26,Mon,6:30 PM,7717,Rootstown,,Willoughby,,Girls,2017(U10),5 East,651
Rootstown Community Park  (#7),9/4/26,Fri,6:30 PM,10336,Rootstown,,North Royalton,,Boys,2018(U09),5 South EV,651
Rootstown Community Park  (#7),9/8/26,Tue,6:00 PM,10323,Rootstown,,Eagles Select   U8A,,Boys,2018(U09),5 South EV,651
Rootstown Community Park  (#7),9/12/26,Sat,4:00 PM,10312,Rootstown,,Highland   BR1,,Boys,2018(U09),5 South EV,651
Rootstown Community Park  (#7),9/20/26,Sun,2:30 PM,10328,Rootstown,,Broadview Hts.,,Boys,2018(U09),5 South EV,651
Rootstown Community Park  (#7),9/26/26,Sat,4:00 PM,7733,Rootstown,,Tallmadge,,Girls,2017(U10),5 East,651
Rootstown Community Park  (#7),10/10/26,Sat,1:00 PM,7701,Rootstown,,Brecksville Bees SA,,Girls,2017(U10),5 East,651
Roxbury Field (11v11),8/16/26,Sun,1:00 PM,5703,Solon United,,Geauga Federation SC,,Boys,2014(U13),2,540
Roxbury Field (11v11),8/16/26,Sun,4:00 PM,3204,Solon United,,Perry (Stark),,Girls,2012(U14/15),2,540
Roxbury Field (11v11),8/16/26,Sun,5:30 PM,13101,Solon United,,Twinsburg   WHTE,,Boys,2012(U14/15),3 East,540
Roxbury Field (11v11),8/22/26,Sat,4:30 PM,5616,Solon United,,Hudson   SFER,,Boys,2014(U13),1,540
Roxbury Field (11v11),8/23/26,Sun,11:00 AM,9110,Solon United,,Hudson   CARP,,Girls,2012(U14/15),4 East,540
Roxbury Field (11v11),8/23/26,Sun,1:00 PM,3206,Solon United,,Revere   RED,,Girls,2012(U14/15),2,540
Roxbury Field (11v11),8/23/26,Sun,2:30 PM,5707,Solon United,,Stow   Mar,,Boys,2014(U13),2,540
Roxbury Field (11v11),8/27/26,Thu,6:30 PM,13107,Solon United,,Riverside   CT,,Boys,2012(U14/15),3 East,540
Roxbury Field (11v11),8/30/26,Sun,1:00 PM,9117,Solon United,,Wickliffe,,Girls,2012(U14/15),4 East,540
Roxbury Field (11v11),8/30/26,Sun,6:30 PM,3216,Solon United,,Rocky River   MRN,,Girls,2012(U14/15),2,540
Roxbury Field (11v11),9/13/26,Sun,2:30 PM,13113,Solon United,,North Royalton,,Boys,2012(U14/15),3 East,540
Roxbury Field (11v11),9/15/26,Tue,6:30 PM,5602,Solon United,,Medina   13Gr,,Boys,2014(U13),1,540
Roxbury Field (11v11),9/20/26,Sun,1:00 PM,5724,Solon United,,Avon Lake,,Boys,2014(U13),2,540
Roxbury Field (11v11),9/20/26,Sun,4:00 PM,3227,Solon United,,Medina   14GN,,Girls,2012(U14/15),2,540
Roxbury Field (11v11),9/27/26,Sun,10:00 AM,9133,Solon United,,Madison,,Girls,2012(U14/15),4 East,540
Roxbury Field (11v11),9/27/26,Sun,11:30 AM,13119,Solon United,,Hudson   NEGR,,Boys,2012(U14/15),3 East,540
Roxbury Field (11v11),9/27/26,Sun,1:00 PM,5725,Solon United,,North Olmsted,,Boys,2014(U13),2,540
Roxbury Field (11v11),9/27/26,Sun,5:30 PM,5621,Solon United,,Shaker Hts.   BLK,,Boys,2014(U13),1,540
Roxbury Field (11v11),9/29/26,Tue,6:00 PM,5607,Solon United,,Chagrin Falls,,Boys,2014(U13),1,540
Roxbury Field (11v11),10/19/26,Mon,6:00 PM,9101,Solon United,,Field,,Girls,2012(U14/15),4 East,540
Schady Rd Soccer Complex (11v11-1),8/16/26,Sun,4:00 PM,6101,Olmsted Falls   Blue,,Norton,,Boys,2012(U14/15),1,12
Schady Rd Soccer Complex (11v11-1),8/27/26,Thu,6:30 PM,3415,Olmsted Falls   Blue,,Amherst,,Girls,2012(U14/15),4 West,12
Schady Rd Soccer Complex (11v11-1),9/2/26,Wed,6:30 PM,6117,Olmsted Falls   Gold,,Highland   AS1,,Boys,2012(U14/15),1,12
Schady Rd Soccer Complex (11v11-1),9/3/26,Thu,6:30 PM,5906,Olmsted Falls   Blue,,TUSA,,Boys,2014(U13),4 West,12
Schady Rd Soccer Complex (11v11-1),9/8/26,Tue,6:30 PM,2703,Olmsted Falls   Blue,,Twinsburg,,Girls,2014(U13),2,12
Schady Rd Soccer Complex (11v11-1),9/24/26,Thu,6:00 PM,2725,Olmsted Falls   Blue,,Chagrin Falls,,Girls,2014(U13),2,12
Schady Rd Soccer Complex (11v11-1),10/5/26,Mon,5:30 PM,6112,Olmsted Falls   Gold,,Olmsted Falls   Blue,,Boys,2012(U14/15),1,12
Schady Rd Soccer Complex (11v11-1),10/25/26,Sun,4:00 PM,5920,Olmsted Falls   Blue,,Lakewood   B13G,,Boys,2014(U13),4 West,12
Schady Rd Soccer Complex (7v7-1),8/24/26,Mon,6:30 PM,706,Olmsted Falls   Blue,,Avon Lake,,Girls,2018(U09),2,12
Schady Rd Soccer Complex (7v7-1),9/24/26,Thu,6:00 PM,518,Olmsted Falls   Blue,,Rocky River   STM,,Girls,2019(U08),West V,12
Schady Rd Soccer Complex (7v7-1),10/12/26,Mon,6:00 PM,716,Olmsted Falls   Blue,,North Royalton,,Girls,2018(U09),2,12
Schady Rd Soccer Complex (7v7-1),10/25/26,Sun,2:30 PM,120,Olmsted Falls   Gold,,Westlake   MC,,Boys,2019(U08),West V,12
Schady Rd Soccer Complex (7v7-2),8/25/26,Tue,6:30 PM,106,Olmsted Falls   Gold,,Avon Lake,,Boys,2019(U08),West V,12
Schady Rd Soccer Complex (7v7-2),8/27/26,Thu,6:30 PM,811,Olmsted Falls   Gold,,Avon Lake,,Girls,2018(U09),3,12
Schady Rd Soccer Complex (7v7-2),9/10/26,Thu,6:30 PM,818,Olmsted Falls   Gold,,Strongsville   DC,,Girls,2018(U09),3,12
Schady Rd Soccer Complex (7v7-3),8/16/26,Sun,11:30 AM,4003,Olmsted Falls   Silv,,Rocky River   BLK,,Boys,2018(U09),5 West EV,12
Schady Rd Soccer Complex (7v7-3),8/16/26,Sun,1:00 PM,4402,Olmsted Falls   Gold,,Avon Lake,,Boys,2017(U10),4 West,12
Schady Rd Soccer Complex (7v7-3),8/16/26,Sun,2:30 PM,9702,Olmsted Falls   Blue,,Westlake   KM,,Boys,2019(U08),West N,12
Schady Rd Soccer Complex (7v7-3),8/16/26,Sun,4:00 PM,4404,Olmsted Falls   Silv,,Norwalk HCYSC,,Boys,2017(U10),4 West,12
Schady Rd Soccer Complex (7v7-3),8/16/26,Sun,5:30 PM,13903,Olmsted Falls   Gold,,Lakewood   B17B,,Boys,2018(U09),5 West EN,12
Schady Rd Soccer Complex (7v7-3),8/23/26,Sun,11:30 AM,13907,Olmsted Falls   Gold,,North Ridgeville,,Boys,2018(U09),5 West EN,12
Schady Rd Soccer Complex (7v7-3),8/23/26,Sun,1:00 PM,9704,Olmsted Falls   Blue,,Rocky River   STM,,Boys,2019(U08),West N,12
Schady Rd Soccer Complex (7v7-3),8/23/26,Sun,2:30 PM,103,Olmsted Falls   Gold,,Rocky River   SRG,,Boys,2019(U08),West V,12
Schady Rd Soccer Complex (7v7-3),8/26/26,Wed,6:30 PM,4008,Olmsted Falls   Silv,,Columbia Station,,Boys,2018(U09),5 West EV,12
Schady Rd Soccer Complex (7v7-3),8/28/26,Fri,6:30 PM,4515,Olmsted Falls   Wht,,Bay Village   AF,,Boys,2017(U10),5 West,12
Schady Rd Soccer Complex (7v7-3),8/30/26,Sun,11:30 AM,4416,Olmsted Falls   Silv,,North Olmsted,,Boys,2017(U10),4 West,12
Schady Rd Soccer Complex (7v7-3),8/30/26,Sun,4:00 PM,3813,Olmsted Falls   Blue,,Avon Lake,,Boys,2018(U09),3 West,12
Schady Rd Soccer Complex (7v7-3),9/13/26,Sun,11:30 AM,4521,Olmsted Falls   Wht,,Rocky River   WHT,,Boys,2017(U10),5 West,12
Schady Rd Soccer Complex (7v7-3),9/13/26,Sun,4:00 PM,4424,Olmsted Falls   Gold,,Avon,,Boys,2017(U10),4 West,12
Schady Rd Soccer Complex (7v7-3),9/13/26,Sun,5:30 PM,10515,Olmsted Falls   Blue,,Lakewood   B16G,,Boys,2017(U10),2 West,12
Schady Rd Soccer Complex (7v7-3),9/20/26,Sun,11:30 AM,4427,Olmsted Falls   Silv,,Olmsted Falls   Gold,,Boys,2017(U10),4 West,12
Schady Rd Soccer Complex (7v7-3),9/20/26,Sun,2:30 PM,13924,Olmsted Falls   Gold,,Avon Lake,,Boys,2018(U09),5 West EN,12
Schady Rd Soccer Complex (7v7-3),9/20/26,Sun,4:00 PM,9717,Olmsted Falls   Blue,,Bay Village   NP,,Boys,2019(U08),West N,12
Schady Rd Soccer Complex (7v7-3),9/20/26,Sun,5:30 PM,111,Olmsted Falls   Gold,,Bay Village   BK,,Boys,2019(U08),West V,12
Schady Rd Soccer Complex (7v7-3),9/23/26,Wed,6:00 PM,10520,Olmsted Falls   Blue,,Westlake   RG,,Boys,2017(U10),2 West,12
Schady Rd Soccer Complex (7v7-3),9/27/26,Sun,1:00 PM,3826,Olmsted Falls   Blue,,North Olmsted,,Boys,2018(U09),3 West,12
Schady Rd Soccer Complex (7v7-3),9/27/26,Sun,4:00 PM,13925,Olmsted Falls   Gold,,Rocky River   GLD,,Boys,2018(U09),5 West EN,12
Schady Rd Soccer Complex (7v7-3),9/27/26,Sun,5:30 PM,4531,Olmsted Falls   Wht,,Sandusky,,Boys,2017(U10),5 West,12
Schady Rd Soccer Complex (7v7-3),10/11/26,Sun,11:30 AM,4439,Olmsted Falls   Gold,,Bay Village   MW,,Boys,2017(U10),4 West,12
Schady Rd Soccer Complex (7v7-3),10/11/26,Sun,1:00 PM,3831,Olmsted Falls   Blue,,Parma,,Boys,2018(U09),3 West,12
Schady Rd Soccer Complex (7v7-3),10/11/26,Sun,2:30 PM,9723,Olmsted Falls   Blue,,Avon Lake,,Boys,2019(U08),West N,12
Schady Rd Soccer Complex (7v7-3),10/11/26,Sun,5:30 PM,4538,Olmsted Falls   Wht,,Port Clinton   WHT,,Boys,2017(U10),5 West,12
Schady Rd Soccer Complex (7v7-3),10/18/26,Sun,2:30 PM,4025,Olmsted Falls   Silv,,Lakewood   B17W,,Boys,2018(U09),5 West EV,12
Schady Rd Soccer Complex (7v7-3),10/25/26,Sun,1:00 PM,4028,Olmsted Falls   Silv,,Avon,,Boys,2018(U09),5 West EV,12
Schady Rd Soccer Complex (7v7-4),8/16/26,Sun,5:00 PM,1403,Olmsted Falls   Gold,,Aurora,,Girls,2017(U10),4 East,12
Schady Rd Soccer Complex (7v7-4),8/21/26,Fri,6:30 PM,704,Olmsted Falls   Blue,,Westlake   JB,,Girls,2018(U09),2,12
Schady Rd Soccer Complex (7v7-4),8/23/26,Sun,1:00 PM,4408,Olmsted Falls   Gold,,North Olmsted,,Boys,2017(U10),4 West,12
Schady Rd Soccer Complex (7v7-4),8/23/26,Sun,2:30 PM,4406,Olmsted Falls   Silv,,Fairview Park,,Boys,2017(U10),4 West,12
Schady Rd Soccer Complex (7v7-4),8/23/26,Sun,5:30 PM,1407,Olmsted Falls   Gold,,Geneva,,Girls,2017(U10),4 East,12
Schady Rd Soccer Complex (7v7-4),8/25/26,Tue,6:30 PM,3809,Olmsted Falls   Blue,,Westlake   EL,,Boys,2018(U09),3 West,12
Schady Rd Soccer Complex (7v7-4),8/26/26,Wed,6:30 PM,508,Olmsted Falls   Blue,,North Ridgeville,,Girls,2019(U08),West V,12
Schady Rd Soccer Complex (7v7-4),8/30/26,Sun,2:30 PM,512,Olmsted Falls   Blue,,Columbia Station,,Girls,2019(U08),West V,12
Schady Rd Soccer Complex (7v7-4),9/2/26,Wed,6:30 PM,10510,Olmsted Falls   Blue,,North Royalton,,Boys,2017(U10),2 West,12
Schady Rd Soccer Complex (7v7-4),9/9/26,Wed,6:00 PM,1212,Olmsted Falls   Blue,,Westlake   NF,,Girls,2017(U10),2,12
Schady Rd Soccer Complex (7v7-4),9/13/26,Sun,1:00 PM,1223,Olmsted Falls   Blue,,Bay Village   BW,,Girls,2017(U10),2,12
Schady Rd Soccer Complex (7v7-4),9/13/26,Sun,5:30 PM,802,Olmsted Falls   Gold,,Bay Village   JW,,Girls,2018(U09),3,12
Schady Rd Soccer Complex (7v7-4),9/20/26,Sun,1:00 PM,1228,Olmsted Falls   Blue,,Cuyahoga Falls   TC,,Girls,2017(U10),2,12
Schady Rd Soccer Complex (7v7-4),9/20/26,Sun,2:30 PM,727,Olmsted Falls   Blue,,Shaker Hts.   BLK,,Girls,2018(U09),2,12
Schady Rd Soccer Complex (7v7-4),9/20/26,Sun,4:00 PM,1424,Olmsted Falls   Gold,,Geauga Federation SC,,Girls,2017(U10),4 East,12
Schady Rd Soccer Complex (7v7-4),9/20/26,Sun,5:30 PM,822,Olmsted Falls   Gold,,Kenston,,Girls,2018(U09),3,12
Schady Rd Soccer Complex (7v7-4),9/27/26,Sun,4:00 PM,1425,Olmsted Falls   Gold,,Independence,,Girls,2017(U10),4 East,12
Schady Rd Soccer Complex (7v7-4),9/29/26,Tue,6:00 PM,521,Olmsted Falls   Blue,,Strongsville   KP,,Girls,2019(U08),West V,12
Schady Rd Soccer Complex (7v7-4),10/11/26,Sun,2:30 PM,10524,Olmsted Falls   Blue,,North Olmsted,,Boys,2017(U10),2 West,12
Schady Rd Soccer Complex (7v7-4),10/11/26,Sun,5:30 PM,1236,Olmsted Falls   Blue,,Kenston,,Girls,2017(U10),2,12
Schady Rd Soccer Complex (9v9-1),8/16/26,Sun,4:00 PM,5303,Olmsted Falls   Blue,,Amherst,,Boys,2015(U12),3 West,12
Schady Rd Soccer Complex (9v9-1),8/23/26,Sun,5:30 PM,5305,Olmsted Falls   Blue,,Bay Village   AC,,Boys,2015(U12),3 West,12
Schady Rd Soccer Complex (9v9-1),8/25/26,Tue,6:30 PM,5510,Olmsted Falls   Gold,,Bay Village   JS,,Boys,2015(U12),5 West,12
Schady Rd Soccer Complex (9v9-1),8/27/26,Thu,6:30 PM,5015,Olmsted Falls   Gold,,North Ridgeville,,Boys,2016(U11),5 West,12
Schady Rd Soccer Complex (9v9-1),9/2/26,Wed,6:30 PM,4712,Olmsted Falls   Blue,,Mayfield   MO,,Boys,2016(U11),2,12
Schady Rd Soccer Complex (9v9-1),9/13/26,Sun,11:30 AM,5520,Olmsted Falls   Gold,,Parma,,Boys,2015(U12),5 West,12
Schady Rd Soccer Complex (9v9-1),9/13/26,Sun,1:00 PM,5021,Olmsted Falls   Gold,,Sandusky,,Boys,2016(U11),5 West,12
Schady Rd Soccer Complex (9v9-1),9/13/26,Sun,4:00 PM,5314,Olmsted Falls   Blue,,Rocky River   MRN,,Boys,2015(U12),3 West,12
Schady Rd Soccer Complex (9v9-1),9/27/26,Sun,4:00 PM,5031,Olmsted Falls   Gold,,Avon,,Boys,2016(U11),5 West,12
Schady Rd Soccer Complex (9v9-1),9/27/26,Sun,5:30 PM,5528,Olmsted Falls   Gold,,Norwalk HCYSC,,Boys,2015(U12),5 West,12
Schady Rd Soccer Complex (9v9-1),10/11/26,Sun,11:30 AM,5322,Olmsted Falls   Blue,,Sandusky,,Boys,2015(U12),3 West,12
Schady Rd Soccer Complex (9v9-1),10/11/26,Sun,1:00 PM,4736,Olmsted Falls   Blue,,Rocky River   MRN,,Boys,2016(U11),2,12
Schady Rd Soccer Complex (9v9-1),10/11/26,Sun,4:00 PM,5038,Olmsted Falls   Gold,,TUSA,,Boys,2016(U11),5 West,12
Schady Rd Soccer Complex (9v9-1),10/11/26,Sun,5:30 PM,5529,Olmsted Falls   Gold,,Port Clinton,,Boys,2015(U12),5 West,12
Schady Rd Soccer Complex (9v9-2),8/16/26,Sun,11:30 AM,1704,Olmsted Falls   Blue,,Jackson,,Girls,2016(U11),2,12
Schady Rd Soccer Complex (9v9-2),8/23/26,Sun,11:30 AM,2307,Olmsted Falls   Blue,,Westlake   CG,,Girls,2015(U12),3 West,12
Schady Rd Soccer Complex (9v9-2),8/23/26,Sun,6:00 PM,1706,Olmsted Falls   Blue,,Cuyahoga Falls   RV,,Girls,2016(U11),2,12
Schady Rd Soccer Complex (9v9-2),8/25/26,Tue,6:30 PM,1808,Olmsted Falls   Gold,,Bay Village   CM,,Girls,2016(U11),3 West,12
Schady Rd Soccer Complex (9v9-2),8/30/26,Sun,1:00 PM,1812,Olmsted Falls   Gold,,North Royalton,,Girls,2016(U11),3 West,12
Schady Rd Soccer Complex (9v9-2),8/30/26,Sun,2:30 PM,1716,Olmsted Falls   Blue,,Avon Lake,,Girls,2016(U11),2,12
Schady Rd Soccer Complex (9v9-2),9/9/26,Wed,6:00 PM,4728,Olmsted Falls   Blue,,Bay Village   MC,,Boys,2016(U11),2,12
Schady Rd Soccer Complex (9v9-2),9/13/26,Sun,12:00 PM,4723,Olmsted Falls   Blue,,Shaker Hts.   BLK,,Boys,2016(U11),2,12
Schady Rd Soccer Complex (9v9-2),9/13/26,Sun,4:00 PM,2324,Olmsted Falls   Blue,,Port Clinton,,Girls,2015(U12),3 West,12
Schady Rd Soccer Complex (9v9-2),9/20/26,Sun,2:30 PM,1818,Olmsted Falls   Gold,,Strongsville   MAD,,Girls,2016(U11),3 West,12
Schady Rd Soccer Complex (9v9-2),9/20/26,Sun,5:30 PM,1727,Olmsted Falls   Blue,,Rocky River   MRN,,Girls,2016(U11),2,12
Schady Rd Soccer Complex (9v9-2),9/23/26,Wed,6:00 PM,2325,Olmsted Falls   Blue,,Avon Lake,,Girls,2015(U12),3 West,12
Schady Rd Soccer Complex (9v9-2),9/27/26,Sun,10:00 AM,1821,Olmsted Falls   Gold,,Parma,,Girls,2016(U11),3 West,12
Schady Rd Soccer Complex (9v9-2),10/7/26,Wed,6:00 PM,2303,Olmsted Falls   Blue,,Parma,,Girls,2015(U12),3 West,12
Schwartz Road Park (#10 - 7v7),8/28/26,Fri,6:30 PM,15107,Avon,,Bay Village   BH,,Girls,2017(U10),4 West EV,330
Schwartz Road Park (#10 - 7v7),8/30/26,Sun,1:00 PM,4420,Avon,,Westlake   MV,,Boys,2017(U10),4 West,330
Schwartz Road Park (#10 - 7v7),8/30/26,Sun,2:30 PM,4110,Avon,,Hudson   PEIG,,Boys,2017(U10),1,330
Schwartz Road Park (#10 - 7v7),9/13/26,Sun,2:30 PM,4115,Avon,,Bay Village   BK,,Boys,2017(U10),1,330
Schwartz Road Park (#10 - 7v7),9/13/26,Sun,4:00 PM,15113,Avon,,Port Clinton,,Girls,2017(U10),4 West EV,330
Schwartz Road Park (#10 - 7v7),10/9/26,Fri,6:00 PM,4120,Avon,,Mayfield   KHA,,Boys,2017(U10),1,330
Schwartz Road Park (#10 - 7v7),10/11/26,Sun,2:30 PM,4440,Avon,,Olmsted Falls   Silv,,Boys,2017(U10),4 West,330
Schwartz Road Park (#10 - 7v7),10/18/26,Sun,5:30 PM,15119,Avon,,Westlake   BL,,Girls,2017(U10),4 West EV,330
Schwartz Road Park (#13 - 11V11),8/16/26,Sun,5:30 PM,6302,Avon,,Westlake   WV,,Boys,2012(U14/15),3 West,330
Schwartz Road Park (#13 - 11V11),8/23/26,Sun,11:30 AM,6003,Avon,,Sandusky,,Boys,2014(U13),5 West,330
Schwartz Road Park (#13 - 11V11),8/23/26,Sun,2:30 PM,6308,Avon,,Bay Village   MM,,Boys,2012(U14/15),3 West,330
Schwartz Road Park (#13 - 11V11),8/23/26,Sun,5:30 PM,3407,Avon,,Midview   AC,,Girls,2012(U14/15),4 West,330
Schwartz Road Park (#13 - 11V11),8/29/26,Sat,12:00 PM,6006,Avon,,North Ridgeville,,Boys,2014(U13),5 West,330
Schwartz Road Park (#13 - 11V11),9/13/26,Sun,11:30 AM,3425,Avon,,Midview   DB,,Girls,2012(U14/15),4 West,330
Schwartz Road Park (#13 - 11V11),9/13/26,Sun,5:30 PM,6324,Avon,,Avon Lake,,Boys,2012(U14/15),3 West,330
Schwartz Road Park (#13 - 11V11),9/20/26,Sun,11:30 AM,3431,Avon,,Olmsted Falls   Blue,,Girls,2012(U14/15),4 West,330
Schwartz Road Park (#13 - 11V11),9/20/26,Sun,4:00 PM,6011,Avon,,Oberlin,,Boys,2014(U13),5 West,330
Schwartz Road Park (#13 - 11V11),9/27/26,Sun,4:00 PM,3437,Avon,,Port Clinton,,Girls,2012(U14/15),4 West,330
Schwartz Road Park (#13 - 11V11),10/11/26,Sun,2:30 PM,6339,Avon,,Rocky River   MRN,,Boys,2012(U14/15),3 West,330
Schwartz Road Park (#13 - 11V11),10/25/26,Sun,2:30 PM,6020,Avon,,Vermilion,,Boys,2014(U13),5 West,330
Schwartz Road Park (#3 - 9v9),8/16/26,Sun,11:30 AM,5503,Avon,,Parma,,Boys,2015(U12),5 West,330
Schwartz Road Park (#3 - 9v9),8/23/26,Sun,1:00 PM,5507,Avon,,Olmsted Falls   Gold,,Boys,2015(U12),5 West,330
Schwartz Road Park (#3 - 9v9),8/30/26,Sun,11:30 AM,2010,Avon,,Rocky River   GRY,,Girls,2016(U11),5 West,330
Schwartz Road Park (#3 - 9v9),8/30/26,Sun,4:00 PM,1610,Avon,,Green,,Girls,2016(U11),1,330
Schwartz Road Park (#3 - 9v9),8/30/26,Sun,5:30 PM,2412,Avon,,Sandusky,,Girls,2015(U12),4 West,330
Schwartz Road Park (#3 - 9v9),9/11/26,Fri,6:15 PM,1615,Avon,,Highland   EM2,,Girls,2016(U11),1,330
Schwartz Road Park (#3 - 9v9),9/11/26,Fri,6:30 PM,4620,Avon,,North Royalton,,Boys,2016(U11),1,330
Schwartz Road Park (#3 - 9v9),9/13/26,Sun,1:00 PM,5023,Avon,,North Ridgeville,,Boys,2016(U11),5 West,330
Schwartz Road Park (#3 - 9v9),9/13/26,Sun,1:00 PM,2015,Avon,,Columbia Station,,Girls,2016(U11),5 West,330
Schwartz Road Park (#3 - 9v9),9/13/26,Sun,4:00 PM,2413,Avon,,Rocky River   WHT,,Girls,2015(U12),4 West,330
Schwartz Road Park (#3 - 9v9),9/20/26,Sun,1:00 PM,5524,Avon,,Rocky River   GRY,,Boys,2015(U12),5 West,330
Schwartz Road Park (#3 - 9v9),9/20/26,Sun,2:30 PM,2417,Avon,,Brecksville Bees SA,,Girls,2015(U12),4 West,330
Schwartz Road Park (#3 - 9v9),9/20/26,Sun,5:30 PM,5028,Avon,,Rocky River   WHT,,Boys,2016(U11),5 West,330
Schwartz Road Park (#3 - 9v9),9/27/26,Sun,11:30 AM,1620,Avon,,Stow   Mar,,Girls,2016(U11),1,330
Schwartz Road Park (#3 - 9v9),9/27/26,Sun,1:00 PM,5525,Avon,,Bay Village   JS,,Boys,2015(U12),5 West,330
Schwartz Road Park (#3 - 9v9),9/27/26,Sun,2:30 PM,2419,Avon,,North Olmsted,,Girls,2015(U12),4 West,330
Schwartz Road Park (#3 - 9v9),9/27/26,Sun,5:30 PM,4628,Avon,,Green,,Boys,2016(U11),1,330
Schwartz Road Park (#3 - 9v9),10/11/26,Sun,11:30 AM,4629,Avon,,Aurora,,Boys,2016(U11),1,330
Schwartz Road Park (#3 - 9v9),10/11/26,Sun,1:00 PM,1624,Avon,,North Royalton,,Girls,2016(U11),1,330
Schwartz Road Park (#3 - 9v9),10/11/26,Sun,5:30 PM,5036,Avon,,Sandusky,,Boys,2016(U11),5 West,330
Schwartz Road Park (#3 - 9v9),10/17/26,Sat,1:00 PM,4610,Avon,,Hudson   SFER,,Boys,2016(U11),1,330
Schwartz Road Park (#3 - 9v9),10/18/26,Sun,1:00 PM,2026,Avon,,Midview,,Girls,2016(U11),5 West,330
Schwartz Road Park (#3 - 9v9),10/18/26,Sun,2:30 PM,5012,Avon,,Lakewood   B15G,,Boys,2016(U11),5 West,330
Schwartz Road Park (#4 - 9V9),10/11/26,Sun,1:00 PM,2023,Avon,,TUSA,,Girls,2016(U11),5 West,330
Schwartz Road Park (#9 - 7v7),8/16/26,Sun,1:00 PM,4403,Avon,,Fairview Park,,Boys,2017(U10),4 West,330
Schwartz Road Park (#9 - 7v7),8/16/26,Sun,2:30 PM,701,Avon,,Lakewood   G17G,,Girls,2018(U09),2,330
Schwartz Road Park (#9 - 7v7),8/16/26,Sun,4:00 PM,15101,Avon,,Amherst,,Girls,2017(U10),4 West EV,330
Schwartz Road Park (#9 - 7v7),8/23/26,Sun,1:00 PM,4409,Avon,,Avon Lake,,Boys,2017(U10),4 West,330
Schwartz Road Park (#9 - 7v7),8/23/26,Sun,2:30 PM,710,Avon,,Westlake   JB,,Girls,2018(U09),2,330
Schwartz Road Park (#9 - 7v7),8/28/26,Fri,6:30 PM,3712,Avon,,Lakewood   B17G,,Boys,2018(U09),2,330
Schwartz Road Park (#9 - 7v7),8/28/26,Fri,6:30 PM,733,Avon,,Olmsted Falls   Blue,,Girls,2018(U09),2,330
Schwartz Road Park (#9 - 7v7),8/29/26,Sat,2:30 PM,1513,Avon,,Sandusky,,Girls,2017(U10),5 West,330
Schwartz Road Park (#9 - 7v7),8/29/26,Sat,4:00 PM,7214,Avon,,Midview,,Girls,2018(U09),5 West,330
Schwartz Road Park (#9 - 7v7),8/30/26,Sun,11:30 AM,1110,Avon,,Green,,Girls,2017(U10),1,330
Schwartz Road Park (#9 - 7v7),8/30/26,Sun,1:00 PM,717,Avon,,Strongsville   EE-G,,Girls,2018(U09),2,330
Schwartz Road Park (#9 - 7v7),8/30/26,Sun,1:00 PM,910,Avon,,Bay Village   TU,,Girls,2018(U09),4 West,330
Schwartz Road Park (#9 - 7v7),8/30/26,Sun,4:00 PM,4012,Avon,,Lakewood   B17W,,Boys,2018(U09),5 West EV,330
Schwartz Road Park (#9 - 7v7),9/13/26,Sun,11:30 AM,7225,Avon,,Avon Lake,,Girls,2018(U09),5 West,330
Schwartz Road Park (#9 - 7v7),9/13/26,Sun,1:00 PM,3723,Avon,,Shaker Hts.   BLK,,Boys,2018(U09),2,330
Schwartz Road Park (#9 - 7v7),9/13/26,Sun,2:30 PM,915,Avon,,Parma,,Girls,2018(U09),4 West,330
Schwartz Road Park (#9 - 7v7),9/13/26,Sun,2:30 PM,1115,Avon,,Hudson   BATS,,Girls,2017(U10),1,330
Schwartz Road Park (#9 - 7v7),9/13/26,Sun,4:00 PM,4013,Avon,,Rocky River   BLK,,Boys,2018(U09),5 West EV,330
Schwartz Road Park (#9 - 7v7),9/20/26,Sun,11:30 AM,4017,Avon,,Olmsted Falls   Silv,,Boys,2018(U09),5 West EV,330
Schwartz Road Park (#9 - 7v7),9/20/26,Sun,2:30 PM,3728,Avon,,Avon Lake,,Boys,2018(U09),2,330
Schwartz Road Park (#9 - 7v7),9/20/26,Sun,4:00 PM,7230,Avon,,Rocky River   BLK,,Girls,2018(U09),5 West,330
Schwartz Road Park (#9 - 7v7),9/27/26,Sun,11:30 AM,4019,Avon,,Midview,,Boys,2018(U09),5 West EV,330
Schwartz Road Park (#9 - 7v7),9/27/26,Sun,11:30 AM,1120,Avon,,Brunswick   RYL,,Girls,2017(U10),1,330
Schwartz Road Park (#9 - 7v7),9/27/26,Sun,1:00 PM,1526,Avon,,Midview,,Girls,2017(U10),5 West,330
Schwartz Road Park (#9 - 7v7),9/27/26,Sun,4:00 PM,7234,Avon,,Vermilion,,Girls,2018(U09),5 West,330
Schwartz Road Park (#9 - 7v7),10/4/26,Sun,1:00 PM,3736,Avon,,Strongsville   CF,,Boys,2018(U09),2,330
Schwartz Road Park (#9 - 7v7),10/9/26,Fri,6:30 PM,1509,Avon,,North Olmsted,,Girls,2017(U10),5 West,330
Schwartz Road Park (#9 - 7v7),10/11/26,Sun,11:30 AM,1531,Avon,,Avon Lake,,Girls,2017(U10),5 West,330
Schwartz Road Park (#9 - 7v7),10/11/26,Sun,2:30 PM,923,Avon,,Fairview Park,,Girls,2018(U09),4 West,330
Schwartz Road Park (#9 - 7v7),10/11/26,Sun,4:00 PM,1124,Avon,,North Royalton,,Girls,2017(U10),1,330
Schwartz Road Park (#9 - 7v7),10/11/26,Sun,5:30 PM,4124,Avon,,Solon United,,Boys,2017(U10),1,330
Schwartz Road Park (#9 - 7v7),10/18/26,Sun,2:30 PM,926,Avon,,Westlake   GF,,Girls,2018(U09),4 West,330
Settler's Park (9v9 Field),8/16/26,Sun,1:00 PM,11904,Kenston,,Solon United,,Boys,2015(U12),3 East,616
Settler's Park (9v9 Field),8/16/26,Sun,2:30 PM,11202,Kenston,,Stow   Mar,,Boys,2016(U11),3 East,616
Settler's Park (9v9 Field),8/16/26,Sun,2:30 PM,8403,Kenston,,Kent   TS,,Girls,2015(U12),3 East,616
Settler's Park (9v9 Field),8/23/26,Sun,1:00 PM,8405,Kenston,,Cuyahoga Falls   GL,,Girls,2015(U12),3 East,616
Settler's Park (9v9 Field),8/23/26,Sun,2:30 PM,11906,Kenston,,Shaker Hts.   RED,,Boys,2015(U12),3 East,616
Settler's Park (9v9 Field),8/26/26,Wed,6:30 PM,11211,Kenston,,Riverside   BH,,Boys,2016(U11),3 East,616
Settler's Park (9v9 Field),8/30/26,Sun,5:30 PM,11914,Kenston,,Chagrin Falls,,Boys,2015(U12),3 East,616
Settler's Park (9v9 Field),9/13/26,Sun,1:00 PM,11218,Kenston,,Willoughby,,Boys,2016(U11),3 East,616
Settler's Park (9v9 Field),9/13/26,Sun,2:30 PM,8414,Kenston,,Twinsburg   Blue,,Girls,2015(U12),3 East,616
Settler's Park (9v9 Field),9/20/26,Sun,5:30 PM,11222,Kenston,,NP Aurora,,Boys,2016(U11),3 East,616
Settler's Park (9v9 Field),9/27/26,Sun,5:30 PM,11927,Kenston,,West Geauga,,Boys,2015(U12),3 East,616
Settler's Park (9v9 Field),10/12/26,Mon,6:00 PM,8422,Kenston,,Independence,,Girls,2015(U12),3 East,616
Settler's Park (Field 1 7v7),8/16/26,Sun,4:00 PM,10101,Kenston   AT,,Aurora,,Boys,2018(U09),4 East,616
Settler's Park (Field 1 7v7),8/23/26,Sun,1:00 PM,10105,Kenston   AT,,Riverside,,Boys,2018(U09),4 East,616
Settler's Park (Field 1 7v7),8/23/26,Sun,2:30 PM,805,Kenston,,Bay Village   JW,,Girls,2018(U09),3,616
Settler's Park (Field 1 7v7),8/23/26,Sun,4:00 PM,10407,Kenston   SK,,Willoughby,,Boys,2018(U09),5 East EN,616
Settler's Park (Field 1 7v7),8/27/26,Thu,6:30 PM,10607,Kenston   BL,,Independence,,Boys,2017(U10),3 East,616
Settler's Park (Field 1 7v7),8/28/26,Fri,5:30 PM,6812,Kenston,,Twinsburg,,Girls,2018(U09),4 East,616
Settler's Park (Field 1 7v7),8/30/26,Sun,11:30 AM,1218,Kenston,,Brecksville Bees SA,,Girls,2017(U10),2,616
Settler's Park (Field 1 7v7),8/30/26,Sun,1:00 PM,816,Kenston,,Strongsville   DC,,Girls,2018(U09),3,616
Settler's Park (Field 1 7v7),8/30/26,Sun,4:00 PM,208,Kenston,,Shaker Hts.   BLK,,Boys,2019(U08),East,616
Settler's Park (Field 1 7v7),8/30/26,Sun,4:00 PM,10116,Kenston   AT,,North Royalton,,Boys,2018(U09),4 East,616
Settler's Park (Field 1 7v7),9/13/26,Sun,11:00 AM,819,Kenston,,North Ridgeville,,Girls,2018(U09),3,616
Settler's Park (Field 1 7v7),9/13/26,Sun,11:30 AM,10425,Kenston   SK,,Geauga Federation SC,,Boys,2018(U09),5 East EN,616
Settler's Park (Field 1 7v7),9/13/26,Sun,1:00 PM,6817,Kenston,,Geauga Federation SC,,Girls,2018(U09),4 East,616
Settler's Park (Field 1 7v7),9/13/26,Sun,4:00 PM,10119,Kenston   AT,,Solon United,,Boys,2018(U09),4 East,616
Settler's Park (Field 1 7v7),9/13/26,Sun,5:30 PM,10613,Kenston   BL,,Geauga Federation SC,,Boys,2017(U10),3 East,616
Settler's Park (Field 1 7v7),9/16/26,Wed,6:00 PM,1213,Kenston,,Shaker Hts.   BLK,,Girls,2017(U10),2,616
Settler's Park (Field 1 7v7),9/20/26,Sun,11:30 AM,11028,Kenston   WT,,Shaker Hts.   SLV,,Boys,2017(U10),5 East,616
Settler's Park (Field 1 7v7),9/20/26,Sun,12:00 PM,10431,Kenston   SK,,Twinsburg   Blue,,Boys,2018(U09),5 East EN,616
Settler's Park (Field 1 7v7),9/20/26,Sun,2:30 PM,6821,Kenston,,Hudson   CHIW,,Girls,2018(U09),4 East,616
Settler's Park (Field 1 7v7),9/20/26,Sun,4:00 PM,1229,Kenston,,Avon Lake,,Girls,2017(U10),2,616
Settler's Park (Field 1 7v7),9/27/26,Sun,11:30 AM,10619,Kenston   BL,,Shaker Hts.   RED,,Boys,2017(U10),3 East,616
Settler's Park (Field 1 7v7),9/27/26,Sun,1:00 PM,10437,Kenston   SK,,Wickliffe,,Boys,2018(U09),5 East EN,616
Settler's Park (Field 1 7v7),9/27/26,Sun,2:30 PM,214,Kenston,,Solon United,,Boys,2019(U08),East,616
Settler's Park (Field 1 7v7),9/27/26,Sun,4:00 PM,1235,Kenston,,Rocky River   MRN,,Girls,2017(U10),2,616
Settler's Park (Field 1 7v7),10/11/26,Sun,2:30 PM,11036,Kenston   WT,,Willoughby,,Boys,2017(U10),5 East,616
Settler's Park (Field 1 7v7),10/11/26,Sun,2:30 PM,6830,Kenston,,Mentor,,Girls,2018(U09),4 East,616
Settler's Park (Field 1 7v7),10/25/26,Sun,2:30 PM,219,Kenston,,Orange,,Boys,2019(U08),East,616
Settler's Park (Field 2 7v7),8/25/26,Tue,6:30 PM,11012,Kenston   WT,,Nordonia,,Boys,2017(U10),5 East,616
Settler's Park (Field 2 7v7),9/13/26,Sun,2:30 PM,11023,Kenston   WT,,Geneva,,Boys,2017(U10),5 East,616
Shaker Heights Main Library (Main Library Field),8/16/26,Sun,5:00 PM,3203,Shaker Hts.   BLK,,Revere   RED,,Girls,2012(U14/15),2,316
Shaker Heights Main Library (Main Library Field),8/16/26,Sun,6:30 PM,5603,Shaker Hts.   BLK,,Green,,Boys,2014(U13),1,316
Shaker Heights Main Library (Main Library Field),8/23/26,Sun,2:30 PM,12904,Shaker Hts.   WHT,,Mentor,,Boys,2014(U13),5 East,316
Shaker Heights Main Library (Main Library Field),8/23/26,Sun,6:30 PM,3209,Shaker Hts.   BLK,,Hudson   BOWM,,Girls,2012(U14/15),2,316
Shaker Heights Main Library (Main Library Field),8/28/26,Fri,6:30 PM,2612,Shaker Hts.   BLK,,Green,,Girls,2014(U13),1,316
Shaker Heights Main Library (Main Library Field),8/30/26,Sun,1:30 PM,5608,Shaker Hts.   BLK,,Bay Village   BW,,Boys,2014(U13),1,316
Shaker Heights Main Library (Main Library Field),8/30/26,Sun,4:00 PM,3220,Shaker Hts.   BLK,,Cloverleaf,,Girls,2012(U14/15),2,316
Shaker Heights Main Library (Main Library Field),8/30/26,Sun,6:00 PM,12907,Shaker Hts.   WHT,,Eastside Kickers,,Boys,2014(U13),5 East,316
Shaker Heights Main Library (Main Library Field),9/9/26,Wed,6:30 PM,2617,Shaker Hts.   BLK,,Mayfield   SS,,Girls,2014(U13),1,316
Shaker Heights Main Library (Main Library Field),9/13/26,Sun,11:30 AM,13320,Shaker Hts.   B/R,,Eastside Kickers,,Boys,2012(U14/15),4 East,316
Shaker Heights Main Library (Main Library Field),9/13/26,Sun,2:30 PM,2613,Shaker Hts.   BLK,,Bay Village   CA,,Girls,2014(U13),1,316
Shaker Heights Main Library (Main Library Field),9/13/26,Sun,4:00 PM,12517,Shaker Hts.   RED,,Riverside   JJ,,Boys,2014(U13),3 East,316
Shaker Heights Main Library (Main Library Field),9/20/26,Sun,6:00 PM,12521,Shaker Hts.   RED,,Hudson   PRIN,,Boys,2014(U13),3 East,316
Shaker Heights Main Library (Main Library Field),9/27/26,Sun,4:00 PM,13328,Shaker Hts.   B/R,,Geneva,,Boys,2012(U14/15),4 East,316
Shaker Heights Main Library (Main Library Field),10/11/26,Sun,10:00 AM,12530,Shaker Hts.   RED,,Nordonia,,Boys,2014(U13),3 East,316
Shaker Heights Main Library (Main Library Field),10/11/26,Sun,2:30 PM,2829,Shaker Hts.   RED,,Parma,,Girls,2014(U13),3,316
Shaker Heights Main Library (Main Library Field),10/11/26,Sun,4:00 PM,12916,Shaker Hts.   WHT,,North Royalton,,Boys,2014(U13),5 East,316
Shaker Heights Main Library (Main Library Field),10/11/26,Sun,5:30 PM,13329,Shaker Hts.   B/R,,Wickliffe,,Boys,2012(U14/15),4 East,316
Shaker Heights Main Library (Main Library Field),10/18/26,Sun,3:00 PM,2828,Shaker Hts.   RED,,Fairview Park,,Girls,2014(U13),3,316
Shaker Heights Main Library (Main Library Field),10/18/26,Sun,5:00 PM,5625,Shaker Hts.   BLK,,Hudson   SFER,,Boys,2014(U13),1,316
Shaker Heights Main Library (Main Library Field),10/25/26,Sun,11:30 AM,3240,Shaker Hts.   BLK,,Solon United,,Girls,2012(U14/15),2,316
Shaker Heights Main Library (Main Library Field),10/25/26,Sun,1:00 PM,2820,Shaker Hts.   RED,,Aurora,,Girls,2014(U13),3,316
Shaker Heights Main Library (Main Library Field),10/25/26,Sun,2:30 PM,5628,Shaker Hts.   BLK,,Chagrin Falls,,Boys,2014(U13),1,316
Shaker Heights Middle School (Lower Field (east end of school building)),8/25/26,Tue,6:30 PM,2810,Shaker Hts.   RED,,Strongsville   CL,,Girls,2014(U13),3,487
Shaker Heights Middle School (Lower Field (east end of school building)),8/27/26,Thu,6:30 PM,12512,Shaker Hts.   RED,,Riverside   KC,,Boys,2014(U13),3 East,487
Shaker Heights Middle School (Lower Field (east end of school building)),8/29/26,Sat,1:00 PM,13310,Shaker Hts.   B/R,,Aurora,,Boys,2012(U14/15),4 East,487
Shaker Heights Middle School (Lower Field (east end of school building)),9/18/26,Fri,6:00 PM,2619,Shaker Hts.   BLK,,Kenston,,Girls,2014(U13),1,487
Shaker Heights Middle School (Lower Field (east end of school building)),9/20/26,Sun,2:30 PM,12912,Shaker Hts.   WHT,,West Geauga,,Boys,2014(U13),5 East,487
Shaker Heights Middle School (Median Field (across Shaker Blvd from the school)),8/21/26,Fri,7:00 PM,5121,Shaker Hts.   BLK,,Lakewood   B14G,,Boys,2015(U12),1,487
Shaker Heights Middle School (Median Field (across Shaker Blvd from the school)),8/28/26,Fri,6:30 PM,12114,Shaker Hts.   WHT,,Nordonia,,Boys,2015(U12),4 East,487
Shaker Heights Middle School (Median Field (across Shaker Blvd from the school)),8/29/26,Sat,9:00 AM,8610,Shaker Hts.   RED,,Madison,,Girls,2015(U12),4 East,487
Shaker Heights Middle School (Median Field (across Shaker Blvd from the school)),8/29/26,Sat,10:30 AM,14609,Shaker Hts.   SLV,,Twinsburg   WHTE,,Boys,2016(U11),5 East EN,487
Shaker Heights Middle School (Median Field (across Shaker Blvd from the school)),8/29/26,Sat,1:00 PM,12312,Shaker Hts.   SLV,,Mantua,,Boys,2015(U12),5 East,487
Shaker Heights Middle School (Median Field (across Shaker Blvd from the school)),8/29/26,Sat,4:00 PM,11210,Shaker Hts.   RED,,Mentor,,Boys,2016(U11),3 East,487
Shaker Heights Middle School (Median Field (across Shaker Blvd from the school)),9/13/26,Sun,2:15 PM,8620,Shaker Hts.   RED,,Hudson   KENN,,Girls,2015(U12),4 East,487
Shaker Heights Middle School (Median Field (across Shaker Blvd from the school)),9/13/26,Sun,4:00 PM,12317,Shaker Hts.   SLV,,Solon United,,Boys,2015(U12),5 East,487
Shaker Heights Middle School (Median Field (across Shaker Blvd from the school)),9/13/26,Sun,5:30 PM,5117,Shaker Hts.   BLK,,Brunswick   RYL,,Boys,2015(U12),1,487
Shaker Heights Middle School (Median Field (across Shaker Blvd from the school)),9/19/26,Sat,1:00 PM,11618,Shaker Hts.   GLD,,Mantua,,Boys,2016(U11),5 East EV,487
Shaker Heights Middle School (Median Field (across Shaker Blvd from the school)),9/19/26,Sat,5:00 PM,12125,Shaker Hts.   WHT,,Stow   Gold,,Boys,2015(U12),4 East,487
Shaker Heights Middle School (Median Field (across Shaker Blvd from the school)),9/20/26,Sun,10:00 AM,11426,Shaker Hts.   WHT,,West Geauga,,Boys,2016(U11),4 East,487
Shaker Heights Middle School (Median Field (across Shaker Blvd from the school)),9/20/26,Sun,11:30 AM,14616,Shaker Hts.   SLV,,Westlake   LD,,Boys,2016(U11),5 East EN,487
Shaker Heights Middle School (Median Field (across Shaker Blvd from the school)),9/20/26,Sun,1:00 PM,12321,Shaker Hts.   SLV,,West Geauga,,Boys,2015(U12),5 East,487
Shaker Heights Middle School (Median Field (across Shaker Blvd from the school)),9/20/26,Sun,2:30 PM,12130,Shaker Hts.   WHT,,Eastside Kickers,,Boys,2015(U12),4 East,487
Shaker Heights Middle School (Median Field (across Shaker Blvd from the school)),9/27/26,Sun,9:30 AM,12134,Shaker Hts.   WHT,,Twinsburg,,Boys,2015(U12),4 East,487
Shaker Heights Middle School (Median Field (across Shaker Blvd from the school)),10/11/26,Sun,11:30 AM,11629,Shaker Hts.   GLD,,Willoughby,,Boys,2016(U11),5 East EV,487
Shaker Heights Middle School (Median Field (across Shaker Blvd from the school)),10/11/26,Sun,1:00 PM,12330,Shaker Hts.   SLV,,Eastlake,,Boys,2015(U12),5 East,487
Shaker Heights Middle School (Median Field (across Shaker Blvd from the school)),10/11/26,Sun,3:30 PM,11931,Shaker Hts.   RED,,Geauga Federation SC,,Boys,2015(U12),3 East,487
Shaker Heights Middle School (Median Field (across Shaker Blvd from the school)),10/18/26,Sun,10:00 AM,8208,Shaker Hts.   RED,,Chagrin Falls,,Girls,2016(U11),5 East,487
Shaker Heights Middle School (Median Field (across Shaker Blvd from the school)),10/18/26,Sun,1:00 PM,2218,Shaker Hts.   BLK,,Broadview Hts.,,Girls,2015(U12),2,487
Shaker Heights Middle School (Median Field (across Shaker Blvd from the school)),10/18/26,Sun,2:30 PM,7814,Shaker Hts.   BLK,,Orange,,Girls,2016(U11),3 East,487
Shaker Heights Middle School (Median Field (across Shaker Blvd from the school)),10/25/26,Sun,12:30 PM,5130,Shaker Hts.   BLK,,Bay Village   GE,,Boys,2015(U12),1,487
Sharon Community Park (Field 1: 11v11 - Front Field),8/16/26,Sun,11:30 AM,5702,Highland   NF2,,North Royalton,,Boys,2014(U13),2,199
Sharon Community Park (Field 1: 11v11 - Front Field),8/16/26,Sun,1:00 PM,6103,Highland   AS1,,Twinsburg   Blue,,Boys,2012(U14/15),1,199
Sharon Community Park (Field 1: 11v11 - Front Field),8/16/26,Sun,2:30 PM,2704,Highland   GP1,,Chagrin Falls,,Girls,2014(U13),2,199
Sharon Community Park (Field 1: 11v11 - Front Field),8/23/26,Sun,5:30 PM,2706,Highland   GP1,,Twinsburg,,Girls,2014(U13),2,199
Sharon Community Park (Field 1: 11v11 - Front Field),8/26/26,Wed,6:30 PM,5711,Highland   NF2,,Avon Lake,,Boys,2014(U13),2,199
Sharon Community Park (Field 1: 11v11 - Front Field),8/27/26,Thu,6:30 PM,3309,Highland   DE1,,Sandusky,,Girls,2012(U14/15),3,199
Sharon Community Park (Field 1: 11v11 - Front Field),8/30/26,Sun,11:30 AM,13615,Highland   CM2,,Barberton,,Boys,2012(U14/15),5 South,199
Sharon Community Park (Field 1: 11v11 - Front Field),8/30/26,Sun,1:00 PM,2714,Highland   GP1,,Jackson,,Girls,2014(U13),2,199
Sharon Community Park (Field 1: 11v11 - Front Field),8/30/26,Sun,4:00 PM,3313,Highland   DE1,,North Olmsted,,Girls,2012(U14/15),3,199
Sharon Community Park (Field 1: 11v11 - Front Field),9/11/26,Fri,6:30 PM,6108,Highland   AS1,,Norton,,Boys,2012(U14/15),1,199
Sharon Community Park (Field 1: 11v11 - Front Field),9/13/26,Sun,5:30 PM,5718,Highland   NF2,,Solon United,,Boys,2014(U13),2,199
Sharon Community Park (Field 1: 11v11 - Front Field),9/16/26,Wed,6:00 PM,3326,Highland   DE1,,Westlake   RR,,Girls,2012(U14/15),3,199
Sharon Community Park (Field 1: 11v11 - Front Field),9/20/26,Sun,2:30 PM,5722,Highland   NF2,,Akron Inner City,,Boys,2014(U13),2,199
Sharon Community Park (Field 1: 11v11 - Front Field),9/20/26,Sun,5:30 PM,13624,Highland   CM2,,Eagles Select   U14,,Boys,2012(U14/15),5 South,199
Sharon Community Park (Field 1: 11v11 - Front Field),9/27/26,Sun,2:30 PM,13626,Highland   CM2,,Buckeye,,Boys,2012(U14/15),5 South,199
Sharon Community Park (Field 1: 11v11 - Front Field),9/29/26,Tue,6:00 PM,2727,Highland   GP1,,Brunswick,,Girls,2014(U13),2,199
Sharon Community Park (Field 1: 11v11 - Front Field),10/11/26,Sun,1:00 PM,3331,Highland   DE1,,Chippewa,,Girls,2012(U14/15),3,199
Sharon Community Park (Field 1: 11v11 - Front Field),10/18/26,Sun,1:00 PM,13633,Highland   CM2,,Wadsworth   PET,,Boys,2012(U14/15),5 South,199
Sharon Community Park (Field 1: 11v11 - Front Field),10/18/26,Sun,2:30 PM,6125,Highland   AS1,,Olmsted Falls   Blue,,Boys,2012(U14/15),1,199
Sharon Community Park (Field 1: 11v11 - Front Field),10/25/26,Sun,2:30 PM,6128,Highland   AS1,,Olmsted Falls   Gold,,Boys,2012(U14/15),1,199
Sharon Community Park (Field 2: 9v9 - Middle Field),8/16/26,Sun,11:30 AM,8503,Highland   BD1,,New Philadelphia   KB,,Girls,2015(U12),3 South,199
Sharon Community Park (Field 2: 9v9 - Middle Field),8/16/26,Sun,2:30 PM,1602,Highland   EM2,,Avon,,Girls,2016(U11),1,199
Sharon Community Park (Field 2: 9v9 - Middle Field),8/16/26,Sun,4:00 PM,11801,Highland   KW1,,Broadview Hts.,,Boys,2016(U11),2 South,199
Sharon Community Park (Field 2: 9v9 - Middle Field),8/20/26,Thu,6:30 PM,11502,Highland   BB1,,Lake Select SC   U11,,Boys,2016(U11),4 South,199
Sharon Community Park (Field 2: 9v9 - Middle Field),8/23/26,Sun,11:30 AM,8505,Highland   BD1,,Strongsville   AS,,Girls,2015(U12),3 South,199
Sharon Community Park (Field 2: 9v9 - Middle Field),8/23/26,Sun,1:00 PM,11508,Highland   BB1,,Medina   11Wh,,Boys,2016(U11),4 South,199
Sharon Community Park (Field 2: 9v9 - Middle Field),8/23/26,Sun,4:00 PM,11805,Highland   KW1,,Independence,,Boys,2016(U11),2 South,199
Sharon Community Park (Field 2: 9v9 - Middle Field),8/23/26,Sun,5:30 PM,1604,Highland   EM2,,Green,,Girls,2016(U11),1,199
Sharon Community Park (Field 2: 9v9 - Middle Field),8/25/26,Tue,6:30 PM,12415,Highland   CM1,,Akron Inner City,,Boys,2015(U12),5 South,199
Sharon Community Park (Field 2: 9v9 - Middle Field),8/26/26,Wed,6:30 PM,8912,Highland   BM1,,Fairless,,Girls,2015(U12),5 South,199
Sharon Community Park (Field 2: 9v9 - Middle Field),8/30/26,Sun,2:30 PM,11816,Highland   KW1,,Wadsworth   GAR,,Boys,2016(U11),2 South,199
Sharon Community Park (Field 2: 9v9 - Middle Field),9/1/26,Tue,6:30 PM,12012,Highland   JC2,,Strongsville   EE-B,,Boys,2015(U12),3 South,199
Sharon Community Park (Field 2: 9v9 - Middle Field),9/3/26,Thu,6:30 PM,11539,Highland   BB1,,Wadsworth   DOL,,Boys,2016(U11),4 South,199
Sharon Community Park (Field 2: 9v9 - Middle Field),9/9/26,Wed,6:30 PM,12017,Highland   JC2,,Brecksville Bees SA,,Boys,2015(U12),3 South,199
Sharon Community Park (Field 2: 9v9 - Middle Field),9/11/26,Fri,6:00 PM,8522,Highland   BD1,,Brunswick   RYL,,Girls,2015(U12),3 South,199
Sharon Community Park (Field 2: 9v9 - Middle Field),9/13/26,Sun,10:00 AM,12421,Highland   CM1,,Revere   BLUE,,Boys,2015(U12),5 South,199
Sharon Community Park (Field 2: 9v9 - Middle Field),9/13/26,Sun,11:30 AM,11819,Highland   KW1,,Hudson   PRIN,,Boys,2016(U11),2 South,199
Sharon Community Park (Field 2: 9v9 - Middle Field),9/13/26,Sun,2:30 PM,11524,Highland   BB1,,Tallmadge,,Boys,2016(U11),4 South,199
Sharon Community Park (Field 2: 9v9 - Middle Field),9/13/26,Sun,5:30 PM,8923,Highland   BM1,,Dover,,Girls,2015(U12),5 South,199
Sharon Community Park (Field 2: 9v9 - Middle Field),9/15/26,Tue,6:30 PM,1623,Highland   EM2,,Medina   11GN,,Girls,2016(U11),1,199
Sharon Community Park (Field 2: 9v9 - Middle Field),9/20/26,Sun,1:00 PM,8928,Highland   BM1,,Lake Select SC   U12,,Girls,2015(U12),5 South,199
Sharon Community Park (Field 2: 9v9 - Middle Field),9/20/26,Sun,4:00 PM,12021,Highland   JC2,,Ashland,,Boys,2015(U12),3 South,199
Sharon Community Park (Field 2: 9v9 - Middle Field),9/21/26,Mon,6:30 PM,1617,Highland   EM2,,Stow   Mar,,Girls,2016(U11),1,199
Sharon Community Park (Field 2: 9v9 - Middle Field),9/27/26,Sun,2:30 PM,12431,Highland   CM1,,Buckeye,,Boys,2015(U12),5 South,199
Sharon Community Park (Field 2: 9v9 - Middle Field),10/11/26,Sun,11:30 AM,8936,Highland   BM1,,Eagles Select   U12,,Girls,2015(U12),5 South,199
Sharon Community Park (Field 2: 9v9 - Middle Field),10/11/26,Sun,2:30 PM,12438,Highland   CM1,,Eagles Select   U12,,Boys,2015(U12),5 South,199
Sharon Community Park (Field 2: 9v9 - Middle Field),10/11/26,Sun,5:30 PM,12030,Highland   JC2,,North Royalton,,Boys,2015(U12),3 South,199
Sharon Community Park (Field 2: 9v9 - Middle Field),10/18/26,Sun,1:00 PM,8514,Highland   BD1,,Columbia Station,,Girls,2015(U12),3 South,199
Sharon Community Park (Field 3: 7v7- Rear Field),8/16/26,Sun,5:30 PM,14904,Highland   AK1,,Wadsworth   PHA,,Girls,2018(U09),5 South EN,199
Sharon Community Park (Field 3: 7v7- Rear Field),8/17/26,Mon,6:30 PM,11103,Highland   KS2,,Tallmadge,,Boys,2017(U10),5 South EV,199
Sharon Community Park (Field 3: 7v7- Rear Field),8/23/26,Sun,11:30 AM,10205,Highland   SR1,,Brecksville Bees SA,,Boys,2018(U09),4 South EN,199
Sharon Community Park (Field 3: 7v7- Rear Field),8/23/26,Sun,1:00 PM,1006,Highland   KR1,,Norton,,Girls,2018(U09),5 South EV,199
Sharon Community Park (Field 3: 7v7- Rear Field),8/24/26,Mon,6:30 PM,9503,Highland   NN1,,Medina   8Gld,,Boys,2019(U08),South E,199
Sharon Community Park (Field 3: 7v7- Rear Field),8/27/26,Thu,6:30 PM,14014,Highland   JC1,,Wadsworth   BYE,,Boys,2018(U09),5 South EN,199
Sharon Community Park (Field 3: 7v7- Rear Field),8/30/26,Sun,1:00 PM,10216,Highland   SR1,,Cuyahoga Falls   DW,,Boys,2018(U09),4 South EN,199
Sharon Community Park (Field 3: 7v7- Rear Field),9/13/26,Sun,2:30 PM,9514,Highland   NN1,,Medina   8Blk,,Boys,2019(U08),South E,199
Sharon Community Park (Field 3: 7v7- Rear Field),9/13/26,Sun,4:00 PM,10219,Highland   SR1,,Medina   9Gld,,Boys,2018(U09),4 South EN,199
Sharon Community Park (Field 3: 7v7- Rear Field),9/27/26,Sun,1:00 PM,14034,Highland   JC1,,New Philadelphia   MV,,Boys,2018(U09),5 South EN,199
Sharon Community Park (Field 3: 7v7- Rear Field),9/27/26,Sun,2:30 PM,10028,Highland   KS1,,Norton,,Boys,2018(U09),3 South,199
Silver Springs Park (Silver Springs Park 11v11/ 9v9  (Field 2 - Far from Rd))),8/16/26,Sun,11:30 AM,13303,Stow   Mar,,Eastside Kickers,,Boys,2012(U14/15),4 East,176
Silver Springs Park (Silver Springs Park 11v11/ 9v9  (Field 2 - Far from Rd))),8/16/26,Sun,1:00 PM,5204,Stow   Mar,,Mayfield   MW,,Boys,2015(U12),2,176
Silver Springs Park (Silver Springs Park 11v11/ 9v9  (Field 2 - Far from Rd))),8/16/26,Sun,2:30 PM,1603,Stow   Mar,,North Royalton,,Girls,2016(U11),1,176
Silver Springs Park (Silver Springs Park 11v11/ 9v9  (Field 2 - Far from Rd))),8/19/26,Wed,6:00 PM,8402,Stow   Mar,,Cuyahoga Falls   GL,,Girls,2015(U12),3 East,176
Silver Springs Park (Silver Springs Park 11v11/ 9v9  (Field 2 - Far from Rd))),8/23/26,Sun,2:30 PM,1605,Stow   Mar,,Avon,,Girls,2016(U11),1,176
Silver Springs Park (Silver Springs Park 11v11/ 9v9  (Field 2 - Far from Rd))),8/23/26,Sun,4:00 PM,5206,Stow   Mar,,Broadview Hts.,,Boys,2015(U12),2,176
Silver Springs Park (Silver Springs Park 11v11/ 9v9  (Field 2 - Far from Rd))),8/23/26,Sun,5:30 PM,12107,Stow   Gold,,Euclid,,Boys,2015(U12),4 East,176
Silver Springs Park (Silver Springs Park 11v11/ 9v9  (Field 2 - Far from Rd))),8/24/26,Mon,6:30 PM,7906,Stow   Gold,,Medina   11WT,,Girls,2016(U11),3 South,176
Silver Springs Park (Silver Springs Park 11v11/ 9v9  (Field 2 - Far from Rd))),8/26/26,Wed,6:30 PM,5710,Stow   Mar,,North Olmsted,,Boys,2014(U13),2,176
Silver Springs Park (Silver Springs Park 11v11/ 9v9  (Field 2 - Far from Rd))),8/27/26,Thu,6:30 PM,11212,Stow   Mar,,Willoughby,,Boys,2016(U11),3 East,176
Silver Springs Park (Silver Springs Park 11v11/ 9v9  (Field 2 - Far from Rd))),8/30/26,Sun,4:00 PM,12119,Stow   Gold,,Twinsburg,,Boys,2015(U12),4 East,176
Silver Springs Park (Silver Springs Park 11v11/ 9v9  (Field 2 - Far from Rd))),8/31/26,Mon,6:30 PM,3112,Stow   Mar,,Brunswick,,Girls,2012(U14/15),1,176
Silver Springs Park (Silver Springs Park 11v11/ 9v9  (Field 2 - Far from Rd))),9/2/26,Wed,6:30 PM,7909,Stow   Gold,,Ashland,,Girls,2016(U11),3 South,176
Silver Springs Park (Silver Springs Park 11v11/ 9v9  (Field 2 - Far from Rd))),9/4/26,Fri,6:30 PM,3121,Stow   Mar,,Westlake   JD,,Girls,2012(U14/15),1,176
Silver Springs Park (Silver Springs Park 11v11/ 9v9  (Field 2 - Far from Rd))),9/13/26,Sun,1:00 PM,11217,Stow   Mar,,Riverside   BH,,Boys,2016(U11),3 East,176
Silver Springs Park (Silver Springs Park 11v11/ 9v9  (Field 2 - Far from Rd))),9/13/26,Sun,4:00 PM,1614,Stow   Mar,,Medina   11GN,,Girls,2016(U11),1,176
Silver Springs Park (Silver Springs Park 11v11/ 9v9  (Field 2 - Far from Rd))),9/18/26,Fri,6:00 PM,5227,Stow   Mar,,Medina   12Gr,,Boys,2015(U12),2,176
Silver Springs Park (Silver Springs Park 11v11/ 9v9  (Field 2 - Far from Rd))),9/20/26,Sun,1:00 PM,3118,Stow   Mar,,Bay Village   DR,,Girls,2012(U14/15),1,176
Silver Springs Park (Silver Springs Park 11v11/ 9v9  (Field 2 - Far from Rd))),9/20/26,Sun,4:00 PM,13324,Stow   Mar,,NP Aurora,,Boys,2012(U14/15),4 East,176
Silver Springs Park (Silver Springs Park 11v11/ 9v9  (Field 2 - Far from Rd))),9/20/26,Sun,5:30 PM,7916,Stow   Gold,,Northwest,,Girls,2016(U11),3 South,176
Silver Springs Park (Silver Springs Park 11v11/ 9v9  (Field 2 - Far from Rd))),9/27/26,Sun,1:00 PM,12132,Stow   Gold,,Madison,,Boys,2015(U12),4 East,176
Silver Springs Park (Silver Springs Park 11v11/ 9v9  (Field 2 - Far from Rd))),9/27/26,Sun,2:30 PM,11434,Stow   Gold,,West Geauga,,Boys,2016(U11),4 East,176
Silver Springs Park (Silver Springs Park 11v11/ 9v9  (Field 2 - Far from Rd))),9/27/26,Sun,5:30 PM,13325,Stow   Mar,,Aurora,,Boys,2012(U14/15),4 East,176
Silver Springs Park (Silver Springs Park 11v11/ 9v9  (Field 2 - Far from Rd))),9/28/26,Mon,6:30 PM,3108,Stow   Mar,,Brecksville Bees SA,,Girls,2012(U14/15),1,176
Silver Springs Park (Silver Springs Park 11v11/ 9v9  (Field 2 - Far from Rd))),9/30/26,Wed,6:00 PM,1622,Stow   Mar,,Green,,Girls,2016(U11),1,176
Silver Springs Park (Silver Springs Park 11v11/ 9v9  (Field 2 - Far from Rd))),10/7/26,Wed,6:00 PM,7911,Stow   Gold,,Copley,,Girls,2016(U11),3 South,176
Silver Springs Park (Silver Springs Park 11v11/ 9v9  (Field 2 - Far from Rd))),10/8/26,Thu,6:00 PM,8404,Stow   Mar,,Independence,,Girls,2015(U12),3 East,176
Silver Springs Park (Silver Springs Park 11v11/ 9v9  (Field 2 - Far from Rd))),10/11/26,Sun,11:30 AM,8423,Stow   Mar,,Twinsburg   Blue,,Girls,2015(U12),3 East,176
Silver Springs Park (Silver Springs Park 11v11/ 9v9  (Field 2 - Far from Rd))),10/11/26,Sun,1:00 PM,11230,Stow   Mar,,Kenston,,Boys,2016(U11),3 East,176
Silver Springs Park (Silver Springs Park 11v11/ 9v9  (Field 2 - Far from Rd))),10/11/26,Sun,4:00 PM,11438,Stow   Gold,,Streetsboro,,Boys,2016(U11),4 East,176
Silver Springs Park (Silver Springs Park 11v11/ 9v9  (Field 2 - Far from Rd))),10/17/26,Sat,2:30 PM,5729,Stow   Mar,,Akron Inner City,,Boys,2014(U13),2,176
Silver Springs Park (Silver Springs Park 11v11/ 9v9  (Field 2 - Far from Rd))),10/18/26,Sun,1:00 PM,5216,Stow   Mar,,Revere   RED,,Boys,2015(U12),2,176
Silver Springs Park (Silver Springs Park 11v11/ 9v9  (Field 2 - Far from Rd))),10/25/26,Sun,11:30 AM,5728,Stow   Mar,,Highland   NF2,,Boys,2014(U13),2,176
Silver Springs Park (Silver Springs Park 11v11/9v9 (Field 1 Close to Road)),8/23/26,Sun,1:00 PM,13307,Stow   Mar,,Shaker Hts.   B/R,,Boys,2012(U14/15),4 East,176
Silver Springs Park (Silver Springs Park 11v11/9v9 (Field 1 Close to Road)),9/13/26,Sun,4:00 PM,11423,Stow   Gold,,Kent   GD,,Boys,2016(U11),4 East,176
Silver Springs Park (Silver Springs Park 11v11/9v9 (Field 1 Close to Road)),9/20/26,Sun,11:30 AM,11221,Stow   Mar,,Shaker Hts.   RED,,Boys,2016(U11),3 East,176
Silver Springs Park (Silver Springs Park 11v11/9v9 (Field 1 Close to Road)),9/20/26,Sun,2:30 PM,12126,Stow   Gold,,Wickliffe,,Boys,2015(U12),4 East,176
Silver Springs Park (Silver Springs Park 11v11/9v9 (Field 1 Close to Road)),9/20/26,Sun,4:00 PM,11429,Stow   Gold,,Geneva,,Boys,2016(U11),4 East,176
Silver Springs Park (Silver Springs Park 11v11/9v9 (Field 1 Close to Road)),9/20/26,Sun,5:30 PM,8417,Stow   Mar,,Kenston,,Girls,2015(U12),3 East,176
Silver Springs Park (Silver Springs Park 11v11/9v9 (Field 1 Close to Road)),10/18/26,Sun,1:00 PM,5720,Stow   Mar,,Geauga Federation SC,,Boys,2014(U13),2,176
Sofios Park (Field #6  7v7),8/25/26,Tue,6:30 PM,4413,Norwalk HCYSC,,Amherst,,Boys,2017(U10),4 West,323
Sofios Park (Field #6  7v7),8/30/26,Sun,1:00 PM,4418,Norwalk HCYSC,,Fairview Park,,Boys,2017(U10),4 West,323
Sofios Park (Field #6  7v7),8/30/26,Sun,2:30 PM,1514,Norwalk HCYSC,,Westlake   JG,,Girls,2017(U10),5 West,323
Sofios Park (Field #6  7v7),9/12/26,Sat,2:30 PM,1504,Norwalk HCYSC,,Rocky River   GRY,,Girls,2017(U10),5 West,323
Sofios Park (Field #6  7v7),9/20/26,Sun,2:30 PM,4429,Norwalk HCYSC,,North Olmsted,,Boys,2017(U10),4 West,323
Sofios Park (Field #6  7v7),9/27/26,Sun,1:00 PM,4435,Norwalk HCYSC,,Avon,,Boys,2017(U10),4 West,323
Sofios Park (Field #6  7v7),9/27/26,Sun,2:30 PM,1527,Norwalk HCYSC,,North Olmsted,,Girls,2017(U10),5 West,323
Sofios Park (Field #6  7v7),10/8/26,Thu,6:30 PM,1506,Norwalk HCYSC,,Avon,,Girls,2017(U10),5 West,323
Sofios Park (Field #7 9v9),8/16/26,Sun,4:00 PM,5502,Norwalk HCYSC,,Lakewood   B14B,,Boys,2015(U12),5 West,323
Sofios Park (Field #7 9v9),8/23/26,Sun,1:00 PM,4905,Norwalk HCYSC,,Amherst,,Boys,2016(U11),4 West,323
Sofios Park (Field #7 9v9),8/26/26,Wed,6:30 PM,5511,Norwalk HCYSC,,Rocky River   GRY,,Boys,2015(U12),5 West,323
Sofios Park (Field #7 9v9),8/30/26,Sun,4:00 PM,4916,Norwalk HCYSC,,Brunswick   WHT,,Boys,2016(U11),4 West,323
Sofios Park (Field #7 9v9),9/2/26,Wed,6:00 PM,4901,Norwalk HCYSC,,LaGrange,,Boys,2016(U11),4 West,323
Sofios Park (Field #7 9v9),9/13/26,Sun,1:00 PM,5518,Norwalk HCYSC,,Avon,,Boys,2015(U12),5 West,323
Sofios Park (Field #7 9v9),9/13/26,Sun,2:30 PM,4919,Norwalk HCYSC,,Fairview Park,,Boys,2016(U11),4 West,323
Sofios Park (Field #7 9v9),9/20/26,Sun,5:30 PM,5522,Norwalk HCYSC,,Port Clinton,,Boys,2015(U12),5 West,323
Solon Community Park (7v7),8/23/26,Sun,2:30 PM,11007,Solon United,,Kenston   WT,,Boys,2017(U10),5 East,47
Solon Community Park (7v7),8/23/26,Sun,5:30 PM,10606,Solon United,,Geauga Federation SC,,Boys,2017(U10),3 East,47
Solon Community Park (7v7),8/30/26,Sun,1:00 PM,11019,Solon United,,Nordonia,,Boys,2017(U10),5 East,47
Solon Community Park (7v7),8/30/26,Sun,4:00 PM,10611,Solon United,,Shaker Hts.   RED,,Boys,2017(U10),3 East,47
Solon Community Park (7v7),8/30/26,Sun,5:30 PM,4112,Solon United,,Mayfield   KHA,,Boys,2017(U10),1,47
Solon Community Park (7v7),9/2/26,Wed,6:30 PM,10609,Solon United,,Riverside   JA,,Boys,2017(U10),3 East,47
Solon Community Park (7v7),9/9/26,Wed,6:30 PM,9907,Solon United,,Hudson   SATW,,Boys,2018(U09),3 East,47
Solon Community Park (7v7),9/11/26,Fri,6:30 PM,4118,Solon United,,Avon,,Boys,2017(U10),1,47
Solon Community Park (7v7),9/20/26,Sun,2:30 PM,10616,Solon United,,Kenston   BL,,Boys,2017(U10),3 East,47
Solon Community Park (7v7),9/20/26,Sun,5:00 PM,11026,Solon United,,Mantua,,Boys,2017(U10),5 East,47
Solon Community Park (7v7),9/23/26,Wed,6:00 PM,9913,Solon United,,Geauga Federation SC,,Boys,2018(U09),3 East,47
Solon Community Park (7v7),9/27/26,Sun,1:00 PM,4121,Solon United,,Green,,Boys,2017(U10),1,47
Solon Community Park (7v7),9/27/26,Sun,2:30 PM,9919,Solon United,,Eastside Kickers,,Boys,2018(U09),3 East,47
Solon Community Park (7v7),10/18/26,Sun,1:00 PM,9901,Solon United,,Mayfield   SR,,Boys,2018(U09),3 East,47
Solon Community Park (7v7),10/18/26,Sun,2:30 PM,4108,Solon United,,Bay Village   BK,,Boys,2017(U10),1,47
Solon Community Park (9v9),8/16/26,Sun,1:00 PM,12304,Solon United,,Aurora,,Boys,2015(U12),5 East,47
Solon Community Park (9v9),8/16/26,Sun,5:30 PM,11402,Solon United,,West Geauga,,Boys,2016(U11),4 East,47
Southside Community Park (11v11) (SSCP - 11v11),8/26/26,Wed,6:30 PM,12808,New Philadelphia   TZ,,North Canton,,Boys,2014(U13),4 South,772
Southside Community Park (11v11) (SSCP - 11v11),8/30/26,Sun,4:00 PM,12812,New Philadelphia   TZ,,Northwest,,Boys,2014(U13),4 South,772
Southside Community Park (11v11) (SSCP - 11v11),9/20/26,Sun,4:00 PM,12818,New Philadelphia   TZ,,Cloverleaf,,Boys,2014(U13),4 South,772
Southside Community Park (11v11) (SSCP - 11v11),9/27/26,Sun,1:00 PM,12821,New Philadelphia   TZ,,Perry (Stark),,Boys,2014(U13),4 South,772
Spire Institute (Indoor Full Field - Field Turf),8/16/26,Sun,5:00 PM,11401,Geneva,,Chagrin Falls,,Boys,2016(U11),4 East,224
Spire Institute (Indoor Full Field - Field Turf),9/13/26,Sun,4:00 PM,11422,Geneva,,Hudson   CORV,,Boys,2016(U11),4 East,224
Spire Institute (Indoor Full Field - Field Turf),9/27/26,Sun,2:30 PM,11431,Geneva,,Shaker Hts.   WHT,,Boys,2016(U11),4 East,224
Spire Institute (Indoor Partial Field - Field Turf),8/30/26,Sun,2:30 PM,11016,Geneva,,Stow   Gray,,Boys,2017(U10),5 East,224
Spire Institute (Outdoor Turf Stadium ),8/16/26,Sun,1:00 PM,13302,Geneva,,Mentor,,Boys,2012(U14/15),4 East,224
Spire Institute (Outdoor Turf Stadium ),8/26/26,Wed,6:30 PM,12509,Geneva,,NP Aurora,,Boys,2014(U13),3 East,224
Spire Institute (Outdoor Turf Stadium ),9/13/26,Sun,1:00 PM,13318,Geneva,,Stow   Mar,,Boys,2012(U14/15),4 East,224
Spire Institute (Outdoor Turf Stadium ),9/20/26,Sun,3:00 PM,13322,Geneva,,Wickliffe,,Boys,2012(U14/15),4 East,224
Spire Institute (Outdoor Turf Stadium ),9/27/26,Sun,1:00 PM,12526,Geneva,,Shaker Hts.   RED,,Boys,2014(U13),3 East,224
Spire Institute (Outdoor Turf Stadium ),10/11/26,Sun,2:30 PM,12531,Geneva,,Riverside   KC,,Boys,2014(U13),3 East,224
Spire Institute (Track and Field Buildling Indoor Turf Field),8/16/26,Sun,1:00 PM,11004,Geneva,,Willoughby,,Boys,2017(U10),5 East,224
Spire Institute (Track and Field Buildling Indoor Turf Field),8/16/26,Sun,2:30 PM,10401,Geneva,,Kenston   SK,,Boys,2018(U09),5 East EN,224
Spire Institute (Track and Field Buildling Indoor Turf Field),8/23/26,Sun,10:00 AM,11006,Geneva,,Shaker Hts.   GLD,,Boys,2017(U10),5 East,224
Spire Institute (Track and Field Buildling Indoor Turf Field),9/13/26,Sun,11:00 AM,1420,Geneva,,Aurora,,Girls,2017(U10),4 East,224
Spire Institute (Track and Field Buildling Indoor Turf Field),9/20/26,Sun,1:00 PM,11027,Geneva,,Nordonia,,Boys,2017(U10),5 East,224
Spire Institute (Track and Field Buildling Indoor Turf Field),9/20/26,Sun,2:30 PM,10433,Geneva,,Wickliffe,,Boys,2018(U09),5 East EN,224
Spire Institute (Track and Field Buildling Indoor Turf Field),9/27/26,Sun,1:00 PM,1428,Geneva,,Orange,,Girls,2017(U10),4 East,224
Spire Institute (Track and Field Buildling Indoor Turf Field),9/27/26,Sun,2:30 PM,10439,Geneva,,Streetsboro,,Boys,2018(U09),5 East EN,224
Spire Institute (Track and Field Buildling Indoor Turf Field),9/29/26,Tue,6:30 PM,10444,Geneva,,Euclid,,Boys,2018(U09),5 East EN,224
Spire Institute (Track and Field Buildling Indoor Turf Field),10/11/26,Sun,1:00 PM,1429,Geneva,,Eastside Kickers,,Girls,2017(U10),4 East,224
Spire Institute (Track and Field Buildling Indoor Turf Field),10/18/26,Sun,1:00 PM,1410,Geneva,,Independence,,Girls,2017(U10),4 East,224
Sports Force Parks (11v11 Field 1),8/16/26,Sun,4:00 PM,3301,Sandusky,,Strongsville   GS,,Girls,2012(U14/15),3,483
Sports Force Parks (11v11 Field 1),8/23/26,Sun,5:30 PM,3305,Sandusky,,Westlake   RR,,Girls,2012(U14/15),3,483
Sports Force Parks (11v11 Field 1),8/30/26,Sun,11:30 AM,3316,Sandusky,,Chippewa,,Girls,2012(U14/15),3,483
Sports Force Parks (11v11 Field 1),8/30/26,Sun,5:30 PM,6318,Sandusky,,Amherst,,Boys,2012(U14/15),3 West,483
Sports Force Parks (11v11 Field 1),9/1/26,Tue,6:30 PM,6005,Sandusky,,Vermilion,,Boys,2014(U13),5 West,483
Sports Force Parks (11v11 Field 1),9/13/26,Sun,1:00 PM,6009,Sandusky,,Oberlin,,Boys,2014(U13),5 West,483
Sports Force Parks (11v11 Field 1),9/13/26,Sun,5:30 PM,3319,Sandusky,,Parma,,Girls,2012(U14/15),3,483
Sports Force Parks (11v11 Field 1),9/20/26,Sun,10:30 AM,6329,Sandusky,,Bay Village   MM,,Boys,2012(U14/15),3 West,483
Sports Force Parks (11v11 Field 1),9/24/26,Thu,6:30 PM,6335,Sandusky,,Avon Lake,,Boys,2012(U14/15),3 West,483
Sports Force Parks (11v11 Field 1),9/27/26,Sun,2:30 PM,6013,Sandusky,,Avon,,Boys,2014(U13),5 West,483
Sports Force Parks (11v11 Field 1),10/18/26,Sun,1:00 PM,6313,Sandusky,,Lakewood   B12G,,Boys,2012(U14/15),3 West,483
Sports Force Parks (11v11 Field 1),10/18/26,Sun,2:30 PM,6017,Sandusky,,North Ridgeville,,Boys,2014(U13),5 West,483
Sports Force Parks (7v7 Field 7A),8/16/26,Sun,11:30 AM,4304,Sandusky,,Port Clinton   RED,,Boys,2017(U10),3 West,483
Sports Force Parks (7v7 Field 7A),8/16/26,Sun,1:00 PM,13901,Sandusky,,North Ridgeville,,Boys,2018(U09),5 West EN,483
Sports Force Parks (7v7 Field 7A),8/16/26,Sun,2:30 PM,13701,Sandusky,,Westlake   SB,,Boys,2018(U09),4 West EV,483
Sports Force Parks (7v7 Field 7A),8/16/26,Sun,4:00 PM,1502,Sandusky,,Midview,,Girls,2017(U10),5 West,483
Sports Force Parks (7v7 Field 7A),8/23/26,Sun,1:00 PM,4306,Sandusky,,Amherst,,Boys,2017(U10),3 West,483
Sports Force Parks (7v7 Field 7A),8/23/26,Sun,2:30 PM,13905,Sandusky,,Fairview Park,,Boys,2018(U09),5 West EN,483
Sports Force Parks (7v7 Field 7A),8/25/26,Tue,6:30 PM,13707,Sandusky,,Avon Lake,,Boys,2018(U09),4 West EV,483
Sports Force Parks (7v7 Field 7A),8/26/26,Wed,6:30 PM,1511,Sandusky,,Norwalk HCYSC,,Girls,2017(U10),5 West,483
Sports Force Parks (7v7 Field 7A),8/30/26,Sun,1:00 PM,4314,Sandusky,,Lakewood   B16P,,Boys,2017(U10),3 West,483
Sports Force Parks (7v7 Field 7A),8/30/26,Sun,2:30 PM,13916,Sandusky,,Olmsted Falls   Gold,,Boys,2018(U09),5 West EN,483
Sports Force Parks (7v7 Field 7A),9/13/26,Sun,11:30 AM,4523,Sandusky,,Bay Village   AF,,Boys,2017(U10),5 West,483
Sports Force Parks (7v7 Field 7A),9/13/26,Sun,1:00 PM,13919,Sandusky,,Rocky River   GLD,,Boys,2018(U09),5 West EN,483
Sports Force Parks (7v7 Field 7A),9/13/26,Sun,2:30 PM,13713,Sandusky,,Firelands,,Boys,2018(U09),4 West EV,483
Sports Force Parks (7v7 Field 7A),9/13/26,Sun,4:00 PM,1518,Sandusky,,Avon Lake,,Girls,2017(U10),5 West,483
Sports Force Parks (7v7 Field 7A),9/20/26,Sun,1:00 PM,4528,Sandusky,,Brunswick   BLK,,Boys,2017(U10),5 West,483
Sports Force Parks (7v7 Field 7A),9/20/26,Sun,2:30 PM,1522,Sandusky,,North Olmsted,,Girls,2017(U10),5 West,483
Sports Force Parks (7v7 Field 7A),9/27/26,Sun,4:00 PM,13719,Sandusky,,Bay Village   JK,,Boys,2018(U09),4 West EV,483
Sports Force Parks (7v7 Field 7A),10/11/26,Sun,2:30 PM,4536,Sandusky,,Rocky River   WHT,,Boys,2017(U10),5 West,483
Sports Force Parks (7v7 Field 7A),10/18/26,Sun,1:00 PM,4512,Sandusky,,Parma,,Boys,2017(U10),5 West,483
Sports Force Parks (7v7 Field 7A),10/18/26,Sun,4:00 PM,4327,Sandusky,,Bay Village   JH,,Boys,2017(U10),3 West,483
Sports Force Parks (9v9 Field 7B),8/16/26,Sun,1:00 PM,5301,Sandusky,,Rocky River   MRN,,Boys,2015(U12),3 West,483
Sports Force Parks (9v9 Field 7B),8/16/26,Sun,5:30 PM,2401,Sandusky,,Vermilion,,Girls,2015(U12),4 West,483
Sports Force Parks (9v9 Field 7B),8/23/26,Sun,11:30 AM,2405,Sandusky,,North Olmsted,,Girls,2015(U12),4 West,483
Sports Force Parks (9v9 Field 7B),8/23/26,Sun,4:00 PM,4808,Sandusky,,Bay Village   AS,,Boys,2016(U11),3,483
Sports Force Parks (9v9 Field 7B),8/26/26,Wed,6:30 PM,5307,Sandusky,,Olmsted Falls   Blue,,Boys,2015(U12),3 West,483
Sports Force Parks (9v9 Field 7B),8/28/26,Fri,6:30 PM,4802,Sandusky,,Columbia Station,,Boys,2016(U11),3,483
Sports Force Parks (9v9 Field 7B),8/30/26,Sun,4:00 PM,5018,Sandusky,,Fairview Park,,Boys,2016(U11),5 West,483
Sports Force Parks (9v9 Field 7B),9/12/26,Sat,11:00 AM,5013,Sandusky,,TUSA,,Boys,2016(U11),5 West,483
Sports Force Parks (9v9 Field 7B),9/12/26,Sat,1:00 PM,2420,Sandusky,,Rocky River   WHT,,Girls,2015(U12),4 West,483
Sports Force Parks (9v9 Field 7B),9/13/26,Sun,2:30 PM,5313,Sandusky,,Amherst,,Boys,2015(U12),3 West,483
Sports Force Parks (9v9 Field 7B),9/13/26,Sun,5:30 PM,4824,Sandusky,,Avon Lake,,Boys,2016(U11),3,483
Sports Force Parks (9v9 Field 7B),9/20/26,Sun,4:00 PM,5029,Sandusky,,Midview   JL,,Boys,2016(U11),5 West,483
Sports Force Parks (9v9 Field 7B),9/27/26,Sun,4:00 PM,5035,Sandusky,,Midview   TJ,,Boys,2016(U11),5 West,483
Sports Force Parks (9v9 Field 7B),10/10/26,Sat,2:30 PM,2422,Sandusky,,North Royalton,,Girls,2015(U12),4 West,483
Sports Force Parks (9v9 Field 7B),10/18/26,Sun,11:00 AM,4839,Sandusky,,Revere,,Boys,2016(U11),3,483
Sports Force Parks (9v9 Field 7B),10/18/26,Sun,2:30 PM,5319,Sandusky,,Westlake   TM,,Boys,2015(U12),3 West,483
Spring Hill Sports Complex (Field 111),8/16/26,Sun,5:00 PM,1601,Green,,Medina   11GN,,Girls,2016(U11),1,162
Spring Hill Sports Complex (Field 111),8/23/26,Sun,1:00 PM,8106,Green,,Akron Inner City,,Girls,2016(U11),4 South,162
Spring Hill Sports Complex (Field 111),8/26/26,Wed,6:30 PM,1607,Green,,Stow   Mar,,Girls,2016(U11),1,162
Spring Hill Sports Complex (Field 111),9/27/26,Sun,1:30 PM,2237,Green,,Hudson   SFER,,Girls,2015(U12),2,162
Spring Hill Sports Complex (Field 111),9/27/26,Sun,2:30 PM,8932,Green,,Copley,,Girls,2015(U12),5 South,162
Spring Hill Sports Complex (Field 111),10/25/26,Sun,1:00 PM,1613,Green,,North Royalton,,Girls,2016(U11),1,162
Spring Hill Sports Complex (Field 112),8/16/26,Sun,4:00 PM,8104,Green,,Perry (Stark),,Girls,2016(U11),4 South,162
Spring Hill Sports Complex (Field 112),8/16/26,Sun,5:30 PM,14701,Green,,Canfield,,Boys,2015(U12),4 South EN,162
Spring Hill Sports Complex (Field 112),8/19/26,Wed,6:30 PM,11504,Green,,Northwest,,Boys,2016(U11),4 South,162
Spring Hill Sports Complex (Field 112),8/23/26,Sun,1:00 PM,11506,Green,,Cuyahoga Falls   JH11,,Boys,2016(U11),4 South,162
Spring Hill Sports Complex (Field 112),8/23/26,Sun,2:30 PM,1707,Green,,Westlake   PD,,Girls,2016(U11),2,162
Spring Hill Sports Complex (Field 112),8/23/26,Sun,5:30 PM,8907,Green,,Highland   BM1,,Girls,2015(U12),5 South,162
Spring Hill Sports Complex (Field 112),8/25/26,Tue,6:30 PM,5215,Green,,Stow   Mar,,Boys,2015(U12),2,162
Spring Hill Sports Complex (Field 112),8/26/26,Wed,6:30 PM,14707,Green,,Tallmadge,,Boys,2015(U12),4 South EN,162
Spring Hill Sports Complex (Field 112),8/27/26,Thu,6:30 PM,4611,Green,,Solon United,,Boys,2016(U11),1,162
Spring Hill Sports Complex (Field 112),8/30/26,Sun,11:30 AM,8919,Green,,Fairless,,Girls,2015(U12),5 South,162
Spring Hill Sports Complex (Field 112),8/30/26,Sun,1:00 PM,8114,Green,,Dover   TM,,Girls,2016(U11),4 South,162
Spring Hill Sports Complex (Field 112),8/30/26,Sun,2:30 PM,1719,Green,,Rocky River   MRN,,Girls,2016(U11),2,162
Spring Hill Sports Complex (Field 112),8/30/26,Sun,4:00 PM,11516,Green,,Medina   11Wh,,Boys,2016(U11),4 South,162
Spring Hill Sports Complex (Field 112),9/2/26,Wed,6:30 PM,4602,Green,,Medina   11Gr,,Boys,2016(U11),1,162
Spring Hill Sports Complex (Field 112),9/8/26,Tue,6:15 PM,2207,Green,,Hudson   BATS,,Girls,2015(U12),2,162
Spring Hill Sports Complex (Field 112),9/18/26,Fri,6:30 PM,4618,Green,,North Canton,,Boys,2016(U11),1,162
Spring Hill Sports Complex (Field 112),9/20/26,Sun,11:30 AM,2231,Green,,Mayfield   KHO,,Girls,2015(U12),2,162
Spring Hill Sports Complex (Field 112),9/20/26,Sun,1:00 PM,4622,Green,,Aurora,,Boys,2016(U11),1,162
Spring Hill Sports Complex (Field 112),9/20/26,Sun,2:30 PM,1726,Green,,Brunswick,,Girls,2016(U11),2,162
Spring Hill Sports Complex (Field 112),9/20/26,Sun,5:30 PM,8926,Green,,Northwest,,Girls,2015(U12),5 South,162
Spring Hill Sports Complex (Field 112),9/23/26,Wed,6:30 PM,11527,Green,,Highland   BB1,,Boys,2016(U11),4 South,162
Spring Hill Sports Complex (Field 112),9/27/26,Sun,1:00 PM,1732,Green,,Avon Lake,,Girls,2016(U11),2,162
Spring Hill Sports Complex (Field 112),9/27/26,Sun,2:30 PM,1619,Green,,Highland   EM2,,Girls,2016(U11),1,162
Spring Hill Sports Complex (Field 112),9/27/26,Sun,4:00 PM,8127,Green,,Revere,,Girls,2016(U11),4 South,162
Spring Hill Sports Complex (Field 112),9/27/26,Sun,5:30 PM,5231,Green,,Ashland,,Boys,2015(U12),2,162
Spring Hill Sports Complex (Field 112),10/11/26,Sun,10:00 AM,5238,Green,,Westlake   EL,,Boys,2015(U12),2,162
Spring Hill Sports Complex (Field 112),10/17/26,Sat,1:30 PM,14719,Green,,Rootstown,,Boys,2015(U12),4 South EN,162
Spring Hill Sports Complex (Field 112),10/18/26,Sun,2:30 PM,14713,Green,,Kent   ER,,Boys,2015(U12),4 South EN,162
Spring Hill Sports Complex (Field 112),10/18/26,Sun,6:00 PM,2225,Green,,Midview,,Girls,2015(U12),2,162
Spring Hill Sports Complex (Field 112),10/25/26,Sun,1:00 PM,5221,Green,,Mayfield   MW,,Boys,2015(U12),2,162
Spring Hill Sports Complex (Field 113),8/16/26,Sun,1:00 PM,9404,Green,,PLX United,,Girls,2012(U14/15),5 South,162
Spring Hill Sports Complex (Field 113),8/16/26,Sun,6:30 PM,2601,Green,,North Royalton,,Girls,2014(U13),1,162
Spring Hill Sports Complex (Field 113),8/23/26,Sun,11:30 AM,9406,Green,,Manchester,,Girls,2012(U14/15),5 South,162
Spring Hill Sports Complex (Field 113),8/23/26,Sun,3:00 PM,2605,Green,,Kenston,,Girls,2014(U13),1,162
Spring Hill Sports Complex (Field 113),8/30/26,Sun,2:30 PM,9414,Green,,Cuyahoga Falls   EK,,Girls,2012(U14/15),5 South,162
Spring Hill Sports Complex (Field 113),8/30/26,Sun,5:30 PM,3219,Green,,Medina   14GN,,Girls,2012(U14/15),2,162
Spring Hill Sports Complex (Field 113),9/20/26,Sun,2:30 PM,3226,Green,,Shaker Hts.   BLK,,Girls,2012(U14/15),2,162
Spring Hill Sports Complex (Field 113),9/27/26,Sun,11:30 AM,3232,Green,,Rocky River   MRN,,Girls,2012(U14/15),2,162
Spring Hill Sports Complex (Field 113),9/27/26,Sun,4:00 PM,2620,Green,,Bay Village   CA,,Girls,2014(U13),1,162
Spring Hill Sports Complex (Field 113),9/27/26,Sun,5:30 PM,9427,Green,,Lake Select SC   U14,,Girls,2012(U14/15),5 South,162
Spring Hill Sports Complex (Field 113),10/11/26,Sun,1:00 PM,2622,Green,,Medina   13GN,,Girls,2014(U13),1,162
Spring Hill Sports Complex (Field 114),8/16/26,Sun,11:30 AM,14804,Green,,Broadview Hts.,,Boys,2012(U14/15),2 East,162
Spring Hill Sports Complex (Field 114),8/17/26,Mon,6:30 PM,5604,Green,,Solon United,,Boys,2014(U13),1,162
Spring Hill Sports Complex (Field 114),8/23/26,Sun,4:00 PM,3207,Green,,Cloverleaf,,Girls,2012(U14/15),2,162
Spring Hill Sports Complex (Field 114),8/23/26,Sun,5:30 PM,14806,Green,,Chagrin Falls,,Boys,2012(U14/15),2 East,162
Spring Hill Sports Complex (Field 114),8/25/26,Tue,6:30 PM,13410,Green,,North Ridgeville,,Boys,2012(U14/15),4 South,162
Spring Hill Sports Complex (Field 114),8/30/26,Sun,5:30 PM,14814,Green,,West Geauga,,Boys,2012(U14/15),2 East,162
Spring Hill Sports Complex (Field 114),9/9/26,Wed,6:30 PM,5609,Green,,Medina   13Gr,,Boys,2014(U13),1,162
Spring Hill Sports Complex (Field 114),9/17/26,Thu,6:30 PM,14827,Green,,Warren,,Boys,2012(U14/15),2 East,162
Spring Hill Sports Complex (Field 114),9/27/26,Sun,10:30 AM,5627,Green,,Bay Village   BW,,Boys,2014(U13),1,162
Spring Hill Sports Complex (Field 114),9/27/26,Sun,2:30 PM,13428,Green,,Cloverleaf,,Boys,2012(U14/15),4 South,162
Spring Hill Sports Complex (Field 114),10/11/26,Sun,11:30 AM,13429,Green,,Tallmadge,,Boys,2012(U14/15),4 South,162
Spring Hill Sports Complex (Field 114),10/11/26,Sun,4:00 PM,5624,Green,,Shaker Hts.   BLK,,Boys,2014(U13),1,162
Spring Hill Sports Complex (Field 114),10/18/26,Sun,11:30 AM,13420,Green,,Northwest,,Boys,2012(U14/15),4 South,162
"St John Medical Center Fields (Field #1 - 7v7 (west, near Crocker Rd.))",8/16/26,Sun,11:30 AM,3901,Westlake   TB,,Bay Village   SE,,Boys,2018(U09),4 West EN,247
"St John Medical Center Fields (Field #1 - 7v7 (west, near Crocker Rd.))",8/16/26,Sun,1:00 PM,6602,Westlake   RG,,Westlake   HH,,Girls,2019(U08),West E,247
"St John Medical Center Fields (Field #1 - 7v7 (west, near Crocker Rd.))",8/16/26,Sun,4:00 PM,3801,Westlake   EL,,Rocky River   MRN,,Boys,2018(U09),3 West,247
"St John Medical Center Fields (Field #1 - 7v7 (west, near Crocker Rd.))",8/16/26,Sun,5:30 PM,7204,Westlake   KP,,Rocky River   GLD,,Girls,2018(U09),5 West,247
"St John Medical Center Fields (Field #1 - 7v7 (west, near Crocker Rd.))",8/23/26,Sun,11:30 AM,3905,Westlake   TB,,North Olmsted,,Boys,2018(U09),4 West EN,247
"St John Medical Center Fields (Field #1 - 7v7 (west, near Crocker Rd.))",8/23/26,Sun,12:00 PM,6604,Westlake   HH,,Bay Village   CL,,Girls,2019(U08),West E,247
"St John Medical Center Fields (Field #1 - 7v7 (west, near Crocker Rd.))",8/23/26,Sun,2:30 PM,403,Westlake   BL,,Rocky River   TID,,Girls,2019(U08),West N,247
"St John Medical Center Fields (Field #1 - 7v7 (west, near Crocker Rd.))",8/23/26,Sun,4:00 PM,3805,Westlake   EL,,North Olmsted,,Boys,2018(U09),3 West,247
"St John Medical Center Fields (Field #1 - 7v7 (west, near Crocker Rd.))",8/23/26,Sun,5:30 PM,7206,Westlake   KP,,Avon,,Girls,2018(U09),5 West,247
"St John Medical Center Fields (Field #1 - 7v7 (west, near Crocker Rd.))",8/25/26,Tue,6:30 PM,406,Westlake   BL,,Bay Village   AC,,Girls,2019(U08),West N,247
"St John Medical Center Fields (Field #1 - 7v7 (west, near Crocker Rd.))",8/28/26,Fri,6:30 PM,713,Westlake   JB,,Lakewood   G17G,,Girls,2018(U09),2,247
"St John Medical Center Fields (Field #1 - 7v7 (west, near Crocker Rd.))",8/30/26,Sun,11:30 AM,912,Westlake   GF,,Rocky River   WHT,,Girls,2018(U09),4 West,247
"St John Medical Center Fields (Field #1 - 7v7 (west, near Crocker Rd.))",8/30/26,Sun,1:00 PM,9710,Westlake   KM,,Rocky River   STM,,Boys,2019(U08),West N,247
"St John Medical Center Fields (Field #1 - 7v7 (west, near Crocker Rd.))",8/30/26,Sun,2:30 PM,6607,Westlake   HH,,Bay Village   MU,,Girls,2019(U08),West E,247
"St John Medical Center Fields (Field #1 - 7v7 (west, near Crocker Rd.))",8/30/26,Sun,5:30 PM,3816,Westlake   EL,,Parma,,Boys,2018(U09),3 West,247
"St John Medical Center Fields (Field #1 - 7v7 (west, near Crocker Rd.))",8/30/26,Sun,5:30 PM,718,Westlake   JB,,Avon Lake,,Girls,2018(U09),2,247
"St John Medical Center Fields (Field #1 - 7v7 (west, near Crocker Rd.))",9/3/26,Thu,6:30 PM,3714,Westlake   CG,,Avon Lake,,Boys,2018(U09),2,247
"St John Medical Center Fields (Field #1 - 7v7 (west, near Crocker Rd.))",9/8/26,Tue,6:30 PM,102,Westlake   MC,,Avon Lake,,Boys,2019(U08),West V,247
"St John Medical Center Fields (Field #1 - 7v7 (west, near Crocker Rd.))",9/13/26,Sun,11:30 AM,913,Westlake   GF,,Bay Village   IF,,Girls,2018(U09),4 West,247
"St John Medical Center Fields (Field #1 - 7v7 (west, near Crocker Rd.))",9/13/26,Sun,1:00 PM,6610,Westlake   RG,,Rocky River   SRG,,Girls,2019(U08),West E,247
"St John Medical Center Fields (Field #1 - 7v7 (west, near Crocker Rd.))",9/13/26,Sun,4:00 PM,9715,Westlake   KM,,Olmsted Falls   Blue,,Boys,2019(U08),West N,247
"St John Medical Center Fields (Field #1 - 7v7 (west, near Crocker Rd.))",9/13/26,Sun,4:00 PM,110,Westlake   MC,,Olmsted Falls   Gold,,Boys,2019(U08),West V,247
"St John Medical Center Fields (Field #1 - 7v7 (west, near Crocker Rd.))",9/13/26,Sun,5:30 PM,3725,Westlake   CG,,Hudson   SATB,,Boys,2018(U09),2,247
"St John Medical Center Fields (Field #1 - 7v7 (west, near Crocker Rd.))",9/20/26,Sun,11:30 AM,917,Westlake   GF,,Bay Village   TU,,Girls,2018(U09),4 West,247
"St John Medical Center Fields (Field #1 - 7v7 (west, near Crocker Rd.))",9/20/26,Sun,1:00 PM,6612,Westlake   HH,,Westlake   RG,,Girls,2019(U08),West E,247
"St John Medical Center Fields (Field #1 - 7v7 (west, near Crocker Rd.))",9/20/26,Sun,2:30 PM,411,Westlake   BL,,Avon Lake,,Girls,2019(U08),West N,247
"St John Medical Center Fields (Field #1 - 7v7 (west, near Crocker Rd.))",9/20/26,Sun,4:00 PM,729,Westlake   JB,,North Royalton,,Girls,2018(U09),2,247
"St John Medical Center Fields (Field #1 - 7v7 (west, near Crocker Rd.))",9/20/26,Sun,5:30 PM,3730,Westlake   CG,,Medina   9Grn,,Boys,2018(U09),2,247
"St John Medical Center Fields (Field #1 - 7v7 (west, near Crocker Rd.))",9/24/26,Thu,6:00 PM,3734,Westlake   CG,,Lakewood   B17G,,Boys,2018(U09),2,247
"St John Medical Center Fields (Field #1 - 7v7 (west, near Crocker Rd.))",9/27/26,Sun,2:30 PM,9720,Westlake   KM,,Bay Village   NP,,Boys,2019(U08),West N,247
"St John Medical Center Fields (Field #1 - 7v7 (west, near Crocker Rd.))",9/27/26,Sun,4:00 PM,919,Westlake   GF,,Avon,,Girls,2018(U09),4 West,247
"St John Medical Center Fields (Field #1 - 7v7 (west, near Crocker Rd.))",9/27/26,Sun,5:30 PM,1528,Westlake   JG,,Sandusky,,Girls,2017(U10),5 West,247
"St John Medical Center Fields (Field #1 - 7v7 (west, near Crocker Rd.))",9/30/26,Wed,6:00 PM,735,Westlake   JB,,Rocky River   MRN,,Girls,2018(U09),2,247
"St John Medical Center Fields (Field #1 - 7v7 (west, near Crocker Rd.))",10/11/26,Sun,11:30 AM,9724,Westlake   KM,,Bay Village   BH,,Boys,2019(U08),West N,247
"St John Medical Center Fields (Field #1 - 7v7 (west, near Crocker Rd.))",10/11/26,Sun,1:00 PM,6615,Westlake   RG,,Bay Village   MU,,Girls,2019(U08),West E,247
"St John Medical Center Fields (Field #1 - 7v7 (west, near Crocker Rd.))",10/11/26,Sun,2:30 PM,115,Westlake   MC,,Rocky River   SRG,,Boys,2019(U08),West V,247
"St John Medical Center Fields (Field #1 - 7v7 (west, near Crocker Rd.))",10/11/26,Sun,4:00 PM,6616,Westlake   HH,,Rocky River   SRG,,Girls,2019(U08),West E,247
"St John Medical Center Fields (Field #1 - 7v7 (west, near Crocker Rd.))",10/11/26,Sun,5:30 PM,1239,Westlake   NF,,Cuyahoga Falls   TC,,Girls,2017(U10),2,247
"St John Medical Center Fields (Field #1 - 7v7 (west, near Crocker Rd.))",10/18/26,Sun,11:30 AM,118,Westlake   MC,,Bay Village   BK,,Boys,2019(U08),West V,247
"St John Medical Center Fields (Field #1 - 7v7 (west, near Crocker Rd.))",10/18/26,Sun,1:00 PM,6618,Westlake   RG,,Bay Village   CL,,Girls,2019(U08),West E,247
"St John Medical Center Fields (Field #1 - 7v7 (west, near Crocker Rd.))",10/25/26,Sun,1:00 PM,15020,Westlake   JD,,North Royalton,,Girls,2017(U10),3 West,247
"St John Medical Center Fields (Field #1 - 7v7 (west, near Crocker Rd.))",10/25/26,Sun,2:30 PM,420,Westlake   BL,,Bay Village   MU,,Girls,2019(U08),West N,247
St John Medical Center Fields (Field #2 - 9v9 (middle field)),8/25/26,Tue,6:30 PM,5409,Westlake   ZA,,North Olmsted,,Boys,2015(U12),4 West,247
St John Medical Center Fields (Field #2 - 9v9 (middle field)),8/27/26,Thu,6:30 PM,2310,Westlake   CG,,Avon Lake,,Girls,2015(U12),3 West,247
St John Medical Center Fields (Field #2 - 9v9 (middle field)),9/1/26,Tue,6:30 PM,14607,Westlake   LD,,Nordonia,,Boys,2016(U11),5 East EN,247
St John Medical Center Fields (Field #2 - 9v9 (middle field)),9/8/26,Tue,6:15 PM,5431,Westlake   ZA,,Amherst,,Boys,2015(U12),4 West,247
St John Medical Center Fields (Field #2 - 9v9 (middle field)),9/27/26,Sun,2:30 PM,5426,Westlake   ZA,,Lakewood   B14W,,Boys,2015(U12),4 West,247
St. Joan of Arc (7v7),8/16/26,Sun,1:00 PM,7601,Perry (Stark),,Green,,Girls,2017(U10),5 South,477
St. Joan of Arc (7v7),8/22/26,Sat,5:00 PM,13801,Perry (Stark),,Eagles Select   U9,,Boys,2018(U09),4 South EV,477
St. Joan of Arc (7v7),8/23/26,Sun,1:00 PM,14506,Perry (Stark),,Eagles Select   U10,,Boys,2017(U10),5 South EN,477
St. Joan of Arc (7v7),8/23/26,Sun,4:00 PM,7610,Perry (Stark),,North Canton,,Girls,2017(U10),5 South,477
St. Joan of Arc (7v7),8/25/26,Tue,6:30 PM,13807,Perry (Stark),,Stow   Gray,,Boys,2018(U09),4 South EV,477
St. Joan of Arc (7v7),8/26/26,Wed,6:30 PM,14509,Perry (Stark),,Barberton,,Boys,2017(U10),5 South EN,477
St. Joan of Arc (7v7),8/30/26,Sun,4:00 PM,14511,Perry (Stark),,Manchester,,Boys,2017(U10),5 South EN,477
St. Joan of Arc (7v7),8/30/26,Sun,5:30 PM,7617,Perry (Stark),,Medina   10GY,,Girls,2017(U10),5 South,477
St. Joan of Arc (7v7),9/13/26,Sun,1:00 PM,13813,Perry (Stark),,Medina   9Blk,,Boys,2018(U09),4 South EV,477
St. Joan of Arc (7v7),9/20/26,Sun,4:00 PM,14516,Perry (Stark),,New Philadelphia   NMc,,Boys,2017(U10),5 South EN,477
St. Joan of Arc (7v7),9/27/26,Sun,1:00 PM,7633,Perry (Stark),,New Philadelphia   JS,,Girls,2017(U10),5 South,477
St. Joan of Arc (7v7),9/27/26,Sun,2:30 PM,13819,Perry (Stark),,North Canton,,Boys,2018(U09),4 South EV,477
St. Joan of Arc (9v9),8/16/26,Sun,2:30 PM,12401,Perry (Stark),,Eagles Select   U12,,Boys,2015(U12),5 South,477
St. Joan of Arc (9v9),8/16/26,Sun,4:00 PM,8712,Perry (Stark),,Cloverleaf,,Girls,2015(U12),4 South,477
St. Joan of Arc (9v9),8/22/26,Sat,1:00 PM,8708,Perry (Stark),,Revere,,Girls,2015(U12),4 South,477
St. Joan of Arc (9v9),8/23/26,Sun,1:00 PM,12410,Perry (Stark),,Revere   BLUE,,Boys,2015(U12),5 South,477
St. Joan of Arc (9v9),8/23/26,Sun,5:30 PM,8108,Perry (Stark),,Norton,,Girls,2016(U11),4 South,477
St. Joan of Arc (9v9),8/30/26,Sun,2:30 PM,8115,Perry (Stark),,Dover   SM,,Girls,2016(U11),4 South,477
St. Joan of Arc (9v9),8/30/26,Sun,4:00 PM,12417,Perry (Stark),,Highland   CM1,,Boys,2015(U12),5 South,477
St. Joan of Arc (9v9),9/12/26,Sat,1:00 PM,11715,Perry (Stark),,Cloverleaf,,Boys,2016(U11),5 South,477
St. Joan of Arc (9v9),9/13/26,Sun,2:30 PM,11721,Perry (Stark),,Barberton,,Boys,2016(U11),5 South,477
St. Joan of Arc (9v9),9/20/26,Sun,1:00 PM,8718,Perry (Stark),,North Canton,,Girls,2015(U12),4 South,477
St. Joan of Arc (9v9),9/20/26,Sun,2:30 PM,8123,Perry (Stark),,Akron Inner City,,Girls,2016(U11),4 South,477
St. Joan of Arc (9v9),9/27/26,Sun,2:30 PM,11731,Perry (Stark),,Dover,,Boys,2016(U11),5 South,477
St. Joan of Arc (9v9),9/27/26,Sun,4:00 PM,12433,Perry (Stark),,Akron Inner City,,Boys,2015(U12),5 South,477
St. Joan of Arc (9v9),9/27/26,Sun,5:30 PM,8721,Perry (Stark),,Mustangs Jr,,Girls,2015(U12),4 South,477
St. Joan of Arc (9v9),10/11/26,Sun,1:00 PM,11738,Perry (Stark),,New Philadelphia   TM,,Boys,2016(U11),5 South,477
St. Joan of Arc (9v9),10/11/26,Sun,2:30 PM,8132,Perry (Stark),,Green,,Girls,2016(U11),4 South,477
Stanton Park (7v7),10/25/26,Sun,4:30 PM,7107,Madison,,Shaker Hts.   U8B,,Girls,2018(U09),5 East,33
Stanton Park (9v9),10/25/26,Sun,2:30 PM,8623,Madison,,Hudson   KENN,,Girls,2015(U12),4 East,33
Stonewater Field (Stonewater 1),8/27/26,Thu,6:30 PM,8408,Kent   TS,,Stow   Mar,,Girls,2015(U12),3 East,499
Stonewater Field (Stonewater 1),8/30/26,Sun,1:00 PM,14712,Kent   ER,,Tallmadge,,Boys,2015(U12),4 South EN,499
Stonewater Field (Stonewater 1),8/30/26,Sun,2:30 PM,8412,Kent   TS,,Kenston,,Girls,2015(U12),3 East,499
Stonewater Field (Stonewater 1),9/20/26,Sun,1:00 PM,14718,Kent   ER,,Norton,,Boys,2015(U12),4 South EN,499
Stonewater Field (Stonewater 1),9/20/26,Sun,6:00 PM,8418,Kent   TS,,Cuyahoga Falls   GL,,Girls,2015(U12),3 East,499
Stonewater Field (Stonewater 1),9/27/26,Sun,1:00 PM,8421,Kent   TS,,Twinsburg   Blue,,Girls,2015(U12),3 East,499
Stonewater Field (Stonewater 1),9/27/26,Sun,4:00 PM,14721,Kent   ER,,Canfield,,Boys,2015(U12),4 South EN,499
Stonewater Field (Stonewater 1),9/29/26,Tue,6:00 PM,14708,Kent   ER,,Rootstown,,Boys,2015(U12),4 South EN,499
Stonewater Field (Stonewater 2),8/23/26,Sun,4:00 PM,11410,Kent   GD,,Hudson   CORV,,Boys,2016(U11),4 East,499
Stonewater Field (Stonewater 2),8/26/26,Wed,6:30 PM,11415,Kent   GD,,Chagrin Falls,,Boys,2016(U11),4 East,499
Stonewater Field (Stonewater 2),9/27/26,Sun,2:30 PM,11435,Kent   GD,,Willoughby,,Boys,2016(U11),4 East,499
Stonewater Field (Stonewater 2),10/11/26,Sun,2:30 PM,11440,Kent   GD,,Geneva,,Boys,2016(U11),4 East,499
Strausser Elementary School (Jackson 7v7 South),8/16/26,Sun,2:30 PM,7302,Jackson,,Norton,,Girls,2017(U10),3 South,242
Strausser Elementary School (Jackson 7v7 South),9/27/26,Sun,11:30 AM,14031,Jackson,,Revere   WHIT,,Boys,2018(U09),5 South EN,242
Strausser Elementary School (Jackson 7v7 South),9/27/26,Sun,2:30 PM,7020,Jackson,,Copley,,Girls,2018(U09),4 South,242
Streetsboro High School (High School Stadium),8/16/26,Sun,2:30 PM,9003,Streetsboro,,Twinsburg,,Girls,2012(U14/15),3 East,394
Streetsboro High School (High School Stadium),8/23/26,Sun,1:00 PM,13503,Streetsboro,,Rocky River   WHT,,Boys,2012(U14/15),5,394
Streetsboro High School (High School Stadium),8/23/26,Sun,2:30 PM,9007,Streetsboro,,Geauga Federation SC,,Girls,2012(U14/15),3 East,394
Streetsboro High School (High School Stadium),9/13/26,Sun,11:00 AM,13506,Streetsboro,,Eastlake,,Boys,2012(U14/15),5,394
Streetsboro High School (High School Stadium),9/20/26,Sun,1:00 PM,13511,Streetsboro,,Lakewood   B12P,,Boys,2012(U14/15),5,394
Streetsboro High School (High School Stadium),9/20/26,Sun,2:30 PM,9024,Streetsboro,,Mayfield   TB,,Girls,2012(U14/15),3 East,394
Streetsboro High School (High School Stadium),9/27/26,Sun,2:30 PM,9025,Streetsboro,,North Royalton,,Girls,2012(U14/15),3 East,394
Streetsboro High School (High School Stadium),10/25/26,Sun,2:30 PM,13520,Streetsboro,,Nordonia,,Boys,2012(U14/15),5,394
Summit Fairgrounds (Field 1A/B),8/16/26,Sun,2:30 PM,13401,Tallmadge,,Green,,Boys,2012(U14/15),4 South,484
Summit Fairgrounds (Field 1A/B),8/23/26,Sun,11:30 AM,13006,Tallmadge,,Manchester,,Boys,2014(U13),5 South,484
Summit Fairgrounds (Field 1A/B),8/23/26,Sun,4:00 PM,13405,Tallmadge,,Brunswick,,Boys,2012(U14/15),4 South,484
Summit Fairgrounds (Field 1A/B),8/26/26,Wed,6:30 PM,13009,Tallmadge,,Barberton,,Boys,2014(U13),5 South,484
Summit Fairgrounds (Field 1A/B),8/30/26,Sun,5:30 PM,13416,Tallmadge,,Manchester,,Boys,2012(U14/15),4 South,484
Summit Fairgrounds (Field 1A/B),9/1/26,Tue,6:30 PM,13011,Tallmadge,,PLX United,,Boys,2014(U13),5 South,484
Summit Fairgrounds (Field 1A/B),9/20/26,Sun,4:00 PM,13016,Tallmadge,,Dover,,Boys,2014(U13),5 South,484
Summit Fairgrounds (Field 2A),8/16/26,Sun,1:00 PM,11503,Tallmadge,,Cuyahoga Falls   JH11,,Boys,2016(U11),4 South,484
Summit Fairgrounds (Field 2A),8/16/26,Sun,4:00 PM,14703,Tallmadge,,Kent   ER,,Boys,2015(U12),4 South EN,484
Summit Fairgrounds (Field 2A),8/23/26,Sun,5:30 PM,11509,Tallmadge,,Lake Select SC   U11,,Boys,2016(U11),4 South,484
Summit Fairgrounds (Field 2A),8/23/26,Sun,6:45 PM,14705,Tallmadge,,Norton,,Boys,2015(U12),4 South EN,484
Summit Fairgrounds (Field 2A),8/30/26,Sun,4:00 PM,11520,Tallmadge,,North Canton,,Boys,2016(U11),4 South,484
Summit Fairgrounds (Field 2A),10/11/26,Sun,1:00 PM,14722,Tallmadge,,Green,,Boys,2015(U12),4 South EN,484
Summit Fairgrounds (Field 2A),10/11/26,Sun,2:30 PM,11540,Tallmadge,,Green,,Boys,2016(U11),4 South,484
Summit Fairgrounds (Field 2A),10/18/26,Sun,2:30 PM,14714,Tallmadge,,Canfield,,Boys,2015(U12),4 South EN,484
Summit Fairgrounds (Field 2B),8/16/26,Sun,5:30 PM,7704,Tallmadge,,West Geauga,,Girls,2017(U10),5 East,484
Summit Fairgrounds (Field 2B),8/23/26,Sun,2:30 PM,7706,Tallmadge,,Twinsburg   WHT,,Girls,2017(U10),5 East,484
Summit Fairgrounds (Field 2B),8/25/26,Tue,6:30 PM,11108,Tallmadge,,Southeast,,Boys,2017(U10),5 South EV,484
Summit Fairgrounds (Field 2B),8/30/26,Sun,1:00 PM,11112,Tallmadge,,Highland   KS2,,Boys,2017(U10),5 South EV,484
Summit Fairgrounds (Field 2B),8/30/26,Sun,2:45 PM,7716,Tallmadge,,Hudson   KENS,,Girls,2017(U10),5 East,484
Summit Fairgrounds (Field 2B),9/20/26,Sun,1:00 PM,11118,Tallmadge,,Copley,,Boys,2017(U10),5 South EV,484
Summit Fairgrounds (Field 2B),9/20/26,Sun,2:30 PM,7727,Tallmadge,,Nordonia,,Girls,2017(U10),5 East,484
Summit Fairgrounds (Field 2B),10/18/26,Sun,11:00 AM,11121,Tallmadge,,Revere   BLUE,,Boys,2017(U10),5 South EV,484
Tallmadge HS Stadium (Turf),9/13/26,Sun,5:30 PM,13419,Tallmadge,,North Ridgeville,,Boys,2012(U14/15),4 South,495
Tiger Stadium - Turf (High School Turf Field),8/23/26,Sun,1:00 PM,13106,Twinsburg   WHTE,,North Royalton,,Boys,2012(U14/15),3 East,74
Tiger Stadium - Turf (High School Turf Field),8/23/26,Sun,2:30 PM,6104,Twinsburg   Blue,,Medina   15Gr,,Boys,2012(U14/15),1,74
Tiger Stadium - Turf (High School Turf Field),8/30/26,Sun,1:00 PM,9013,Twinsburg,,Independence,,Girls,2012(U14/15),3 East,74
Tiger Stadium - Turf (High School Turf Field),8/30/26,Sun,2:30 PM,2713,Twinsburg,,NP Aurora,,Girls,2014(U13),2,74
Tiger Stadium - Turf (High School Turf Field),8/30/26,Sun,4:00 PM,13111,Twinsburg   WHTE,,Hudson   NEGR,,Boys,2012(U14/15),3 East,74
Tiger Stadium - Turf (High School Turf Field),9/20/26,Sun,4:00 PM,13116,Twinsburg   WHTE,,Solon United,,Boys,2012(U14/15),3 East,74
Tiger Stadium - Turf (High School Turf Field),10/11/26,Sun,11:30 AM,2731,Twinsburg,,Olmsted Falls   Blue,,Girls,2014(U13),2,74
Tiger Stadium - Turf (High School Turf Field),10/11/26,Sun,1:00 PM,14624,Twinsburg   WHTE,,Broadview Hts.,,Boys,2016(U11),5 East EN,74
Tiger Stadium - Turf (High School Turf Field),10/11/26,Sun,2:30 PM,9031,Twinsburg,,Streetsboro,,Girls,2012(U14/15),3 East,74
Tiger Stadium - Turf (High School Turf Field),10/18/26,Sun,11:30 AM,9009,Twinsburg,,West Geauga,,Girls,2012(U14/15),3 East,74
Tiger Stadium - Turf (High School Turf Field),10/18/26,Sun,2:30 PM,6127,Twinsburg   Blue,,Norton,,Boys,2012(U14/15),1,74
Tri-City Park  (#1 South),8/16/26,Sun,2:30 PM,5404,Rocky River   WHT,,TUSA,,Boys,2015(U12),4 West,288
Tri-City Park  (#1 South),8/16/26,Sun,4:00 PM,5504,Rocky River   GRY,,Bay Village   JS,,Boys,2015(U12),5 West,288
Tri-City Park  (#1 South),8/23/26,Sun,2:30 PM,5506,Rocky River   GRY,,Parma,,Boys,2015(U12),5 West,288
Tri-City Park  (#1 South),8/23/26,Sun,5:00 PM,2404,Rocky River   WHT,,North Royalton,,Girls,2015(U12),4 West,288
Tri-City Park  (#1 South),8/25/26,Tue,6:30 PM,2409,Rocky River   WHT,,North Olmsted,,Girls,2015(U12),4 West,288
Tri-City Park  (#1 South),9/1/26,Tue,6:30 PM,5309,Rocky River   MRN,,Bay Village   AC,,Boys,2015(U12),3 West,288
Tri-City Park  (#1 South),9/3/26,Thu,6:30 PM,5306,Rocky River   MRN,,Amherst,,Boys,2015(U12),3 West,288
Tri-City Park  (#1 South),9/29/26,Tue,6:30 PM,4735,Rocky River   MRN,,Orange,,Boys,2016(U11),2,288
Tri-City Park  (#1 South),10/1/26,Thu,6:30 PM,2008,Rocky River   GRY,,TUSA,,Girls,2016(U11),5 West,288
Tri-City Park  (#1 South),10/11/26,Sun,4:00 PM,1739,Rocky River   MRN,,Twinsburg   Blue,,Girls,2016(U11),2,288
Tri-City Park  (#2 South),8/16/26,Sun,11:30 AM,703,Rocky River   MRN,,Avon Lake,,Girls,2018(U09),2,288
Tri-City Park  (#2 South),8/16/26,Sun,2:30 PM,7401,Rocky River   WHT,,Parma,,Girls,2017(U10),4 West,288
Tri-City Park  (#2 South),8/23/26,Sun,11:30 AM,3906,Rocky River   WHT,,Independence,,Boys,2018(U09),4 West EN,288
Tri-City Park  (#2 South),8/23/26,Sun,1:00 PM,1209,Rocky River   MRN,,Independence,,Girls,2017(U10),2,288
Tri-City Park  (#2 South),8/23/26,Sun,2:30 PM,13908,Rocky River   GLD,,North Olmsted,,Boys,2018(U09),5 West EN,288
Tri-City Park  (#2 South),8/23/26,Sun,5:30 PM,709,Rocky River   MRN,,Strongsville   EE-G,,Girls,2018(U09),2,288
Tri-City Park  (#2 South),8/26/26,Wed,6:30 PM,9805,Rocky River   TID,,Fairview Park,,Boys,2019(U08),West E,288
Tri-City Park  (#2 South),8/27/26,Thu,6:30 PM,3810,Rocky River   MRN,,Bay Village   SM,,Boys,2018(U09),3 West,288
Tri-City Park  (#2 South),8/28/26,Fri,6:30 PM,7407,Rocky River   WHT,,Fairview Park,,Girls,2017(U10),4 West,288
Tri-City Park  (#2 South),8/30/26,Sun,2:30 PM,510,Rocky River   STM,,North Olmsted,,Girls,2019(U08),West V,288
Tri-City Park  (#2 South),9/2/26,Wed,6:00 PM,1220,Rocky River   MRN,,Olmsted Falls   Blue,,Girls,2017(U10),2,288
Tri-City Park  (#2 South),9/9/26,Wed,6:30 PM,9817,Rocky River   TID,,Bay Village   AH,,Boys,2019(U08),West E,288
Tri-City Park  (#2 South),9/13/26,Sun,10:00 AM,9713,Rocky River   STM,,Bay Village   BH,,Boys,2019(U08),West N,288
Tri-City Park  (#2 South),9/13/26,Sun,11:30 AM,7413,Rocky River   WHT,,Bay Village   ND,,Girls,2017(U10),4 West,288
Tri-City Park  (#2 South),9/13/26,Sun,1:00 PM,7221,Rocky River   BLK,,Rocky River   GLD,,Girls,2018(U09),5 West,288
Tri-City Park  (#2 South),9/13/26,Sun,2:30 PM,3820,Rocky River   MRN,,Olmsted Falls   Blue,,Boys,2018(U09),3 West,288
Tri-City Park  (#2 South),9/13/26,Sun,4:00 PM,4317,Rocky River   MRN,,Sandusky,,Boys,2017(U10),3 West,288
Tri-City Park  (#2 South),9/13/26,Sun,5:30 PM,9809,Rocky River   TID,,Avon Lake,,Boys,2019(U08),West E,288
Tri-City Park  (#2 South),9/20/26,Sun,1:30 PM,6611,Rocky River   SRG,,Bay Village   CL,,Girls,2019(U08),West E,288
Tri-City Park  (#2 South),9/27/26,Sun,1:00 PM,3828,Rocky River   MRN,,Avon Lake,,Boys,2018(U09),3 West,288
Tri-City Park  (#2 South),9/27/26,Sun,2:30 PM,920,Rocky River   WHT,,Bay Village   IF,,Girls,2018(U09),4 West,288
Tri-City Park  (#2 South),9/27/26,Sun,4:00 PM,3927,Rocky River   WHT,,Westlake   TB,,Boys,2018(U09),4 West EN,288
Tri-City Park  (#2 South),9/27/26,Sun,5:30 PM,7235,Rocky River   GLD,,LaGrange,,Girls,2018(U09),5 West,288
Tri-City Park  (#2 South),10/1/26,Thu,6:30 PM,520,Rocky River   STM,,Columbia Station,,Girls,2019(U08),West V,288
Tri-City Park  (#2 South),10/4/26,Sun,1:00 PM,1515,Rocky River   GRY,,Midview,,Girls,2017(U10),5 West,288
Tri-City Park  (#2 South),10/8/26,Thu,5:30 PM,740,Rocky River   MRN,,Olmsted Falls   Blue,,Girls,2018(U09),2,288
Tri-City Park  (#2 South),10/11/26,Sun,11:30 AM,1532,Rocky River   GRY,,Norwalk HCYSC,,Girls,2017(U10),5 West,288
Tri-City Park  (#2 South),10/11/26,Sun,1:00 PM,13932,Rocky River   GLD,,Avon Lake,,Boys,2018(U09),5 West EN,288
Tri-City Park  (#2 South),10/11/26,Sun,2:30 PM,7238,Rocky River   BLK,,Avon Lake,,Girls,2018(U09),5 West,288
Tri-City Park  (#2 South),10/11/26,Sun,4:00 PM,1240,Rocky River   MRN,,Bay Village   BW,,Girls,2017(U10),2,288
Tri-City Park  (#2 South),10/15/26,Thu,6:30 PM,4330,Rocky River   MRN,,Firelands,,Boys,2017(U10),3 West,288
Tri-City Park (Tri-City #3  9 v 9 North (next to Tennis)),8/23/26,Sun,11:30 AM,2004,Fairview Park,,Columbia Station,,Girls,2016(U11),5 West,223
Tri-City Park (Tri-City #3  9 v 9 North (next to Tennis)),8/23/26,Sun,2:30 PM,4908,Fairview Park,,North Olmsted,,Boys,2016(U11),4 West,223
Tri-City Park (Tri-City #3  9 v 9 North (next to Tennis)),8/26/26,Wed,6:30 PM,2009,Fairview Park,,Avon,,Girls,2016(U11),5 West,223
Tri-City Park (Tri-City #3  9 v 9 North (next to Tennis)),8/27/26,Thu,6:30 PM,5410,Fairview Park,,TUSA,,Boys,2015(U12),4 West,223
Tri-City Park (Tri-City #3  9 v 9 North (next to Tennis)),8/30/26,Sun,1:00 PM,4915,Fairview Park,,Amherst,,Boys,2016(U11),4 West,223
Tri-City Park (Tri-City #3  9 v 9 North (next to Tennis)),9/2/26,Wed,6:30 PM,5014,Fairview Park,,Rocky River   WHT,,Boys,2016(U11),5 West,223
Tri-City Park (Tri-City #3  9 v 9 North (next to Tennis)),9/13/26,Sun,11:00 AM,5025,Fairview Park,,TUSA,,Boys,2016(U11),5 West,223
Tri-City Park (Tri-City #3  9 v 9 North (next to Tennis)),9/13/26,Sun,1:00 PM,5420,Fairview Park,,Westlake   ZA,,Boys,2015(U12),4 West,223
Tri-City Park (Tri-City #3  9 v 9 North (next to Tennis)),9/20/26,Sun,2:30 PM,5030,Fairview Park,,Olmsted Falls   Gold,,Boys,2016(U11),5 West,223
Tri-City Park (Tri-City #3  9 v 9 North (next to Tennis)),9/20/26,Sun,5:30 PM,4923,Fairview Park,,Bay Village   KD,,Boys,2016(U11),4 West,223
Tri-City Park (Tri-City #3  9 v 9 North (next to Tennis)),9/27/26,Sun,11:30 AM,5428,Fairview Park,,North Ridgeville,,Boys,2015(U12),4 West,223
Tri-City Park (Tri-City #3  9 v 9 North (next to Tennis)),9/27/26,Sun,5:30 PM,5034,Fairview Park,,Lakewood   B15G,,Boys,2016(U11),5 West,223
Tri-City Park (Tri-City #3  9 v 9 North (next to Tennis)),10/11/26,Sun,2:30 PM,4932,Fairview Park,,Parma,,Boys,2016(U11),4 West,223
Tri-City Park (Tri-City #3  9 v 9 North (next to Tennis)),10/11/26,Sun,4:00 PM,5429,Fairview Park,,North Olmsted,,Boys,2015(U12),4 West,223
Tri-City Park (Tri-City #3  9 v 9 North (next to Tennis)),10/11/26,Sun,5:30 PM,2024,Fairview Park,,Rocky River   GRY,,Girls,2016(U11),5 West,223
Tri-City Park (Tri-City #3  9 v 9 North (next to Tennis)),10/18/26,Sun,1:00 PM,2027,Fairview Park,,TUSA,,Girls,2016(U11),5 West,223
Tri-City Park (Tri-City #4 7 v 7 North (next to Tennis)),8/16/26,Sun,1:00 PM,3703,Fairview Park,,Westlake   CG,,Boys,2018(U09),2,223
Tri-City Park (Tri-City #4 7 v 7 North (next to Tennis)),8/16/26,Sun,2:30 PM,9802,Fairview Park,,Bay Village   AH,,Boys,2019(U08),West E,223
Tri-City Park (Tri-City #4 7 v 7 North (next to Tennis)),8/16/26,Sun,4:00 PM,4002,Fairview Park,,Midview,,Boys,2018(U09),5 West EV,223
Tri-City Park (Tri-City #4 7 v 7 North (next to Tennis)),8/16/26,Sun,5:30 PM,7403,Fairview Park,,Bay Village   ND,,Girls,2017(U10),4 West,223
Tri-City Park (Tri-City #4 7 v 7 North (next to Tennis)),8/23/26,Sun,10:00 AM,906,Fairview Park,,Westlake   GF,,Girls,2018(U09),4 West,223
Tri-City Park (Tri-City #4 7 v 7 North (next to Tennis)),8/23/26,Sun,1:00 PM,3709,Fairview Park,,Medina   9Grn,,Boys,2018(U09),2,223
Tri-City Park (Tri-City #4 7 v 7 North (next to Tennis)),8/23/26,Sun,4:00 PM,7405,Fairview Park,,Lakewood   G16P,,Girls,2017(U10),4 West,223
Tri-City Park (Tri-City #4 7 v 7 North (next to Tennis)),8/25/26,Tue,6:30 PM,4007,Fairview Park,,Avon,,Boys,2018(U09),5 West EV,223
Tri-City Park (Tri-City #4 7 v 7 North (next to Tennis)),8/27/26,Thu,6:30 PM,4414,Fairview Park,,Bay Village   MW,,Boys,2017(U10),4 West,223
Tri-City Park (Tri-City #4 7 v 7 North (next to Tennis)),8/30/26,Sun,1:00 PM,3720,Fairview Park,,Avon,,Boys,2018(U09),2,223
Tri-City Park (Tri-City #4 7 v 7 North (next to Tennis)),8/30/26,Sun,4:00 PM,911,Fairview Park,,Parma,,Girls,2018(U09),4 West,223
Tri-City Park (Tri-City #4 7 v 7 North (next to Tennis)),9/13/26,Sun,11:30 AM,4425,Fairview Park,,Amherst,,Boys,2017(U10),4 West,223
Tri-City Park (Tri-City #4 7 v 7 North (next to Tennis)),9/13/26,Sun,1:00 PM,914,Fairview Park,,Rocky River   WHT,,Girls,2018(U09),4 West,223
Tri-City Park (Tri-City #4 7 v 7 North (next to Tennis)),9/13/26,Sun,2:30 PM,9810,Fairview Park,,North Ridgeville,,Boys,2019(U08),West E,223
Tri-City Park (Tri-City #4 7 v 7 North (next to Tennis)),9/13/26,Sun,4:00 PM,13917,Fairview Park,,Avon Lake,,Boys,2018(U09),5 West EN,223
Tri-City Park (Tri-City #4 7 v 7 North (next to Tennis)),9/13/26,Sun,5:30 PM,7414,Fairview Park,,Parma,,Girls,2017(U10),4 West,223
Tri-City Park (Tri-City #4 7 v 7 North (next to Tennis)),9/20/26,Sun,11:30 AM,4430,Fairview Park,,Avon Lake,,Boys,2017(U10),4 West,223
Tri-City Park (Tri-City #4 7 v 7 North (next to Tennis)),9/20/26,Sun,1:00 PM,4016,Fairview Park,,Lakewood   B17W,,Boys,2018(U09),5 West EV,223
Tri-City Park (Tri-City #4 7 v 7 North (next to Tennis)),9/20/26,Sun,2:30 PM,918,Fairview Park,,Bay Village   IF,,Girls,2018(U09),4 West,223
Tri-City Park (Tri-City #4 7 v 7 North (next to Tennis)),9/20/26,Sun,4:00 PM,13921,Fairview Park,,North Ridgeville,,Boys,2018(U09),5 West EN,223
Tri-City Park (Tri-City #4 7 v 7 North (next to Tennis)),9/27/26,Sun,11:30 AM,4021,Fairview Park,,Olmsted Falls   Silv,,Boys,2018(U09),5 West EV,223
Tri-City Park (Tri-City #4 7 v 7 North (next to Tennis)),9/27/26,Sun,1:00 PM,4434,Fairview Park,,Olmsted Falls   Gold,,Boys,2017(U10),4 West,223
Tri-City Park (Tri-City #4 7 v 7 North (next to Tennis)),10/11/26,Sun,8:30 AM,3740,Fairview Park,,Shaker Hts.   BLK,,Boys,2018(U09),2,223
Tri-City Park (Tri-City #4 7 v 7 North (next to Tennis)),10/11/26,Sun,11:30 AM,7422,Fairview Park,,Rocky River   WHT,,Girls,2017(U10),4 West,223
Tri-City Park (Tri-City #4 7 v 7 North (next to Tennis)),10/11/26,Sun,2:30 PM,9815,Fairview Park,,Rocky River   TID,,Boys,2019(U08),West E,223
Tri-City Park (Tri-City #4 7 v 7 North (next to Tennis)),10/11/26,Sun,5:30 PM,13930,Fairview Park,,North Olmsted,,Boys,2018(U09),5 West EN,223
Tri-City Park (Tri-City #4 7 v 7 North (next to Tennis)),10/15/26,Thu,5:30 PM,13912,Fairview Park,,Olmsted Falls   Gold,,Boys,2018(U09),5 West EN,223
Tri-City Park (Tri-City #4 7 v 7 North (next to Tennis)),10/18/26,Sun,2:30 PM,9818,Fairview Park,,Avon Lake,,Boys,2019(U08),West E,223
Troy Intermediate School (Troy 11A),8/16/26,Sun,11:00 AM,6303,Avon Lake,,Amherst,,Boys,2012(U14/15),3 West,249
Troy Intermediate School (Troy 11A),8/16/26,Sun,4:00 PM,3304,Avon Lake,,Parma,,Girls,2012(U14/15),3,249
Troy Intermediate School (Troy 11A),8/16/26,Sun,5:30 PM,5704,Avon Lake,,North Olmsted,,Boys,2014(U13),2,249
Troy Intermediate School (Troy 11A),8/23/26,Sun,11:30 AM,5706,Avon Lake,,Geauga Federation SC,,Boys,2014(U13),2,249
Troy Intermediate School (Troy 11A),8/23/26,Sun,2:30 PM,6309,Avon Lake,,Westlake   WV,,Boys,2012(U14/15),3 West,249
Troy Intermediate School (Troy 11A),8/23/26,Sun,5:30 PM,3306,Avon Lake,,Highland   DE1,,Girls,2012(U14/15),3,249
Troy Intermediate School (Troy 11A),8/30/26,Sun,11:30 AM,5810,Avon Lake,,Westlake   DS,,Boys,2014(U13),3 West,249
Troy Intermediate School (Troy 11A),8/30/26,Sun,2:30 PM,6320,Avon Lake,,Elyria,,Boys,2012(U14/15),3 West,249
Troy Intermediate School (Troy 11A),8/30/26,Sun,4:00 PM,5714,Avon Lake,,Stow   Mar,,Boys,2014(U13),2,249
Troy Intermediate School (Troy 11A),9/15/26,Tue,6:30 PM,5815,Avon Lake,,Port Clinton,,Boys,2014(U13),3 West,249
Troy Intermediate School (Troy 11A),9/27/26,Sun,1:00 PM,3327,Avon Lake,,Sandusky,,Girls,2012(U14/15),3,249
Troy Intermediate School (Troy 11A),9/27/26,Sun,2:30 PM,5727,Avon Lake,,Akron Inner City,,Boys,2014(U13),2,249
Troy Intermediate School (Troy 11A),9/27/26,Sun,5:30 PM,5820,Avon Lake,,Fairview Park,,Boys,2014(U13),3 West,249
Troy Intermediate School (Troy 11A),10/11/26,Sun,1:00 PM,6340,Avon Lake,,Independence,,Boys,2012(U14/15),3 West,249
Troy Intermediate School (Troy 11A),10/11/26,Sun,2:30 PM,5824,Avon Lake,,Bay Village   TH,,Boys,2014(U13),3 West,249
Troy Intermediate School (Troy 11A),10/18/26,Sun,11:00 AM,3314,Avon Lake,,Strongsville   GS,,Girls,2012(U14/15),3,249
Troy Intermediate School (Troy 7A),8/16/26,Sun,1:00 PM,804,Avon Lake,,North Ridgeville,,Girls,2018(U09),3,249
Troy Intermediate School (Troy 7A),8/16/26,Sun,2:30 PM,1205,Avon Lake,,Olmsted Falls   Blue,,Girls,2017(U10),2,249
Troy Intermediate School (Troy 7A),8/23/26,Sun,4:00 PM,7207,Avon Lake,,Port Clinton,,Girls,2018(U09),5 West,249
Troy Intermediate School (Troy 7A),8/30/26,Sun,2:30 PM,814,Avon Lake,,Mayfield   Sk,,Girls,2018(U09),3,249
Troy Intermediate School (Troy 7A),9/20/26,Sun,4:00 PM,3822,Avon Lake,,Westlake   EL,,Boys,2018(U09),3 West,249
Troy Intermediate School (Troy 7A),9/27/26,Sun,2:30 PM,15120,Avon Lake,,Bay Village   BH,,Girls,2017(U10),4 West EV,249
Troy Intermediate School (Troy 7B),8/16/26,Sun,10:00 AM,3701,Avon Lake,,Hudson   SATB,,Boys,2018(U09),2,249
Troy Intermediate School (Troy 7B),8/16/26,Sun,11:30 AM,9801,Avon Lake,,North Ridgeville,,Boys,2019(U08),West E,249
Troy Intermediate School (Troy 7B),8/16/26,Sun,2:30 PM,401,Avon Lake,,Westlake   BL,,Girls,2019(U08),West N,249
Troy Intermediate School (Troy 7B),8/16/26,Sun,5:30 PM,3802,Avon Lake,,North Olmsted,,Boys,2018(U09),3 West,249
Troy Intermediate School (Troy 7B),8/23/26,Sun,10:00 AM,806,Avon Lake,,Aurora,,Girls,2018(U09),3,249
Troy Intermediate School (Troy 7B),8/23/26,Sun,11:30 AM,3710,Avon Lake,,Strongsville   CF,,Boys,2018(U09),2,249
Troy Intermediate School (Troy 7B),8/23/26,Sun,1:00 PM,9706,Avon Lake,,Bay Village   BH,,Boys,2019(U08),West N,249
Troy Intermediate School (Troy 7B),8/23/26,Sun,2:30 PM,104,Avon Lake,,Bay Village   BK,,Boys,2019(U08),West V,249
Troy Intermediate School (Troy 7B),8/25/26,Tue,6:30 PM,9709,Avon Lake,,Westlake   KM,,Boys,2019(U08),West N,249
Troy Intermediate School (Troy 7B),8/26/26,Wed,6:30 PM,714,Avon Lake,,Avon,,Girls,2018(U09),2,249
Troy Intermediate School (Troy 7B),8/30/26,Sun,11:30 AM,9808,Avon Lake,,Fairview Park,,Boys,2019(U08),West E,249
Troy Intermediate School (Troy 7B),8/30/26,Sun,1:00 PM,408,Avon Lake,,Bay Village   MU,,Girls,2019(U08),West N,249
Troy Intermediate School (Troy 7B),8/30/26,Sun,2:30 PM,107,Avon Lake,,Rocky River   SRG,,Boys,2019(U08),West V,249
Troy Intermediate School (Troy 7B),8/30/26,Sun,4:00 PM,3717,Avon Lake,,Medina   9Grn,,Boys,2018(U09),2,249
Troy Intermediate School (Troy 7B),8/30/26,Sun,5:30 PM,9711,Avon Lake,,Olmsted Falls   Blue,,Boys,2019(U08),West N,249
Troy Intermediate School (Troy 7B),9/10/26,Thu,6:30 PM,1237,Avon Lake,,Brecksville Bees SA,,Girls,2017(U10),2,249
Troy Intermediate School (Troy 7B),9/13/26,Sun,1:00 PM,3818,Avon Lake,,Parma,,Boys,2018(U09),3 West,249
Troy Intermediate School (Troy 7B),9/13/26,Sun,2:30 PM,725,Avon Lake,,Lakewood   G17G,,Girls,2018(U09),2,249
Troy Intermediate School (Troy 7B),9/13/26,Sun,4:00 PM,13714,Avon Lake,,Westlake   SB,,Boys,2018(U09),4 West EV,249
Troy Intermediate School (Troy 7B),9/13/26,Sun,5:30 PM,4421,Avon Lake,,Norwalk HCYSC,,Boys,2017(U10),4 West,249
Troy Intermediate School (Troy 7B),9/14/26,Mon,6:30 PM,3811,Avon Lake,,Brunswick   RYL,,Boys,2018(U09),3 West,249
Troy Intermediate School (Troy 7B),9/20/26,Sun,1:00 PM,9716,Avon Lake,,Rocky River   STM,,Boys,2019(U08),West N,249
Troy Intermediate School (Troy 7B),9/20/26,Sun,2:30 PM,112,Avon Lake,,Westlake   MC,,Boys,2019(U08),West V,249
Troy Intermediate School (Troy 7B),9/20/26,Sun,5:30 PM,7226,Avon Lake,,LaGrange,,Girls,2018(U09),5 West,249
Troy Intermediate School (Troy 7B),9/27/26,Sun,11:30 AM,827,Avon Lake,,Kenston,,Girls,2018(U09),3,249
Troy Intermediate School (Troy 7B),9/27/26,Sun,1:00 PM,9814,Avon Lake,,Bay Village   AH,,Boys,2019(U08),West E,249
Troy Intermediate School (Troy 7B),9/27/26,Sun,5:30 PM,3733,Avon Lake,,Shaker Hts.   BLK,,Boys,2018(U09),2,249
Troy Intermediate School (Troy 7B),9/29/26,Tue,5:30 PM,414,Avon Lake,,Bay Village   AC,,Girls,2019(U08),West N,249
Troy Intermediate School (Troy 7B),10/6/26,Tue,6:30 PM,4438,Avon Lake,,Amherst,,Boys,2017(U10),4 West,249
Troy Intermediate School (Troy 7B),10/7/26,Wed,6:00 PM,730,Avon Lake,,Strongsville   EE-G,,Girls,2018(U09),2,249
Troy Intermediate School (Troy 7B),10/11/26,Sun,2:30 PM,13722,Avon Lake,,Sandusky,,Boys,2018(U09),4 West EV,249
Troy Intermediate School (Troy 7B),10/25/26,Sun,1:00 PM,9819,Avon Lake,,Rocky River   TID,,Boys,2019(U08),West E,249
Troy Intermediate School (Troy 7B),10/25/26,Sun,2:30 PM,419,Avon Lake,,Rocky River   TID,,Girls,2019(U08),West N,249
Troy Intermediate School (Troy 7B),10/25/26,Sun,4:00 PM,734,Avon Lake,,Shaker Hts.   BLK,,Girls,2018(U09),2,249
Troy Intermediate School (Troy 7C),8/16/26,Sun,1:00 PM,13904,Avon Lake,,Rocky River   GLD,,Boys,2018(U09),5 West EN,249
Troy Intermediate School (Troy 7C),8/16/26,Sun,2:30 PM,13703,Avon Lake,,Firelands,,Boys,2018(U09),4 West EV,249
Troy Intermediate School (Troy 7C),8/16/26,Sun,4:00 PM,1503,Avon Lake,,Avon,,Girls,2017(U10),5 West,249
Troy Intermediate School (Troy 7C),8/16/26,Sun,5:30 PM,4303,Avon Lake,,Amherst,,Boys,2017(U10),3 West,249
Troy Intermediate School (Troy 7C),8/23/26,Sun,11:30 AM,4307,Avon Lake,,Lakewood   B16P,,Boys,2017(U10),3 West,249
Troy Intermediate School (Troy 7C),8/23/26,Sun,1:00 PM,13906,Avon Lake,,Lakewood   B17B,,Boys,2018(U09),5 West EN,249
Troy Intermediate School (Troy 7C),8/23/26,Sun,4:00 PM,1507,Avon Lake,,Westlake   JG,,Girls,2017(U10),5 West,249
Troy Intermediate School (Troy 7C),8/23/26,Sun,5:30 PM,10506,Avon Lake,,North Olmsted,,Boys,2017(U10),2 West,249
Troy Intermediate School (Troy 7C),8/25/26,Tue,6:30 PM,1211,Avon Lake,,Rocky River   MRN,,Girls,2017(U10),2,249
Troy Intermediate School (Troy 7C),8/26/26,Wed,6:30 PM,4415,Avon Lake,,Olmsted Falls   Silv,,Boys,2017(U10),4 West,249
Troy Intermediate School (Troy 7C),8/27/26,Thu,6:30 PM,10509,Avon Lake,,Olmsted Falls   Blue,,Boys,2017(U10),2 West,249
Troy Intermediate School (Troy 7C),8/30/26,Sun,11:30 AM,10511,Avon Lake,,Lakewood   B16G,,Boys,2017(U10),2 West,249
Troy Intermediate School (Troy 7C),8/30/26,Sun,1:00 PM,7219,Avon Lake,,Vermilion,,Girls,2018(U09),5 West,249
Troy Intermediate School (Troy 7C),8/30/26,Sun,4:00 PM,13914,Avon Lake,,North Ridgeville,,Boys,2018(U09),5 West EN,249
Troy Intermediate School (Troy 7C),8/30/26,Sun,5:30 PM,15110,Avon Lake,,Avon,,Girls,2017(U10),4 West EV,249
Troy Intermediate School (Troy 7C),9/8/26,Tue,6:30 PM,13705,Avon Lake,,Vermilion,,Boys,2018(U09),4 West EV,249
Troy Intermediate School (Troy 7C),9/13/26,Sun,2:30 PM,15115,Avon Lake,,Westlake   BL,,Girls,2017(U10),4 West EV,249
Troy Intermediate School (Troy 7C),9/20/26,Sun,1:00 PM,4324,Avon Lake,,Sandusky,,Boys,2017(U10),3 West,249
Troy Intermediate School (Troy 7C),9/20/26,Sun,2:30 PM,1524,Avon Lake,,Norwalk HCYSC,,Girls,2017(U10),5 West,249
Troy Intermediate School (Troy 7C),9/20/26,Sun,4:00 PM,10516,Avon Lake,,North Royalton,,Boys,2017(U10),2 West,249
Troy Intermediate School (Troy 7C),9/26/26,Sat,5:00 PM,1222,Avon Lake,,Cuyahoga Falls   TC,,Girls,2017(U10),2,249
Troy Intermediate School (Troy 7C),9/27/26,Sun,11:30 AM,4325,Avon Lake,,Port Clinton   RED,,Boys,2017(U10),3 West,249
Troy Intermediate School (Troy 7C),9/27/26,Sun,1:00 PM,13927,Avon Lake,,Sandusky,,Boys,2018(U09),5 West EN,249
Troy Intermediate School (Troy 7C),9/27/26,Sun,2:30 PM,7232,Avon Lake,,North Olmsted,,Girls,2018(U09),5 West,249
Troy Intermediate School (Troy 7C),9/27/26,Sun,4:00 PM,1525,Avon Lake,,Rocky River   GRY,,Girls,2017(U10),5 West,249
Troy Intermediate School (Troy 7C),9/27/26,Sun,5:30 PM,4431,Avon Lake,,Westlake   MV,,Boys,2017(U10),4 West,249
Troy Intermediate School (Troy 7C),10/11/26,Sun,2:30 PM,15124,Avon Lake,,Port Clinton,,Girls,2017(U10),4 West EV,249
Troy Intermediate School (Troy 7C),10/11/26,Sun,4:00 PM,116,Avon Lake,,Olmsted Falls   Gold,,Boys,2019(U08),West V,249
Troy Intermediate School (Troy 9A),8/16/26,Sun,11:30 AM,5103,Avon Lake,,Orange,,Boys,2015(U12),1,249
Troy Intermediate School (Troy 9A),8/16/26,Sun,1:00 PM,4803,Avon Lake,,Westlake   RR,,Boys,2016(U11),3,249
Troy Intermediate School (Troy 9A),8/16/26,Sun,2:30 PM,1705,Avon Lake,,Westlake   PD,,Girls,2016(U11),2,249
Troy Intermediate School (Troy 9A),8/16/26,Sun,4:00 PM,8002,Avon Lake,,Rocky River   WHT,,Girls,2016(U11),4,249
Troy Intermediate School (Troy 9A),8/23/26,Sun,1:00 PM,2308,Avon Lake,,Lakewood   G14G,,Girls,2015(U12),3 West,249
Troy Intermediate School (Troy 9A),8/23/26,Sun,2:30 PM,4809,Avon Lake,,Columbia Station,,Boys,2016(U11),3,249
Troy Intermediate School (Troy 9A),8/23/26,Sun,4:00 PM,5107,Avon Lake,,Lakewood   B14G,,Boys,2015(U12),1,249
Troy Intermediate School (Troy 9A),8/26/26,Wed,6:30 PM,4714,Avon Lake,,Bay Village   MC,,Boys,2016(U11),2,249
Troy Intermediate School (Troy 9A),8/27/26,Thu,6:30 PM,8011,Avon Lake,,Riverside,,Girls,2016(U11),4,249
Troy Intermediate School (Troy 9A),8/30/26,Sun,1:00 PM,2315,Avon Lake,,North Ridgeville,,Girls,2015(U12),3 West,249
Troy Intermediate School (Troy 9A),8/30/26,Sun,4:00 PM,4820,Avon Lake,,LaGrange,,Boys,2016(U11),3,249
Troy Intermediate School (Troy 9A),9/10/26,Thu,6:30 PM,1711,Avon Lake,,Brunswick,,Girls,2016(U11),2,249
Troy Intermediate School (Troy 9A),9/13/26,Sun,10:00 AM,1722,Avon Lake,,Twinsburg   Blue,,Girls,2016(U11),2,249
Troy Intermediate School (Troy 9A),9/13/26,Sun,11:30 AM,8018,Avon Lake,,North Olmsted,,Girls,2016(U11),4,249
Troy Intermediate School (Troy 9A),9/13/26,Sun,4:00 PM,4725,Avon Lake,,North Olmsted,,Boys,2016(U11),2,249
Troy Intermediate School (Troy 9A),9/14/26,Mon,6:30 PM,5124,Avon Lake,,Brunswick   RYL,,Boys,2015(U12),1,249
Troy Intermediate School (Troy 9A),9/20/26,Sun,11:30 AM,4730,Avon Lake,,Westlake   AM,,Boys,2016(U11),2,249
Troy Intermediate School (Troy 9A),9/20/26,Sun,2:30 PM,2323,Avon Lake,,Parma,,Girls,2015(U12),3 West,249
Troy Intermediate School (Troy 9A),9/20/26,Sun,5:30 PM,8022,Avon Lake,,Twinsburg   WHT,,Girls,2016(U11),4,249
Troy Intermediate School (Troy 9A),9/22/26,Tue,6:30 PM,5125,Avon Lake,,Strongsville   NB,,Boys,2015(U12),1,249
Troy Intermediate School (Troy 9A),9/27/26,Sun,4:00 PM,4734,Avon Lake,,Mayfield   MO,,Boys,2016(U11),2,249
Troy Intermediate School (Troy 9A),10/11/26,Sun,11:30 AM,1737,Avon Lake,,Cuyahoga Falls   RV,,Girls,2016(U11),2,249
Troy Intermediate School (Troy 9A),10/11/26,Sun,1:00 PM,4840,Avon Lake,,Strongsville   TG,,Boys,2016(U11),3,249
Troy Intermediate School (Troy 9A),10/11/26,Sun,4:00 PM,2332,Avon Lake,,Port Clinton,,Girls,2015(U12),3 West,249
Tru-Lay Stadium (High School 11v11),8/16/26,Sun,4:00 PM,5802,Port Clinton,,Avon Lake,,Boys,2014(U13),3 West,749
Tru-Lay Stadium (High School 11v11),8/16/26,Sun,5:30 PM,3406,Port Clinton,,Lakewood   G11G,,Girls,2012(U14/15),4 West,749
Tru-Lay Stadium (High School 11v11),8/23/26,Sun,4:00 PM,5804,Port Clinton,,Westlake   DS,,Boys,2014(U13),3 West,749
Tru-Lay Stadium (High School 11v11),8/30/26,Sun,11:30 AM,3424,Port Clinton,,North Ridgeville,,Girls,2012(U14/15),4 West,749
Tru-Lay Stadium (High School 11v11),9/20/26,Sun,4:00 PM,5817,Port Clinton,,Fairview Park,,Boys,2014(U13),3 West,749
Tru-Lay Stadium (High School 11v11),10/18/26,Sun,11:30 AM,3417,Port Clinton,,Fairview Park,,Girls,2012(U14/15),4 West,749
Tuslaw High School  (Tuslaw High School),9/12/26,Sat,5:00 PM,9418,Mustangs Jr,,Chippewa,,Girls,2012(U14/15),5 South,722
Tuslaw High School  (Tuslaw High School),10/18/26,Sun,4:00 PM,9411,Mustangs Jr,,Green,,Girls,2012(U14/15),5 South,722
Vermilion Soccer Club Fields (VR-C),8/16/26,Sun,4:00 PM,7202,Vermilion,,Rocky River   BLK,,Girls,2018(U09),5 West,331
Vermilion Soccer Club Fields (VR-C),8/23/26,Sun,1:00 PM,7208,Vermilion,,North Olmsted,,Girls,2018(U09),5 West,331
Vermilion Soccer Club Fields (VR-C),8/30/26,Sun,1:00 PM,13710,Vermilion,,Sandusky,,Boys,2018(U09),4 West EV,331
Vermilion Soccer Club Fields (VR-C),9/13/26,Sun,1:00 PM,13715,Vermilion,,Bay Village   JK,,Boys,2018(U09),4 West EV,331
Vermilion Soccer Club Fields (VR-C),9/13/26,Sun,2:30 PM,7224,Vermilion,,LaGrange,,Girls,2018(U09),5 West,331
Vermilion Soccer Club Fields (VR-C),9/27/26,Sun,2:30 PM,13720,Vermilion,,Avon Lake,,Boys,2018(U09),4 West EV,331
Vermilion Soccer Club Fields (VR-C),10/11/26,Sun,1:00 PM,13724,Vermilion,,Firelands,,Boys,2018(U09),4 West EV,331
Vermilion Soccer Club Fields (VR-C),10/11/26,Sun,4:00 PM,7239,Vermilion,,Midview,,Girls,2018(U09),5 West,331
Vermilion Soccer Club Fields (VR-E),8/16/26,Sun,11:30 AM,4705,Vermilion,,Olmsted Falls   Blue,,Boys,2016(U11),2,331
Vermilion Soccer Club Fields (VR-E),8/23/26,Sun,2:30 PM,2406,Vermilion,,Avon,,Girls,2015(U12),4 West,331
Vermilion Soccer Club Fields (VR-E),8/25/26,Tue,6:30 PM,4711,Vermilion,,Orange,,Boys,2016(U11),2,331
Vermilion Soccer Club Fields (VR-E),8/30/26,Sun,5:30 PM,2411,Vermilion,,North Royalton,,Girls,2015(U12),4 West,331
Vermilion Soccer Club Fields (VR-E),9/13/26,Sun,4:00 PM,4722,Vermilion,,Bay Village   MC,,Boys,2016(U11),2,331
Vermilion Soccer Club Fields (VR-E),9/15/26,Tue,6:30 PM,2414,Vermilion,,Sandusky,,Girls,2015(U12),4 West,331
Vermilion Soccer Club Fields (VR-E),9/20/26,Sun,2:30 PM,2418,Vermilion,,Rocky River   WHT,,Girls,2015(U12),4 West,331
Vermilion Soccer Club Fields (VR-E),10/11/26,Sun,4:00 PM,4737,Vermilion,,Avon Lake,,Boys,2016(U11),2,331
Vermilion Soccer Club Fields (VR-G),8/16/26,Sun,1:00 PM,3402,Vermilion,,Rocky River   BLK,,Girls,2012(U14/15),4 West,331
Vermilion Soccer Club Fields (VR-G),8/16/26,Sun,2:30 PM,6002,Vermilion,,North Ridgeville,,Boys,2014(U13),5 West,331
Vermilion Soccer Club Fields (VR-G),8/23/26,Sun,4:00 PM,3412,Vermilion,,Olmsted Falls   Blue,,Girls,2012(U14/15),4 West,331
Vermilion Soccer Club Fields (VR-G),8/30/26,Sun,4:00 PM,3419,Vermilion,,Avon,,Girls,2012(U14/15),4 West,331
Vermilion Soccer Club Fields (VR-G),9/13/26,Sun,5:30 PM,6010,Vermilion,,Avon,,Boys,2014(U13),5 West,331
Vermilion Soccer Club Fields (VR-G),10/11/26,Sun,11:30 AM,6015,Vermilion,,Sandusky,,Boys,2014(U13),5 West,331
Vermilion Soccer Club Fields (VR-G),10/11/26,Sun,5:30 PM,3448,Vermilion,,Port Clinton,,Girls,2012(U14/15),4 West,331
Vermilion Soccer Club Fields (VR-G),10/18/26,Sun,2:30 PM,6018,Vermilion,,Oberlin,,Boys,2014(U13),5 West,331
Walker Road Park  (Walker 1 - 7v7),8/16/26,Sun,11:30 AM,4301,Bay Village   JH,,Lakewood   B16P,,Boys,2017(U10),3 West,144
Walker Road Park  (Walker 1 - 7v7),8/16/26,Sun,1:00 PM,1204,Bay Village   BW,,Kenston,,Girls,2017(U10),2,144
Walker Road Park  (Walker 1 - 7v7),8/16/26,Sun,2:30 PM,13702,Bay Village   JK,,Vermilion,,Boys,2018(U09),4 West EV,144
Walker Road Park  (Walker 1 - 7v7),8/16/26,Sun,4:00 PM,4102,Bay Village   BK,,Avon,,Boys,2017(U10),1,144
Walker Road Park  (Walker 1 - 7v7),8/16/26,Sun,5:30 PM,4401,Bay Village   MW,,Amherst,,Boys,2017(U10),4 West,144
Walker Road Park  (Walker 1 - 7v7),8/23/26,Sun,1:00 PM,13704,Bay Village   JK,,Sandusky,,Boys,2018(U09),4 West EV,144
Walker Road Park  (Walker 1 - 7v7),8/23/26,Sun,2:30 PM,3908,Bay Village   DS,,Lakewood   B17P,,Boys,2018(U09),4 West EN,144
Walker Road Park  (Walker 1 - 7v7),8/23/26,Sun,4:00 PM,1206,Bay Village   BW,,Brecksville Bees SA,,Girls,2017(U10),2,144
Walker Road Park  (Walker 1 - 7v7),8/23/26,Sun,5:30 PM,4305,Bay Village   JH,,Rocky River   MRN,,Boys,2017(U10),3 West,144
Walker Road Park  (Walker 1 - 7v7),8/23/26,Sun,6:30 PM,4104,Bay Village   BK,,Hudson   PEIG,,Boys,2017(U10),1,144
Walker Road Park  (Walker 1 - 7v7),8/25/26,Tue,6:30 PM,909,Bay Village   IF,,Avon,,Girls,2018(U09),4 West,144
Walker Road Park  (Walker 1 - 7v7),8/26/26,Wed,6:30 PM,908,Bay Village   TU,,Fairview Park,,Girls,2018(U09),4 West,144
Walker Road Park  (Walker 1 - 7v7),8/27/26,Thu,6:30 PM,3910,Bay Village   SE,,Bay Village   DS,,Boys,2018(U09),4 West EN,144
Walker Road Park  (Walker 1 - 7v7),8/30/26,Sun,1:00 PM,3915,Bay Village   DS,,North Olmsted,,Boys,2018(U09),4 West EN,144
Walker Road Park  (Walker 1 - 7v7),8/30/26,Sun,2:30 PM,3815,Bay Village   SM,,North Olmsted,,Boys,2018(U09),3 West,144
Walker Road Park  (Walker 1 - 7v7),8/30/26,Sun,2:30 PM,4316,Bay Village   JH,,Avon Lake,,Boys,2017(U10),3 West,144
Walker Road Park  (Walker 1 - 7v7),8/30/26,Sun,4:00 PM,1216,Bay Village   BW,,Avon Lake,,Girls,2017(U10),2,144
Walker Road Park  (Walker 1 - 7v7),8/30/26,Sun,5:30 PM,9807,Bay Village   AH,,Rocky River   TID,,Boys,2019(U08),West E,144
Walker Road Park  (Walker 1 - 7v7),8/30/26,Sun,5:30 PM,4417,Bay Village   MW,,Avon Lake,,Boys,2017(U10),4 West,144
Walker Road Park  (Walker 1 - 7v7),9/13/26,Sun,1:00 PM,15114,Bay Village   BH,,Amherst,,Girls,2017(U10),4 West EV,144
Walker Road Park  (Walker 1 - 7v7),9/13/26,Sun,2:30 PM,4319,Bay Village   JH,,Port Clinton   RED,,Boys,2017(U10),3 West,144
Walker Road Park  (Walker 1 - 7v7),9/13/26,Sun,4:00 PM,9714,Bay Village   NP,,Avon Lake,,Boys,2019(U08),West N,144
Walker Road Park  (Walker 1 - 7v7),9/13/26,Sun,5:30 PM,3920,Bay Village   SE,,Independence,,Boys,2018(U09),4 West EN,144
Walker Road Park  (Walker 1 - 7v7),9/20/26,Sun,1:00 PM,13717,Bay Village   JK,,Avon Lake,,Boys,2018(U09),4 West EV,144
Walker Road Park  (Walker 1 - 7v7),9/20/26,Sun,2:30 PM,3923,Bay Village   DS,,Independence,,Boys,2018(U09),4 West EN,144
Walker Road Park  (Walker 1 - 7v7),9/20/26,Sun,4:00 PM,1227,Bay Village   BW,,Westlake   NF,,Girls,2017(U10),2,144
Walker Road Park  (Walker 1 - 7v7),9/20/26,Sun,5:30 PM,4527,Bay Village   AF,,Parma,,Boys,2017(U10),5 West,144
Walker Road Park  (Walker 1 - 7v7),9/22/26,Tue,6:00 PM,4117,Bay Village   BK,,Mayfield   KHA,,Boys,2017(U10),1,144
Walker Road Park  (Walker 1 - 7v7),9/27/26,Sun,8:30 AM,9721,Bay Village   BH,,Avon Lake,,Boys,2019(U08),West N,144
Walker Road Park  (Walker 1 - 7v7),9/27/26,Sun,11:30 AM,7421,Bay Village   ND,,Parma,,Girls,2017(U10),4 West,144
Walker Road Park  (Walker 1 - 7v7),9/27/26,Sun,1:00 PM,6613,Bay Village   MU,,Rocky River   SRG,,Girls,2019(U08),West E,144
Walker Road Park  (Walker 1 - 7v7),9/27/26,Sun,2:30 PM,4433,Bay Village   MW,,Olmsted Falls   Silv,,Boys,2017(U10),4 West,144
Walker Road Park  (Walker 1 - 7v7),9/27/26,Sun,4:00 PM,6614,Bay Village   CL,,Westlake   HH,,Girls,2019(U08),West E,144
Walker Road Park  (Walker 1 - 7v7),9/27/26,Sun,5:30 PM,3928,Bay Village   SE,,Lakewood   B17P,,Boys,2018(U09),4 West EN,144
Walker Road Park  (Walker 1 - 7v7),10/11/26,Sun,11:30 AM,3929,Bay Village   SE,,Westlake   TB,,Boys,2018(U09),4 West EN,144
Walker Road Park  (Walker 1 - 7v7),10/11/26,Sun,1:00 PM,3832,Bay Village   SM,,Brunswick   RYL,,Boys,2018(U09),3 West,144
Walker Road Park  (Walker 1 - 7v7),10/11/26,Sun,2:30 PM,924,Bay Village   IF,,Bay Village   TU,,Girls,2018(U09),4 West,144
Walker Road Park  (Walker 1 - 7v7),10/11/26,Sun,4:00 PM,3932,Bay Village   DS,,Rocky River   WHT,,Boys,2018(U09),4 West EN,144
Walker Road Park  (Walker 1 - 7v7),10/11/26,Sun,5:30 PM,13723,Bay Village   JK,,Westlake   SB,,Boys,2018(U09),4 West EV,144
Walker Road Park  (Walker 1 - 7v7),10/18/26,Sun,11:30 AM,925,Bay Village   TU,,Rocky River   WHT,,Girls,2018(U09),4 West,144
Walker Road Park  (Walker 1 - 7v7),10/18/26,Sun,2:30 PM,418,Bay Village   MU,,Avon Lake,,Girls,2019(U08),West N,144
Walker Road Park  (Walker 1 - 7v7),10/18/26,Sun,4:00 PM,927,Bay Village   IF,,Fairview Park,,Girls,2018(U09),4 West,144
Walker Road Park  (Walker 1 - 7v7),10/25/26,Sun,11:30 AM,6619,Bay Village   CL,,Bay Village   MU,,Girls,2019(U08),West E,144
Walker Road Park  (Walker 1 - 7v7),10/25/26,Sun,2:30 PM,119,Bay Village   BK,,Rocky River   SRG,,Boys,2019(U08),West V,144
Walker Road Park  (Walker 1 - 7v7),10/25/26,Sun,4:00 PM,928,Bay Village   TU,,Westlake   GF,,Girls,2018(U09),4 West,144
Walker Road Park  (Walker 2 7v7),8/16/26,Sun,1:00 PM,402,Bay Village   MU,,Bay Village   AC,,Girls,2019(U08),West N,144
Walker Road Park  (Walker 2 7v7),8/16/26,Sun,4:00 PM,6601,Bay Village   CL,,Rocky River   SRG,,Girls,2019(U08),West E,144
Walker Road Park  (Walker 2 7v7),8/16/26,Sun,5:30 PM,101,Bay Village   BK,,Olmsted Falls   Gold,,Boys,2019(U08),West V,144
Walker Road Park  (Walker 2 7v7),8/16/26,Sun,5:30 PM,903,Bay Village   TU,,Bay Village   IF,,Girls,2018(U09),4 West,144
Walker Road Park  (Walker 2 7v7),8/19/26,Wed,6:30 PM,9703,Bay Village   NP,,Bay Village   BH,,Boys,2019(U08),West N,144
Walker Road Park  (Walker 2 7v7),8/23/26,Sun,11:30 AM,904,Bay Village   IF,,Parma,,Girls,2018(U09),4 West,144
Walker Road Park  (Walker 2 7v7),8/23/26,Sun,1:00 PM,9705,Bay Village   NP,,Westlake   KM,,Boys,2019(U08),West N,144
Walker Road Park  (Walker 2 7v7),8/23/26,Sun,2:30 PM,404,Bay Village   AC,,Avon Lake,,Girls,2019(U08),West N,144
Walker Road Park  (Walker 2 7v7),8/23/26,Sun,4:00 PM,9804,Bay Village   AH,,Avon Lake,,Boys,2019(U08),West E,144
Walker Road Park  (Walker 2 7v7),8/25/26,Tue,6:30 PM,6605,Bay Village   MU,,Westlake   RG,,Girls,2019(U08),West E,144
Walker Road Park  (Walker 2 7v7),8/27/26,Thu,6:30 PM,812,Bay Village   JW,,Strongsville   DC,,Girls,2018(U09),3,144
Walker Road Park  (Walker 2 7v7),8/30/26,Sun,11:30 AM,9712,Bay Village   BH,,Bay Village   NP,,Boys,2019(U08),West N,144
Walker Road Park  (Walker 2 7v7),8/30/26,Sun,1:00 PM,407,Bay Village   AC,,Rocky River   TID,,Girls,2019(U08),West N,144
Walker Road Park  (Walker 2 7v7),8/30/26,Sun,2:30 PM,108,Bay Village   BK,,Westlake   MC,,Boys,2019(U08),West V,144
Walker Road Park  (Walker 2 7v7),8/30/26,Sun,4:00 PM,6608,Bay Village   CL,,Westlake   RG,,Girls,2019(U08),West E,144
Walker Road Park  (Walker 2 7v7),9/13/26,Sun,11:30 AM,6609,Bay Village   MU,,Bay Village   CL,,Girls,2019(U08),West E,144
Walker Road Park  (Walker 2 7v7),9/13/26,Sun,2:30 PM,410,Bay Village   MU,,Westlake   BL,,Girls,2019(U08),West N,144
Walker Road Park  (Walker 2 7v7),9/16/26,Wed,6:00 PM,821,Bay Village   JW,,Mayfield   Sk,,Girls,2018(U09),3,144
Walker Road Park  (Walker 2 7v7),9/17/26,Thu,6:00 PM,9718,Bay Village   BH,,Westlake   KM,,Boys,2019(U08),West N,144
Walker Road Park  (Walker 2 7v7),9/20/26,Sun,4:00 PM,9812,Bay Village   AH,,Fairview Park,,Boys,2019(U08),West E,144
Walker Road Park  (Walker 2 7v7),9/20/26,Sun,5:30 PM,3823,Bay Village   SM,,Olmsted Falls   Blue,,Boys,2018(U09),3 West,144
Walker Road Park  (Walker 2 7v7),9/27/26,Sun,2:30 PM,114,Bay Village   BK,,Avon Lake,,Boys,2019(U08),West V,144
Walker Road Park  (Walker 2 7v7),9/29/26,Tue,6:00 PM,830,Bay Village   JW,,Olmsted Falls   Gold,,Girls,2018(U09),3,144
Walker Road Park  (Walker 2 7v7),10/1/26,Thu,6:00 PM,9816,Bay Village   AH,,North Ridgeville,,Boys,2019(U08),West E,144
Walker Road Park  (Walker 2 7v7),10/11/26,Sun,2:30 PM,415,Bay Village   MU,,Rocky River   TID,,Girls,2019(U08),West N,144
Walker Road Park  (Walker 2 7v7),10/11/26,Sun,4:00 PM,9722,Bay Village   NP,,Rocky River   STM,,Boys,2019(U08),West N,144
Walker Road Park  (Walker 2 7v7),10/11/26,Sun,4:00 PM,416,Bay Village   AC,,Westlake   BL,,Girls,2019(U08),West N,144
Walker Road Park  (Walker 2 7v7),10/18/26,Sun,1:00 PM,6617,Bay Village   MU,,Westlake   HH,,Girls,2019(U08),West E,144
Walker Road Park  (Walker 3 7v7),8/27/26,Thu,6:30 PM,9708,Bay Village   BH,,Olmsted Falls   Blue,,Boys,2019(U08),West N,144
Walker Road Park  (Walker 3 7v7),9/20/26,Sun,1:00 PM,412,Bay Village   AC,,Bay Village   MU,,Girls,2019(U08),West N,144
Walker Road Park  (Walker 4 7v7),8/16/26,Sun,1:00 PM,4504,Bay Village   AF,,Rocky River   WHT,,Boys,2017(U10),5 West,144
Walker Road Park  (Walker 4 7v7),8/16/26,Sun,4:00 PM,15103,Bay Village   BH,,Port Clinton,,Girls,2017(U10),4 West EV,144
Walker Road Park  (Walker 4 7v7),8/23/26,Sun,11:30 AM,15105,Bay Village   BH,,Avon Lake,,Girls,2017(U10),4 West EV,144
Walker Road Park  (Walker 4 7v7),8/23/26,Sun,2:30 PM,4410,Bay Village   MW,,Norwalk HCYSC,,Boys,2017(U10),4 West,144
Walker Road Park  (Walker 4 7v7),8/23/26,Sun,4:00 PM,4509,Bay Village   SA,,Olmsted Falls   Wht,,Boys,2017(U10),5 West,144
Walker Road Park  (Walker 4 7v7),8/23/26,Sun,5:30 PM,3808,Bay Village   SM,,Avon Lake,,Boys,2018(U09),3 West,144
Walker Road Park  (Walker 4 7v7),8/25/26,Tue,6:30 PM,7408,Bay Village   ND,,North Ridgeville,,Girls,2017(U10),4 West,144
Walker Road Park  (Walker 4 7v7),8/30/26,Sun,1:00 PM,4520,Bay Village   SA,,Sandusky,,Boys,2017(U10),5 West,144
Walker Road Park  (Walker 4 7v7),8/30/26,Sun,2:30 PM,4516,Bay Village   AF,,Lakewood   B16W,,Boys,2017(U10),5 West,144
Walker Road Park  (Walker 4 7v7),8/30/26,Sun,4:00 PM,7412,Bay Village   ND,,Fairview Park,,Girls,2017(U10),4 West,144
Walker Road Park  (Walker 4 7v7),9/1/26,Tue,6:30 PM,4123,Bay Village   BK,,Green,,Boys,2017(U10),1,144
Walker Road Park  (Walker 4 7v7),9/20/26,Sun,10:00 AM,7418,Bay Village   ND,,Lakewood   G16P,,Girls,2017(U10),4 West,144
Walker Road Park  (Walker 4 7v7),10/11/26,Sun,1:00 PM,4540,Bay Village   SA,,Bay Village   AF,,Boys,2017(U10),5 West,144
Walker Road Park  (Walker 4 7v7),10/11/26,Sun,4:00 PM,15122,Bay Village   BH,,Avon,,Girls,2017(U10),4 West EV,144
Walker Road Park  (Walker 4 7v7),10/18/26,Sun,1:00 PM,4506,Bay Village   AF,,Port Clinton   WHT,,Boys,2017(U10),5 West,144
Walker Road Park  (Walker 4 7v7),10/18/26,Sun,4:00 PM,4503,Bay Village   SA,,Brunswick   BLK,,Boys,2017(U10),5 West,144
Walker Road Park  (Walker 5 9v9),8/16/26,Sun,11:30 AM,5102,Bay Village   GE,,Shaker Hts.   BLK,,Boys,2015(U12),1,144
Walker Road Park  (Walker 5 9v9),8/16/26,Sun,2:30 PM,1802,Bay Village   CM,,Strongsville   MAD,,Girls,2016(U11),3 West,144
Walker Road Park  (Walker 5 9v9),8/16/26,Sun,4:00 PM,4805,Bay Village   AS,,LaGrange,,Boys,2016(U11),3,144
Walker Road Park  (Walker 5 9v9),8/23/26,Sun,1:00 PM,4710,Bay Village   MC,,Rocky River   MRN,,Boys,2016(U11),2,144
Walker Road Park  (Walker 5 9v9),8/23/26,Sun,2:30 PM,1804,Bay Village   CM,,Amherst,,Girls,2016(U11),3 West,144
Walker Road Park  (Walker 5 9v9),8/25/26,Tue,6:30 PM,4909,Bay Village   KD,,Norwalk HCYSC,,Boys,2016(U11),4 West,144
Walker Road Park  (Walker 5 9v9),8/26/26,Wed,6:30 PM,5111,Bay Village   GE,,Brunswick   RYL,,Boys,2015(U12),1,144
Walker Road Park  (Walker 5 9v9),8/27/26,Thu,5:30 PM,1715,Bay Village   AC,,Olmsted Falls   Blue,,Girls,2016(U11),2,144
Walker Road Park  (Walker 5 9v9),8/27/26,Thu,6:30 PM,4811,Bay Village   AS,,Avon Lake,,Boys,2016(U11),3,144
Walker Road Park  (Walker 5 9v9),8/30/26,Sun,11:30 AM,5310,Bay Village   AC,,Sandusky,,Boys,2015(U12),3 West,144
Walker Road Park  (Walker 5 9v9),8/30/26,Sun,1:00 PM,4913,Bay Village   KD,,North Olmsted,,Boys,2016(U11),4 West,144
Walker Road Park  (Walker 5 9v9),8/30/26,Sun,2:30 PM,4717,Bay Village   MC,,Westlake   AM,,Boys,2016(U11),2,144
Walker Road Park  (Walker 5 9v9),8/30/26,Sun,5:30 PM,5515,Bay Village   JS,,Lakewood   B14B,,Boys,2015(U12),5 West,144
Walker Road Park  (Walker 5 9v9),9/2/26,Wed,6:00 PM,2210,Bay Village   KB,,North Olmsted,,Girls,2015(U12),2,144
Walker Road Park  (Walker 5 9v9),9/13/26,Sun,4:00 PM,5315,Bay Village   AC,,Westlake   TM,,Boys,2015(U12),3 West,144
Walker Road Park  (Walker 5 9v9),9/13/26,Sun,5:30 PM,1721,Bay Village   AC,,Jackson,,Girls,2016(U11),2,144
Walker Road Park  (Walker 5 9v9),9/17/26,Thu,6:00 PM,5118,Bay Village   GE,,Avon Lake,,Boys,2015(U12),1,144
Walker Road Park  (Walker 5 9v9),9/20/26,Sun,11:30 AM,5523,Bay Village   JS,,Parma,,Boys,2015(U12),5 West,144
Walker Road Park  (Walker 5 9v9),9/20/26,Sun,11:30 AM,1817,Bay Village   CM,,North Royalton,,Girls,2016(U11),3 West,144
Walker Road Park  (Walker 5 9v9),9/20/26,Sun,1:00 PM,2235,Bay Village   KB,,NP Aurora,,Girls,2015(U12),2,144
Walker Road Park  (Walker 5 9v9),9/20/26,Sun,5:30 PM,5122,Bay Village   GE,,NP Aurora,,Boys,2015(U12),1,144
Walker Road Park  (Walker 5 9v9),9/21/26,Mon,6:00 PM,4837,Bay Village   AS,,Westlake   RR,,Boys,2016(U11),3,144
Walker Road Park  (Walker 5 9v9),9/22/26,Tue,6:00 PM,5320,Bay Village   AC,,Olmsted Falls   Blue,,Boys,2015(U12),3 West,144
Walker Road Park  (Walker 5 9v9),9/22/26,Tue,6:00 PM,1731,Bay Village   AC,,Westlake   PD,,Girls,2016(U11),2,144
Walker Road Park  (Walker 5 9v9),9/24/26,Thu,6:30 PM,4701,Bay Village   MC,,North Olmsted,,Boys,2016(U11),2,144
Walker Road Park  (Walker 5 9v9),9/27/26,Sun,4:00 PM,4926,Bay Village   KD,,Amherst,,Boys,2016(U11),4 West,144
Walker Road Park  (Walker 5 9v9),9/27/26,Sun,5:30 PM,4733,Bay Village   MC,,Shaker Hts.   BLK,,Boys,2016(U11),2,144
Walker Road Park  (Walker 5 9v9),10/11/26,Sun,11:30 AM,5532,Bay Village   JS,,Rocky River   GRY,,Boys,2015(U12),5 West,144
Walker Road Park  (Walker 5 9v9),10/11/26,Sun,2:30 PM,1738,Bay Village   AC,,Green,,Girls,2016(U11),2,144
Walker Road Park  (Walker 5 9v9),10/11/26,Sun,5:30 PM,5324,Bay Village   AC,,Amherst,,Boys,2015(U12),3 West,144
Walker Road Park  (Walker 5 9v9),10/18/26,Sun,4:00 PM,1823,Bay Village   CM,,Parma,,Girls,2016(U11),3 West,144
Walker Road Park  (Walker 6 9v9),8/16/26,Sun,11:30 AM,2204,Bay Village   KB,,Mayfield   KHO,,Girls,2015(U12),2,144
Walker Road Park  (Walker 6 9v9),8/23/26,Sun,11:30 AM,5508,Bay Village   JS,,Norwalk HCYSC,,Boys,2015(U12),5 West,144
Walker Road Park  (Walker 6 9v9),9/13/26,Sun,4:00 PM,2229,Bay Village   KB,,Shaker Hts.   BLK,,Girls,2015(U12),2,144
Walker Road Park  (Walker 6 9v9),10/25/26,Sun,11:30 AM,4931,Bay Village   KD,,Brunswick   WHT,,Boys,2016(U11),4 West,144
Walker Road Park  (Walker 7 11v11),8/16/26,Sun,4:00 PM,2902,Bay Village   JK,,Firelands,,Girls,2014(U13),4,144
Walker Road Park  (Walker 7 11v11),8/23/26,Sun,2:30 PM,2604,Bay Village   CA,,Medina   13GN,,Girls,2014(U13),1,144
Walker Road Park  (Walker 7 11v11),8/23/26,Sun,2:30 PM,2904,Bay Village   JK,,North Royalton,,Girls,2014(U13),4,144
Walker Road Park  (Walker 7 11v11),8/25/26,Tue,6:30 PM,5808,Bay Village   TH,,Port Clinton,,Boys,2014(U13),3 West,144
Walker Road Park  (Walker 7 11v11),8/30/26,Sun,4:30 PM,5812,Bay Village   TH,,Fairview Park,,Boys,2014(U13),3 West,144
Walker Road Park  (Walker 7 11v11),8/30/26,Sun,6:00 PM,3110,Bay Village   DR,,Ashland,,Girls,2012(U14/15),1,144
Walker Road Park  (Walker 7 11v11),9/8/26,Tue,6:30 PM,5611,Bay Village   BW,,Solon United,,Boys,2014(U13),1,144
Walker Road Park  (Walker 7 11v11),9/10/26,Thu,6:30 PM,5606,Bay Village   BW,,Chagrin Falls,,Boys,2014(U13),1,144
Walker Road Park  (Walker 7 11v11),9/13/26,Sun,11:30 AM,817,Bay Village   JW,,Avon Lake,,Girls,2018(U09),3,144
Walker Road Park  (Walker 7 11v11),9/13/26,Sun,1:00 PM,4822,Bay Village   AS,,Revere,,Boys,2016(U11),3,144
Walker Road Park  (Walker 7 11v11),9/14/26,Mon,6:30 PM,3115,Bay Village   DR,,Brecksville Bees SA,,Girls,2012(U14/15),1,144
Walker Road Park  (Walker 7 11v11),9/20/26,Sun,1:00 PM,5818,Bay Village   TH,,Avon Lake,,Boys,2014(U13),3 West,144
Walker Road Park  (Walker 7 11v11),9/20/26,Sun,5:30 PM,2917,Bay Village   JK,,Amherst,,Girls,2014(U13),4,144
Walker Road Park  (Walker 7 11v11),9/21/26,Mon,6:00 PM,2609,Bay Village   CA,,Kenston,,Girls,2014(U13),1,144
Walker Road Park  (Walker 7 11v11),9/27/26,Sun,6:30 PM,3120,Bay Village   DR,,Brunswick,,Girls,2012(U14/15),1,144
Walker Road Park  (Walker 7 11v11),10/1/26,Thu,6:00 PM,5821,Bay Village   TH,,LaGrange,,Boys,2014(U13),3 West,144
Walker Road Park  (Walker 7 11v11),10/11/26,Sun,11:30 AM,6337,Bay Village   MM,,Amherst,,Boys,2012(U14/15),3 West,144
Walker Road Park  (Walker 7 11v11),10/11/26,Sun,1:00 PM,2923,Bay Village   JK,,Mentor,,Girls,2014(U13),4,144
Walker Road Park  (Walker 7 11v11),10/11/26,Sun,2:30 PM,2624,Bay Village   CA,,Mayfield   SS,,Girls,2014(U13),1,144
Walker Road Park  (Walker 7 11v11),10/11/26,Sun,4:00 PM,3124,Bay Village   DR,,Stow   Mar,,Girls,2012(U14/15),1,144
Walker Road Park  (Walker 7 11v11),10/18/26,Sun,2:30 PM,5618,Bay Village   BW,,Green,,Boys,2014(U13),1,144
Walker Road Park  (Walker 7 11v11),10/18/26,Sun,5:30 PM,2627,Bay Village   CA,,North Royalton,,Girls,2014(U13),1,144
Warren JFk High School (Espisito Field),8/16/26,Sun,5:30 PM,14801,Warren,,West Geauga,,Boys,2012(U14/15),2 East,760
Warren JFk High School (Espisito Field),8/23/26,Sun,2:30 PM,14805,Warren,,Mayfield   MA,,Boys,2012(U14/15),2 East,760
Warren JFk High School (Espisito Field),9/13/26,Sun,1:00 PM,14819,Warren,,Broadview Hts.,,Boys,2012(U14/15),2 East,760
Waterworks Park (Waterworks 7v7 (Field 1)),8/16/26,Sun,11:30 AM,14401,Cuyahoga Falls   SB,,Brecksville Bees SA,,Boys,2017(U10),4 South EN,279
Waterworks Park (Waterworks 7v7 (Field 1)),8/16/26,Sun,1:00 PM,1201,Cuyahoga Falls   TC,,Shaker Hts.   BLK,,Girls,2017(U10),2,279
Waterworks Park (Waterworks 7v7 (Field 1)),8/16/26,Sun,4:00 PM,7502,Cuyahoga Falls   SV,,Manchester,,Girls,2017(U10),4 South,279
Waterworks Park (Waterworks 7v7 (Field 1)),8/16/26,Sun,5:00 PM,10203,Cuyahoga Falls   DW,,Revere   RED,,Boys,2018(U09),4 South EN,279
Waterworks Park (Waterworks 7v7 (Field 1)),8/23/26,Sun,11:30 AM,14405,Cuyahoga Falls   SB,,Green,,Boys,2017(U10),4 South EN,279
Waterworks Park (Waterworks 7v7 (Field 1)),8/23/26,Sun,1:00 PM,10207,Cuyahoga Falls   DW,,Wadsworth   RUFF,,Boys,2018(U09),4 South EN,279
Waterworks Park (Waterworks 7v7 (Field 1)),8/23/26,Sun,2:30 PM,10008,Cuyahoga Falls   KO,,Norton,,Boys,2018(U09),3 South,279
Waterworks Park (Waterworks 7v7 (Field 1)),8/23/26,Sun,4:00 PM,1210,Cuyahoga Falls   TC,,Kenston,,Girls,2017(U10),2,279
Waterworks Park (Waterworks 7v7 (Field 1)),8/25/26,Tue,6:30 PM,10710,Cuyahoga Falls   MG,,Norton,,Boys,2017(U10),3 South,279
Waterworks Park (Waterworks 7v7 (Field 1)),8/30/26,Sun,1:00 PM,1217,Cuyahoga Falls   TC,,Independence,,Girls,2017(U10),2,279
Waterworks Park (Waterworks 7v7 (Field 1)),8/30/26,Sun,4:00 PM,10015,Cuyahoga Falls   KO,,Ashland,,Boys,2018(U09),3 South,279
Waterworks Park (Waterworks 7v7 (Field 1)),9/13/26,Sun,2:30 PM,7510,Cuyahoga Falls   SV,,Kent   TS,,Girls,2017(U10),4 South,279
Waterworks Park (Waterworks 7v7 (Field 1)),9/13/26,Sun,5:30 PM,10720,Cuyahoga Falls   MG,,Revere   RED,,Boys,2017(U10),3 South,279
Waterworks Park (Waterworks 7v7 (Field 1)),9/20/26,Sun,1:00 PM,10224,Cuyahoga Falls   DW,,Stow   Whte,,Boys,2018(U09),4 South EN,279
Waterworks Park (Waterworks 7v7 (Field 1)),9/20/26,Sun,2:30 PM,10023,Cuyahoga Falls   KO,,Strongsville   BL,,Boys,2018(U09),3 South,279
Waterworks Park (Waterworks 7v7 (Field 1)),9/27/26,Sun,11:30 AM,14420,Cuyahoga Falls   SB,,North Canton,,Boys,2017(U10),4 South EN,279
Waterworks Park (Waterworks 7v7 (Field 1)),9/27/26,Sun,1:00 PM,10225,Cuyahoga Falls   DW,,Medina   9Gld,,Boys,2018(U09),4 South EN,279
Waterworks Park (Waterworks 7v7 (Field 1)),9/27/26,Sun,1:00 PM,1233,Cuyahoga Falls   TC,,Bay Village   BW,,Girls,2017(U10),2,279
Waterworks Park (Waterworks 7v7 (Field 1)),9/27/26,Sun,4:00 PM,10728,Cuyahoga Falls   MG,,Strongsville   KL,,Boys,2017(U10),3 South,279
Waterworks Park (Waterworks 7v7 (Field 1)),10/11/26,Sun,11:30 AM,14422,Cuyahoga Falls   SB,,Field,,Boys,2017(U10),4 South EN,279
Waterworks Park (Waterworks 7v7 (Field 1)),10/11/26,Sun,1:00 PM,7515,Cuyahoga Falls   SV,,Copley,,Girls,2017(U10),4 South,279
Waterworks Park (Waterworks 7v7 (Field 1)),10/11/26,Sun,2:30 PM,10032,Cuyahoga Falls   KO,,Columbia Station,,Boys,2018(U09),3 South,279
Waterworks Park (Waterworks 7v7 (Field 1)),10/18/26,Sun,2:30 PM,7518,Cuyahoga Falls   SV,,Medina   10WT,,Girls,2017(U10),4 South,279
Waterworks Park (Waterworks 7v7 (Field 1)),10/18/26,Sun,3:00 PM,10729,Cuyahoga Falls   MG,,Akron Inner City,,Boys,2017(U10),3 South,279
Waterworks Park (Waterworks 9V9 (Field 2)),8/23/26,Sun,6:00 PM,12008,Cuyahoga Falls   JH12,,North Royalton,,Boys,2015(U12),3 South,279
Waterworks Park (Waterworks 9V9 (Field 2)),8/26/26,Wed,6:30 PM,12015,Cuyahoga Falls   JH12,,Highland   JC2,,Boys,2015(U12),3 South,279
Waterworks Park (Waterworks 9V9 (Field 2)),8/27/26,Thu,6:30 PM,11514,Cuyahoga Falls   JH11,,Wadsworth   DOL,,Boys,2016(U11),4 South,279
Waterworks Park (Waterworks 9V9 (Field 2)),9/2/26,Wed,6:30 PM,8410,Cuyahoga Falls   GL,,Independence,,Girls,2015(U12),3 East,279
Waterworks Park (Waterworks 9V9 (Field 2)),9/13/26,Sun,2:00 PM,11525,Cuyahoga Falls   JH11,,North Royalton,,Boys,2016(U11),4 South,279
Waterworks Park (Waterworks 9V9 (Field 2)),9/13/26,Sun,4:00 PM,1725,Cuyahoga Falls   RV,,Green,,Girls,2016(U11),2,279
Waterworks Park (Waterworks 9V9 (Field 2)),9/16/26,Wed,6:00 PM,8415,Cuyahoga Falls   GL,,Stow   Mar,,Girls,2015(U12),3 East,279
Waterworks Park (Waterworks 9V9 (Field 2)),9/20/26,Sun,11:30 AM,11530,Cuyahoga Falls   JH11,,Lake Select SC   U11,,Boys,2016(U11),4 South,279
Waterworks Park (Waterworks 9V9 (Field 2)),9/20/26,Sun,4:00 PM,1730,Cuyahoga Falls   RV,,Bay Village   AC,,Girls,2016(U11),2,279
Waterworks Park (Waterworks 9V9 (Field 2)),9/20/26,Sun,5:30 PM,12023,Cuyahoga Falls   JH12,,Buckeye,,Boys,2015(U12),3 South,279
Waterworks Park (Waterworks 9V9 (Field 2)),9/27/26,Sun,2:30 PM,1734,Cuyahoga Falls   RV,,Rocky River   MRN,,Girls,2016(U11),2,279
Waterworks Park (Waterworks 9V9 (Field 2)),9/27/26,Sun,4:00 PM,11534,Cuyahoga Falls   JH11,,Highland   BB1,,Boys,2016(U11),4 South,279
Waterworks Park (Waterworks 9V9 (Field 2)),9/27/26,Sun,5:30 PM,8420,Cuyahoga Falls   GL,,Kenston,,Girls,2015(U12),3 East,279
Waterworks Park (Waterworks 9V9 (Field 2)),10/11/26,Sun,1:00 PM,12032,Cuyahoga Falls   JH12,,Brecksville Bees SA,,Boys,2015(U12),3 South,279
Waterworks Park (Waterworks 9V9 (Field 2)),10/11/26,Sun,5:30 PM,8424,Cuyahoga Falls   GL,,Kent   TS,,Girls,2015(U12),3 East,279
Waterworks Park (Waterworks 9V9 (Field 2)),10/18/26,Sun,4:00 PM,1714,Cuyahoga Falls   RV,,Twinsburg   Blue,,Girls,2016(U11),2,279
West Geauga Commons (Junior (Side) Field),8/23/26,Sun,4:00 PM,11905,West Geauga,,Hudson   RENN,,Boys,2015(U12),3 East,70
West Geauga Commons (Junior (Side) Field),8/25/26,Tue,6:30 PM,8809,West Geauga,,Orange,,Girls,2015(U12),5,70
West Geauga Commons (Junior (Side) Field),8/30/26,Sun,11:00 AM,8813,West Geauga,,Nordonia,,Girls,2015(U12),5,70
West Geauga Commons (Junior (Side) Field),8/30/26,Sun,2:30 PM,11420,West Geauga,,Chagrin Falls,,Boys,2016(U11),4 East,70
West Geauga Commons (Junior (Side) Field),8/30/26,Sun,5:30 PM,11916,West Geauga,,Geauga Federation SC,,Boys,2015(U12),3 East,70
West Geauga Commons (Junior (Side) Field),9/8/26,Tue,6:30 PM,11414,West Geauga,,Streetsboro,,Boys,2016(U11),4 East,70
West Geauga Commons (Junior (Side) Field),9/13/26,Sun,11:30 AM,12320,West Geauga,,Hudson   HARR,,Boys,2015(U12),5 East,70
West Geauga Commons (Junior (Side) Field),9/13/26,Sun,1:00 PM,11919,West Geauga,,Solon United,,Boys,2015(U12),3 East,70
West Geauga Commons (Junior (Side) Field),9/13/26,Sun,2:30 PM,11424,West Geauga,,Willoughby,,Boys,2016(U11),4 East,70
West Geauga Commons (Junior (Side) Field),9/27/26,Sun,1:00 PM,12328,West Geauga,,Eastlake,,Boys,2015(U12),5 East,70
West Geauga Commons (Junior (Side) Field),9/27/26,Sun,2:30 PM,8826,West Geauga,,Amherst,,Girls,2015(U12),5,70
West Geauga Commons (Junior (Side) Field),10/6/26,Tue,6:00 PM,11901,West Geauga,,Chagrin Falls,,Boys,2015(U12),3 East,70
West Geauga Commons (Junior (Side) Field),10/11/26,Sun,4:00 PM,12329,West Geauga,,Willoughby,,Boys,2015(U12),5 East,70
West Geauga Commons (Junior (Side) Field),10/11/26,Sun,5:30 PM,8831,West Geauga,,Twinsburg   WHT,,Girls,2015(U12),5,70
West Geauga Commons (Junior (Side) Field),10/18/26,Sun,1:00 PM,12310,West Geauga,,Aurora,,Boys,2015(U12),5 East,70
West Geauga Commons (Junior (Side) Field),10/18/26,Sun,2:30 PM,11443,West Geauga,,Kent   GD,,Boys,2016(U11),4 East,70
West Geauga Commons (Upper (Front) Field),8/16/26,Sun,11:30 AM,9102,West Geauga,,Wickliffe,,Girls,2012(U14/15),4 East,70
West Geauga Commons (Upper (Front) Field),8/16/26,Sun,1:00 PM,12902,West Geauga,,Shaker Hts.   WHT,,Boys,2014(U13),5 East,70
West Geauga Commons (Upper (Front) Field),8/23/26,Sun,4:00 PM,9108,West Geauga,,Eastside Kickers,,Girls,2012(U14/15),4 East,70
West Geauga Commons (Upper (Front) Field),10/11/26,Sun,11:30 AM,9139,West Geauga,,Solon United,,Girls,2012(U14/15),4 East,70
West Geauga Commons (Upper (Front) Field),10/11/26,Sun,4:00 PM,12915,West Geauga,,Eastside Kickers,,Boys,2014(U13),5 East,70
Willowick Middle School (Willowick Middle 11v11),8/16/26,Sun,10:00 AM,13301,Wickliffe,,Shaker Hts.   B/R,,Boys,2012(U14/15),4 East,721
Willowick Middle School (Willowick Middle 11v11),8/23/26,Sun,2:30 PM,13305,Wickliffe,,Mentor,,Boys,2012(U14/15),4 East,721
Willowick Middle School (Willowick Middle 11v11),8/27/26,Thu,6:30 PM,12709,Wickliffe,,Hudson   HARR,,Boys,2014(U13),4 East,721
Willowick Middle School (Willowick Middle 11v11),8/30/26,Sun,2:30 PM,13316,Wickliffe,,Stow   Mar,,Boys,2012(U14/15),4 East,721
Willowick Middle School (Willowick Middle 11v11),8/30/26,Sun,4:00 PM,12711,Wickliffe,,Kenston   SLV,,Boys,2014(U13),4 East,721
Willowick Middle School (Willowick Middle 11v11),9/20/26,Sun,1:00 PM,12716,Wickliffe,,Mayfield   DW,,Boys,2014(U13),4 East,721
Willowick Middle School (Willowick Middle 11v11),10/17/26,Sat,1:00 PM,12706,Wickliffe,,Kent   BW,,Boys,2014(U13),4 East,721
Willowick Middle School (Willowick Middle 11v11),10/18/26,Sun,2:00 PM,13319,Wickliffe,,Aurora,,Boys,2012(U14/15),4 East,721
Woodridge Middle School (Woodridge Middle School 11v11),8/31/26,Mon,6:30 PM,13214,Cuyahoga Falls   JS,,Copley,,Boys,2012(U14/15),3 South,770
Woodridge Middle School (Woodridge Middle School 11v11),9/13/26,Sun,2:30 PM,9420,Cuyahoga Falls   EK,,Manchester,,Girls,2012(U14/15),5 South,770
Woodridge Middle School (Woodridge Middle School 11v11),9/20/26,Sun,2:30 PM,13223,Cuyahoga Falls   JS,,Ashland,,Boys,2012(U14/15),3 South,770
Woodridge Middle School (Woodridge Middle School 11v11),9/26/26,Sat,1:00 PM,9429,Cuyahoga Falls   EK,,Lake Select SC   U14,,Girls,2012(U14/15),5 South,770
Woodridge Middle School (Woodridge Middle School 11v11),9/27/26,Sun,1:00 PM,13225,Cuyahoga Falls   JS,,Revere,,Boys,2012(U14/15),3 South,770
Woodridge Middle School (Woodridge Middle School 11v11),9/27/26,Sun,2:30 PM,9428,Cuyahoga Falls   EK,,Mustangs Jr,,Girls,2012(U14/15),5 South,770
Woodridge Middle School (Woodridge Middle School 11v11),10/11/26,Sun,1:00 PM,13232,Cuyahoga Falls   JS,,Perry (Stark),,Boys,2012(U14/15),3 South,770
Woodridge Middle School (Woodridge Middle School 11v11),10/18/26,Sun,5:00 PM,9410,Cuyahoga Falls   EK,,PLX United,,Girls,2012(U14/15),5 South,770
